/*******************************************************************************
 * Size: 36 px
 * Bpp: 4
 * Opts: --bpp 4 --size 36 --font /var/folders/k9/2rsgtyws7ms3d1h9p5y3dx4m0000gn/T//tab5-fonts/inter/extras/ttf/Inter-SemiBold.ttf -r 0x20-0x7E,0xA0-0x17F,0x2010-0x2027,0x2032-0x2033,0x20AC,0x2122 --format lvgl --no-compress --force-fast-kern-format --lv-include lvgl.h -o /Users/dj/Projects/sonos-controller/firmware/main/fonts/font_title_36.c
 ******************************************************************************/

#ifdef LV_LVGL_H_INCLUDE_SIMPLE
#include "lvgl.h"
#else
#include "lvgl.h"
#endif

#ifndef FONT_TITLE_36
#define FONT_TITLE_36 1
#endif

#if FONT_TITLE_36

/*-----------------
 *    BITMAPS
 *----------------*/

/*Store the image of the glyphs*/
static LV_ATTRIBUTE_LARGE_CONST const uint8_t glyph_bitmap[] = {
    /* U+0020 " " */

    /* U+0021 "!" */
    0xb, 0xff, 0xff, 0x40, 0xbf, 0xff, 0xf3, 0xa,
    0xff, 0xff, 0x30, 0xaf, 0xff, 0xf3, 0xa, 0xff,
    0xff, 0x20, 0x9f, 0xff, 0xf2, 0x9, 0xff, 0xff,
    0x20, 0x9f, 0xff, 0xf1, 0x9, 0xff, 0xff, 0x10,
    0x8f, 0xff, 0xf1, 0x8, 0xff, 0xff, 0x10, 0x8f,
    0xff, 0xf0, 0x7, 0xff, 0xff, 0x0, 0x7f, 0xff,
    0xf0, 0x7, 0xff, 0xff, 0x0, 0x7f, 0xff, 0xf0,
    0x6, 0xff, 0xff, 0x0, 0x6f, 0xff, 0xd0, 0x0,
    0x0, 0x0, 0x0, 0x0, 0x0, 0x0, 0x0, 0x38,
    0x61, 0x0, 0x7f, 0xff, 0xe1, 0xf, 0xff, 0xff,
    0x80, 0xff, 0xff, 0xf9, 0xb, 0xff, 0xff, 0x40,
    0x1a, 0xfe, 0x60,

    /* U+0022 "\"" */
    0x5f, 0xff, 0xf1, 0x4, 0xff, 0xff, 0x35, 0xff,
    0xff, 0x0, 0x3f, 0xff, 0xf2, 0x4f, 0xff, 0xf0,
    0x2, 0xff, 0xff, 0x13, 0xff, 0xff, 0x0, 0x2f,
    0xff, 0xf1, 0x3f, 0xff, 0xe0, 0x1, 0xff, 0xff,
    0x2, 0xff, 0xfd, 0x0, 0xf, 0xff, 0xf0, 0x1f,
    0xff, 0xd0, 0x0, 0xff, 0xfe, 0x1, 0xff, 0xfc,
    0x0, 0xf, 0xff, 0xe0, 0xf, 0xff, 0xb0, 0x0,
    0xef, 0xfd, 0x0, 0xff, 0xfb, 0x0, 0xd, 0xff,
    0xc0, 0x9, 0xaa, 0x60, 0x0, 0x8a, 0xa7, 0x0,

    /* U+0023 "#" */
    0x0, 0x0, 0x0, 0xc, 0xff, 0xc0, 0x0, 0x0,
    0x8f, 0xff, 0x0, 0x0, 0x0, 0x0, 0x0, 0xef,
    0xfa, 0x0, 0x0, 0xb, 0xff, 0xd0, 0x0, 0x0,
    0x0, 0x0, 0x1f, 0xff, 0x70, 0x0, 0x0, 0xef,
    0xfa, 0x0, 0x0, 0x0, 0x0, 0x4, 0xff, 0xf4,
    0x0, 0x0, 0x1f, 0xff, 0x70, 0x0, 0x0, 0x0,
    0x0, 0x7f, 0xff, 0x10, 0x0, 0x4, 0xff, 0xf4,
    0x0, 0x0, 0x0, 0x0, 0xa, 0xff, 0xe0, 0x0,
    0x0, 0x7f, 0xff, 0x10, 0x0, 0x0, 0x8f, 0xff,
    0xff, 0xff, 0xff, 0xff, 0xff, 0xff, 0xff, 0xff,
    0x90, 0xa, 0xff, 0xff, 0xff, 0xff, 0xff, 0xff,
    0xff, 0xff, 0xff, 0xf7, 0x0, 0xdf, 0xff, 0xff,
    0xff, 0xff, 0xff, 0xff, 0xff, 0xff, 0xff, 0x40,
    0x8, 0x99, 0xbf, 0xff, 0xa9, 0x99, 0x9a, 0xff,
    0xfb, 0x99, 0x91, 0x0, 0x0, 0x7, 0xff, 0xf1,
    0x0, 0x0, 0x4f, 0xff, 0x40, 0x0, 0x0, 0x0,
    0x0, 0xaf, 0xfe, 0x0, 0x0, 0x7, 0xff, 0xf1,
    0x0, 0x0, 0x0, 0x0, 0xc, 0xff, 0xc0, 0x0,
    0x0, 0x9f, 0xff, 0x0, 0x0, 0x0, 0x0, 0x0,
    0xff, 0xf9, 0x0, 0x0, 0xc, 0xff, 0xc0, 0x0,
    0x0, 0x0, 0x0, 0x1f, 0xff, 0x70, 0x0, 0x0,
    0xef, 0xfa, 0x0, 0x0, 0x0, 0x89, 0x9a, 0xff,
    0xfb, 0x99, 0x99, 0x9f, 0xff, 0xc9, 0x99, 0x10,
    0x1f, 0xff, 0xff, 0xff, 0xff, 0xff, 0xff, 0xff,
    0xff, 0xff, 0xf0, 0x4, 0xff, 0xff, 0xff, 0xff,
    0xff, 0xff, 0xff, 0xff, 0xff, 0xfd, 0x0, 0x7f,
    0xff, 0xff, 0xff, 0xff, 0xff, 0xff, 0xff, 0xff,
    0xff, 0xb0, 0x0, 0x0, 0xe, 0xff, 0xa0, 0x0,
    0x0, 0xbf, 0xfd, 0x0, 0x0, 0x0, 0x0, 0x1,
    0xff, 0xf7, 0x0, 0x0, 0xe, 0xff, 0xa0, 0x0,
    0x0, 0x0, 0x0, 0x3f, 0xff, 0x50, 0x0, 0x0,
    0xff, 0xf8, 0x0, 0x0, 0x0, 0x0, 0x6, 0xff,
    0xf2, 0x0, 0x0, 0x3f, 0xff, 0x50, 0x0, 0x0,
    0x0, 0x0, 0x8f, 0xff, 0x0, 0x0, 0x5, 0xff,
    0xf3, 0x0, 0x0, 0x0, 0x0, 0xb, 0xff, 0xd0,
    0x0, 0x0, 0x8f, 0xff, 0x0, 0x0, 0x0, 0x0,
    0x0, 0xdf, 0xfb, 0x0, 0x0, 0xa, 0xff, 0xe0,
    0x0, 0x0, 0x0,

    /* U+0024 "$" */
    0x0, 0x0, 0x0, 0x0, 0x3, 0xfe, 0x0, 0x0,
    0x0, 0x0, 0x0, 0x0, 0x0, 0x0, 0x0, 0x3f,
    0xe0, 0x0, 0x0, 0x0, 0x0, 0x0, 0x0, 0x0,
    0x0, 0x3, 0xfe, 0x0, 0x0, 0x0, 0x0, 0x0,
    0x0, 0x0, 0x0, 0x0, 0x4f, 0xe0, 0x0, 0x0,
    0x0, 0x0, 0x0, 0x0, 0x0, 0x4a, 0xdf, 0xff,
    0xed, 0xa4, 0x0, 0x0, 0x0, 0x0, 0x4, 0xdf,
    0xff, 0xff, 0xff, 0xff, 0xfd, 0x30, 0x0, 0x0,
    0x7, 0xff, 0xff, 0xff, 0xff, 0xff, 0xff, 0xff,
    0x50, 0x0, 0x5, 0xff, 0xff, 0xff, 0xff, 0xff,
    0xff, 0xff, 0xff, 0x30, 0x0, 0xef, 0xff, 0xfb,
    0x33, 0xfe, 0x4, 0xdf, 0xff, 0xfc, 0x0, 0x5f,
    0xff, 0xfb, 0x0, 0x3f, 0xe0, 0x0, 0xdf, 0xff,
    0xf1, 0x8, 0xff, 0xff, 0x40, 0x3, 0xfe, 0x0,
    0x5, 0xff, 0xff, 0x50, 0x9f, 0xff, 0xf2, 0x0,
    0x3f, 0xe0, 0x0, 0x3, 0x33, 0x31, 0x8, 0xff,
    0xff, 0x80, 0x3, 0xfe, 0x0, 0x0, 0x0, 0x0,
    0x0, 0x4f, 0xff, 0xff, 0x91, 0x3f, 0xe0, 0x0,
    0x0, 0x0, 0x0, 0x0, 0xcf, 0xff, 0xff, 0xfc,
    0xfe, 0x0, 0x0, 0x0, 0x0, 0x0, 0x2, 0xef,
    0xff, 0xff, 0xff, 0xfd, 0x94, 0x0, 0x0, 0x0,
    0x0, 0x1, 0xbf, 0xff, 0xff, 0xff, 0xff, 0xfe,
    0x80, 0x0, 0x0, 0x0, 0x0, 0x4a, 0xff, 0xff,
    0xff, 0xff, 0xff, 0xe3, 0x0, 0x0, 0x0, 0x0,
    0x0, 0x5a, 0xff, 0xff, 0xff, 0xff, 0xf3, 0x0,
    0x0, 0x0, 0x0, 0x0, 0x3f, 0xe6, 0xbf, 0xff,
    0xff, 0xe0, 0x0, 0x0, 0x0, 0x0, 0x3, 0xfe,
    0x0, 0x3d, 0xff, 0xff, 0x60, 0x0, 0x0, 0x0,
    0x0, 0x3f, 0xe0, 0x0, 0x3f, 0xff, 0xfa, 0x3c,
    0xcc, 0xc4, 0x0, 0x3, 0xfe, 0x0, 0x0, 0xff,
    0xff, 0xb2, 0xff, 0xff, 0x90, 0x0, 0x3f, 0xe0,
    0x0, 0x1f, 0xff, 0xfa, 0xe, 0xff, 0xff, 0x30,
    0x3, 0xfe, 0x0, 0xa, 0xff, 0xff, 0x70, 0x9f,
    0xff, 0xff, 0x81, 0x3f, 0xe0, 0x4c, 0xff, 0xff,
    0xf2, 0x1, 0xef, 0xff, 0xff, 0xfe, 0xff, 0xff,
    0xff, 0xff, 0xf9, 0x0, 0x3, 0xff, 0xff, 0xff,
    0xff, 0xff, 0xff, 0xff, 0xfc, 0x0, 0x0, 0x2,
    0xcf, 0xff, 0xff, 0xff, 0xff, 0xff, 0xf9, 0x0,
    0x0, 0x0, 0x0, 0x39, 0xce, 0xff, 0xff, 0xeb,
    0x71, 0x0, 0x0, 0x0, 0x0, 0x0, 0x0, 0x3,
    0xfe, 0x0, 0x0, 0x0, 0x0, 0x0, 0x0, 0x0,
    0x0, 0x0, 0x3f, 0xe0, 0x0, 0x0, 0x0, 0x0,
    0x0, 0x0, 0x0, 0x0, 0x3, 0xfe, 0x0, 0x0,
    0x0, 0x0, 0x0, 0x0, 0x0, 0x0, 0x0, 0x29,
    0x80, 0x0, 0x0, 0x0, 0x0,

    /* U+0025 "%" */
    0x0, 0x7, 0xdf, 0xfd, 0x81, 0x0, 0x0, 0x0,
    0x0, 0x0, 0x1, 0xff, 0xf5, 0x0, 0x0, 0x2,
    0xef, 0xff, 0xff, 0xfe, 0x30, 0x0, 0x0, 0x0,
    0x0, 0xc, 0xff, 0xa0, 0x0, 0x0, 0xd, 0xff,
    0xff, 0xff, 0xff, 0xe0, 0x0, 0x0, 0x0, 0x0,
    0x7f, 0xfe, 0x10, 0x0, 0x0, 0x4f, 0xff, 0x80,
    0x6, 0xff, 0xf5, 0x0, 0x0, 0x0, 0x2, 0xff,
    0xf4, 0x0, 0x0, 0x0, 0x6f, 0xff, 0x0, 0x0,
    0xdf, 0xf8, 0x0, 0x0, 0x0, 0xc, 0xff, 0x90,
    0x0, 0x0, 0x0, 0x7f, 0xfe, 0x0, 0x0, 0xcf,
    0xf9, 0x0, 0x0, 0x0, 0x8f, 0xfd, 0x0, 0x0,
    0x0, 0x0, 0x6f, 0xff, 0x0, 0x0, 0xdf, 0xf8,
    0x0, 0x0, 0x3, 0xff, 0xf3, 0x0, 0x0, 0x0,
    0x0, 0x4f, 0xff, 0x80, 0x6, 0xff, 0xf5, 0x0,
    0x0, 0xd, 0xff, 0x80, 0x0, 0x0, 0x0, 0x0,
    0xd, 0xff, 0xff, 0xff, 0xff, 0xe0, 0x0, 0x0,
    0x9f, 0xfc, 0x0, 0x0, 0x0, 0x0, 0x0, 0x2,
    0xef, 0xff, 0xff, 0xfe, 0x30, 0x0, 0x4, 0xff,
    0xf2, 0x0, 0x0, 0x0, 0x0, 0x0, 0x0, 0x18,
    0xdf, 0xfd, 0x81, 0x0, 0x0, 0x1e, 0xff, 0x60,
    0x0, 0x0, 0x0, 0x0, 0x0, 0x0, 0x0, 0x0,
    0x0, 0x0, 0x0, 0x0, 0xaf, 0xfb, 0x0, 0x0,
    0x0, 0x0, 0x0, 0x0, 0x0, 0x0, 0x0, 0x0,
    0x0, 0x0, 0x6, 0xff, 0xe1, 0x0, 0x0, 0x0,
    0x0, 0x0, 0x0, 0x0, 0x0, 0x0, 0x0, 0x0,
    0x0, 0x1f, 0xff, 0x50, 0x0, 0x4, 0xad, 0xdb,
    0x60, 0x0, 0x0, 0x0, 0x0, 0x0, 0x0, 0x0,
    0xcf, 0xfa, 0x0, 0x0, 0x9f, 0xff, 0xff, 0xfc,
    0x10, 0x0, 0x0, 0x0, 0x0, 0x0, 0x7, 0xff,
    0xe1, 0x0, 0x7, 0xff, 0xff, 0xff, 0xff, 0xa0,
    0x0, 0x0, 0x0, 0x0, 0x0, 0x2f, 0xff, 0x40,
    0x0, 0xe, 0xff, 0xc2, 0x19, 0xff, 0xf2, 0x0,
    0x0, 0x0, 0x0, 0x0, 0xcf, 0xf9, 0x0, 0x0,
    0x3f, 0xff, 0x20, 0x0, 0xef, 0xf7, 0x0, 0x0,
    0x0, 0x0, 0x8, 0xff, 0xd0, 0x0, 0x0, 0x5f,
    0xff, 0x0, 0x0, 0xcf, 0xf9, 0x0, 0x0, 0x0,
    0x0, 0x3f, 0xff, 0x30, 0x0, 0x0, 0x6f, 0xfe,
    0x0, 0x0, 0xbf, 0xfa, 0x0, 0x0, 0x0, 0x0,
    0xdf, 0xf8, 0x0, 0x0, 0x0, 0x6f, 0xff, 0x0,
    0x0, 0xcf, 0xf9, 0x0, 0x0, 0x0, 0x9, 0xff,
    0xc0, 0x0, 0x0, 0x0, 0x4f, 0xff, 0x20, 0x0,
    0xef, 0xf7, 0x0, 0x0, 0x0, 0x4f, 0xff, 0x20,
    0x0, 0x0, 0x0, 0xf, 0xff, 0xb1, 0x8, 0xff,
    0xf3, 0x0, 0x0, 0x1, 0xef, 0xf6, 0x0, 0x0,
    0x0, 0x0, 0x8, 0xff, 0xff, 0xff, 0xff, 0xb0,
    0x0, 0x0, 0xa, 0xff, 0xb0, 0x0, 0x0, 0x0,
    0x0, 0x0, 0xbf, 0xff, 0xff, 0xfd, 0x10, 0x0,
    0x0, 0x5f, 0xfe, 0x10, 0x0, 0x0, 0x0, 0x0,
    0x0, 0x6, 0xce, 0xfd, 0x70, 0x0,

    /* U+0026 "&" */
    0x0, 0x0, 0x0, 0x5b, 0xef, 0xec, 0x71, 0x0,
    0x0, 0x0, 0x0, 0x0, 0x0, 0x2, 0xcf, 0xff,
    0xff, 0xff, 0xe4, 0x0, 0x0, 0x0, 0x0, 0x0,
    0x1, 0xdf, 0xff, 0xff, 0xff, 0xff, 0xf3, 0x0,
    0x0, 0x0, 0x0, 0x0, 0x9f, 0xff, 0xff, 0xce,
    0xff, 0xff, 0xc0, 0x0, 0x0, 0x0, 0x0, 0xf,
    0xff, 0xfb, 0x10, 0x6, 0xff, 0xff, 0x10, 0x0,
    0x0, 0x0, 0x1, 0xff, 0xff, 0x10, 0x0, 0xc,
    0xff, 0xf4, 0x0, 0x0, 0x0, 0x0, 0x2f, 0xff,
    0xe0, 0x0, 0x0, 0xaf, 0xff, 0x30, 0x0, 0x0,
    0x0, 0x0, 0xff, 0xff, 0x10, 0x0, 0x1e, 0xff,
    0xf0, 0x0, 0x0, 0x0, 0x0, 0xc, 0xff, 0xf7,
    0x0, 0xc, 0xff, 0xf8, 0x0, 0x0, 0x0, 0x0,
    0x0, 0x4f, 0xff, 0xf2, 0x2d, 0xff, 0xfd, 0x0,
    0x0, 0x0, 0x0, 0x0, 0x0, 0xbf, 0xff, 0xef,
    0xff, 0xfd, 0x10, 0x0, 0x0, 0x0, 0x0, 0x0,
    0x1, 0xef, 0xff, 0xff, 0xfa, 0x0, 0x0, 0x0,
    0x0, 0x0, 0x0, 0x0, 0x3d, 0xff, 0xff, 0xf7,
    0x0, 0x0, 0x0, 0x0, 0x0, 0x0, 0x0, 0x6f,
    0xff, 0xff, 0xff, 0xd1, 0x0, 0x0, 0x55, 0x55,
    0x0, 0x0, 0x7f, 0xff, 0xff, 0xff, 0xff, 0xc0,
    0x0, 0xf, 0xff, 0xf0, 0x0, 0x5f, 0xff, 0xfe,
    0x37, 0xff, 0xff, 0xa0, 0x2, 0xff, 0xfe, 0x0,
    0xe, 0xff, 0xfe, 0x10, 0x8, 0xff, 0xff, 0x90,
    0x7f, 0xff, 0xb0, 0x3, 0xff, 0xff, 0x50, 0x0,
    0xa, 0xff, 0xff, 0x7d, 0xff, 0xf7, 0x0, 0x6f,
    0xff, 0xf1, 0x0, 0x0, 0xb, 0xff, 0xff, 0xff,
    0xff, 0x20, 0x6, 0xff, 0xff, 0x20, 0x0, 0x0,
    0xc, 0xff, 0xff, 0xff, 0xb0, 0x0, 0x3f, 0xff,
    0xf9, 0x0, 0x0, 0x0, 0x1d, 0xff, 0xff, 0xf2,
    0x0, 0x0, 0xef, 0xff, 0xf9, 0x10, 0x0, 0x29,
    0xff, 0xff, 0xfe, 0x10, 0x0, 0x6, 0xff, 0xff,
    0xff, 0xdc, 0xef, 0xff, 0xff, 0xff, 0xfc, 0x0,
    0x0, 0x8, 0xff, 0xff, 0xff, 0xff, 0xff, 0xff,
    0xff, 0xff, 0xf9, 0x0, 0x0, 0x5, 0xef, 0xff,
    0xff, 0xff, 0xff, 0xc2, 0x9f, 0xff, 0xf6, 0x0,
    0x0, 0x1, 0x6b, 0xdf, 0xfe, 0xc8, 0x20, 0x0,
    0xcf, 0xff, 0xf3,

    /* U+0027 "'" */
    0x5f, 0xff, 0xf1, 0x5f, 0xff, 0xf0, 0x4f, 0xff,
    0xf0, 0x3f, 0xff, 0xf0, 0x3f, 0xff, 0xe0, 0x2f,
    0xff, 0xd0, 0x1f, 0xff, 0xd0, 0x1f, 0xff, 0xc0,
    0xf, 0xff, 0xb0, 0xf, 0xff, 0xb0, 0x9, 0xaa,
    0x60,

    /* U+0028 "(" */
    0x0, 0x0, 0x5d, 0xdd, 0xb0, 0x0, 0x0, 0xef,
    0xff, 0x80, 0x0, 0x6, 0xff, 0xff, 0x10, 0x0,
    0xd, 0xff, 0xfa, 0x0, 0x0, 0x4f, 0xff, 0xf5,
    0x0, 0x0, 0xaf, 0xff, 0xf0, 0x0, 0x0, 0xef,
    0xff, 0xa0, 0x0, 0x3, 0xff, 0xff, 0x60, 0x0,
    0x8, 0xff, 0xff, 0x10, 0x0, 0xc, 0xff, 0xfe,
    0x0, 0x0, 0xf, 0xff, 0xfa, 0x0, 0x0, 0x2f,
    0xff, 0xf7, 0x0, 0x0, 0x5f, 0xff, 0xf5, 0x0,
    0x0, 0x7f, 0xff, 0xf2, 0x0, 0x0, 0x9f, 0xff,
    0xf0, 0x0, 0x0, 0xaf, 0xff, 0xf0, 0x0, 0x0,
    0xbf, 0xff, 0xf0, 0x0, 0x0, 0xbf, 0xff, 0xe0,
    0x0, 0x0, 0xbf, 0xff, 0xf0, 0x0, 0x0, 0xaf,
    0xff, 0xf0, 0x0, 0x0, 0x8f, 0xff, 0xf1, 0x0,
    0x0, 0x6f, 0xff, 0xf4, 0x0, 0x0, 0x3f, 0xff,
    0xf6, 0x0, 0x0, 0xf, 0xff, 0xfa, 0x0, 0x0,
    0xc, 0xff, 0xfe, 0x0, 0x0, 0x8, 0xff, 0xff,
    0x30, 0x0, 0x3, 0xff, 0xff, 0x80, 0x0, 0x0,
    0xdf, 0xff, 0xd0, 0x0, 0x0, 0x7f, 0xff, 0xf3,
    0x0, 0x0, 0x1f, 0xff, 0xf9, 0x0, 0x0, 0x8,
    0xff, 0xff, 0x0, 0x0, 0x1, 0xff, 0xff, 0x60,
    0x0, 0x0, 0x7f, 0xff, 0xd0,

    /* U+0029 ")" */
    0x6d, 0xdd, 0xb0, 0x0, 0x0, 0x1f, 0xff, 0xf5,
    0x0, 0x0, 0xa, 0xff, 0xfd, 0x0, 0x0, 0x4,
    0xff, 0xff, 0x40, 0x0, 0x0, 0xef, 0xff, 0xb0,
    0x0, 0x0, 0x8f, 0xff, 0xf1, 0x0, 0x0, 0x4f,
    0xff, 0xf5, 0x0, 0x0, 0xf, 0xff, 0xfa, 0x0,
    0x0, 0xb, 0xff, 0xff, 0x0, 0x0, 0x7, 0xff,
    0xff, 0x20, 0x0, 0x4, 0xff, 0xff, 0x60, 0x0,
    0x0, 0xff, 0xff, 0x90, 0x0, 0x0, 0xef, 0xff,
    0xb0, 0x0, 0x0, 0xcf, 0xff, 0xe0, 0x0, 0x0,
    0xaf, 0xff, 0xf0, 0x0, 0x0, 0x9f, 0xff, 0xf1,
    0x0, 0x0, 0x8f, 0xff, 0xf1, 0x0, 0x0, 0x7f,
    0xff, 0xf2, 0x0, 0x0, 0x8f, 0xff, 0xf1, 0x0,
    0x0, 0x9f, 0xff, 0xf0, 0x0, 0x0, 0xbf, 0xff,
    0xf0, 0x0, 0x0, 0xdf, 0xff, 0xd0, 0x0, 0x0,
    0xff, 0xff, 0xa0, 0x0, 0x4, 0xff, 0xff, 0x70,
    0x0, 0x7, 0xff, 0xff, 0x30, 0x0, 0xc, 0xff,
    0xfe, 0x0, 0x0, 0x1f, 0xff, 0xf9, 0x0, 0x0,
    0x6f, 0xff, 0xf4, 0x0, 0x0, 0xcf, 0xff, 0xd0,
    0x0, 0x2, 0xff, 0xff, 0x70, 0x0, 0x9, 0xff,
    0xfe, 0x0, 0x0, 0xf, 0xff, 0xf7, 0x0, 0x0,
    0x6f, 0xff, 0xd0, 0x0, 0x0,

    /* U+002A "*" */
    0x0, 0x0, 0x0, 0xdf, 0xf3, 0x0, 0x0, 0x0,
    0x0, 0x0, 0xc, 0xff, 0x20, 0x0, 0x0, 0x1,
    0x60, 0x0, 0xbf, 0xf1, 0x0, 0x24, 0x0, 0x8f,
    0xb2, 0xa, 0xff, 0x0, 0x7f, 0xe1, 0x2f, 0xff,
    0xf6, 0x9f, 0xf2, 0xcf, 0xff, 0x81, 0x8f, 0xff,
    0xff, 0xff, 0xff, 0xff, 0xc4, 0x0, 0x19, 0xff,
    0xff, 0xff, 0xfc, 0x40, 0x0, 0x0, 0x5, 0xff,
    0xff, 0xfb, 0x0, 0x0, 0x0, 0x3b, 0xff, 0xff,
    0xff, 0xfe, 0x70, 0x2, 0xbf, 0xff, 0xfe, 0xff,
    0xef, 0xff, 0xe6, 0x1f, 0xff, 0xd3, 0x9f, 0xf1,
    0x9f, 0xff, 0x70, 0x7f, 0x80, 0xa, 0xff, 0x10,
    0x4d, 0xd0, 0x0, 0x30, 0x0, 0xbf, 0xf2, 0x0,
    0x2, 0x0, 0x0, 0x0, 0xc, 0xff, 0x20, 0x0,
    0x0, 0x0, 0x0, 0x0, 0xac, 0xc2, 0x0, 0x0,
    0x0,

    /* U+002B "+" */
    0x0, 0x0, 0x0, 0xe, 0xff, 0xf1, 0x0, 0x0,
    0x0, 0x0, 0x0, 0x0, 0xe, 0xff, 0xf1, 0x0,
    0x0, 0x0, 0x0, 0x0, 0x0, 0xe, 0xff, 0xf1,
    0x0, 0x0, 0x0, 0x0, 0x0, 0x0, 0xe, 0xff,
    0xf1, 0x0, 0x0, 0x0, 0x0, 0x0, 0x0, 0xe,
    0xff, 0xf1, 0x0, 0x0, 0x0, 0x0, 0x0, 0x0,
    0xe, 0xff, 0xf1, 0x0, 0x0, 0x0, 0x0, 0x0,
    0x0, 0xe, 0xff, 0xf1, 0x0, 0x0, 0x0, 0xbf,
    0xff, 0xff, 0xff, 0xff, 0xff, 0xff, 0xff, 0xff,
    0xbf, 0xff, 0xff, 0xff, 0xff, 0xff, 0xff, 0xff,
    0xff, 0xbf, 0xff, 0xff, 0xff, 0xff, 0xff, 0xff,
    0xff, 0xff, 0x8c, 0xcc, 0xcc, 0xcf, 0xff, 0xfc,
    0xcc, 0xcc, 0xcb, 0x0, 0x0, 0x0, 0xe, 0xff,
    0xf1, 0x0, 0x0, 0x0, 0x0, 0x0, 0x0, 0xe,
    0xff, 0xf1, 0x0, 0x0, 0x0, 0x0, 0x0, 0x0,
    0xe, 0xff, 0xf1, 0x0, 0x0, 0x0, 0x0, 0x0,
    0x0, 0xe, 0xff, 0xf1, 0x0, 0x0, 0x0, 0x0,
    0x0, 0x0, 0xe, 0xff, 0xf1, 0x0, 0x0, 0x0,
    0x0, 0x0, 0x0, 0xe, 0xff, 0xf1, 0x0, 0x0,
    0x0, 0x0, 0x0, 0x0, 0xa, 0xcc, 0xc1, 0x0,
    0x0, 0x0,

    /* U+002C "," */
    0x3, 0xaa, 0xaa, 0x30, 0x7f, 0xff, 0xf1, 0x9,
    0xff, 0xfc, 0x0, 0xcf, 0xff, 0x80, 0xe, 0xff,
    0xf3, 0x0, 0xff, 0xfe, 0x0, 0x3f, 0xff, 0xa0,
    0x5, 0xff, 0xf5, 0x0, 0x7f, 0xff, 0x10, 0xa,
    0xff, 0xc0, 0x0, 0xcf, 0xf8, 0x0, 0x0,

    /* U+002D "-" */
    0x6c, 0xcc, 0xcc, 0xcc, 0xcc, 0xcc, 0x38, 0xff,
    0xff, 0xff, 0xff, 0xff, 0xf4, 0x8f, 0xff, 0xff,
    0xff, 0xff, 0xff, 0x48, 0xff, 0xff, 0xff, 0xff,
    0xff, 0xf4,

    /* U+002E "." */
    0x0, 0x49, 0x71, 0x0, 0x7f, 0xff, 0xd0, 0xf,
    0xff, 0xff, 0x60, 0xff, 0xff, 0xf7, 0xb, 0xff,
    0xff, 0x30, 0x1a, 0xfd, 0x50,

    /* U+002F "/" */
    0x0, 0x0, 0x0, 0x0, 0x7, 0x88, 0x70, 0x0,
    0x0, 0x0, 0x0, 0x3f, 0xff, 0xc0, 0x0, 0x0,
    0x0, 0x0, 0x8f, 0xff, 0x80, 0x0, 0x0, 0x0,
    0x0, 0xcf, 0xff, 0x30, 0x0, 0x0, 0x0, 0x0,
    0xff, 0xff, 0x0, 0x0, 0x0, 0x0, 0x4, 0xff,
    0xfb, 0x0, 0x0, 0x0, 0x0, 0x9, 0xff, 0xf7,
    0x0, 0x0, 0x0, 0x0, 0xd, 0xff, 0xf2, 0x0,
    0x0, 0x0, 0x0, 0x1f, 0xff, 0xe0, 0x0, 0x0,
    0x0, 0x0, 0x6f, 0xff, 0xa0, 0x0, 0x0, 0x0,
    0x0, 0xaf, 0xff, 0x50, 0x0, 0x0, 0x0, 0x0,
    0xef, 0xff, 0x10, 0x0, 0x0, 0x0, 0x2, 0xff,
    0xfd, 0x0, 0x0, 0x0, 0x0, 0x7, 0xff, 0xf9,
    0x0, 0x0, 0x0, 0x0, 0xb, 0xff, 0xf4, 0x0,
    0x0, 0x0, 0x0, 0xf, 0xff, 0xf0, 0x0, 0x0,
    0x0, 0x0, 0x4f, 0xff, 0xc0, 0x0, 0x0, 0x0,
    0x0, 0x8f, 0xff, 0x70, 0x0, 0x0, 0x0, 0x0,
    0xcf, 0xff, 0x30, 0x0, 0x0, 0x0, 0x1, 0xff,
    0xff, 0x0, 0x0, 0x0, 0x0, 0x5, 0xff, 0xfb,
    0x0, 0x0, 0x0, 0x0, 0x9, 0xff, 0xf6, 0x0,
    0x0, 0x0, 0x0, 0xd, 0xff, 0xf2, 0x0, 0x0,
    0x0, 0x0, 0x2f, 0xff, 0xe0, 0x0, 0x0, 0x0,
    0x0, 0x6f, 0xff, 0x90, 0x0, 0x0, 0x0, 0x0,
    0xaf, 0xff, 0x50, 0x0, 0x0, 0x0, 0x0, 0xef,
    0xff, 0x10, 0x0, 0x0, 0x0, 0x3, 0xff, 0xfd,
    0x0, 0x0, 0x0, 0x0, 0x7, 0xff, 0xf8, 0x0,
    0x0, 0x0, 0x0, 0xb, 0xff, 0xf4, 0x0, 0x0,
    0x0, 0x0, 0xf, 0xff, 0xf0, 0x0, 0x0, 0x0,
    0x0, 0x4f, 0xff, 0xb0, 0x0, 0x0, 0x0, 0x0,

    /* U+0030 "0" */
    0x0, 0x0, 0x0, 0x16, 0xbd, 0xff, 0xda, 0x50,
    0x0, 0x0, 0x0, 0x0, 0x0, 0x6f, 0xff, 0xff,
    0xff, 0xff, 0xd4, 0x0, 0x0, 0x0, 0x0, 0x9f,
    0xff, 0xff, 0xff, 0xff, 0xff, 0xf6, 0x0, 0x0,
    0x0, 0x8f, 0xff, 0xff, 0xff, 0xff, 0xff, 0xff,
    0xf4, 0x0, 0x0, 0x3f, 0xff, 0xff, 0xa2, 0x0,
    0x4c, 0xff, 0xff, 0xe0, 0x0, 0xb, 0xff, 0xff,
    0x80, 0x0, 0x0, 0xc, 0xff, 0xff, 0x70, 0x2,
    0xff, 0xff, 0xd0, 0x0, 0x0, 0x0, 0x1f, 0xff,
    0xfd, 0x0, 0x7f, 0xff, 0xf6, 0x0, 0x0, 0x0,
    0x0, 0xaf, 0xff, 0xf3, 0xb, 0xff, 0xff, 0x10,
    0x0, 0x0, 0x0, 0x5, 0xff, 0xff, 0x70, 0xef,
    0xff, 0xd0, 0x0, 0x0, 0x0, 0x0, 0x1f, 0xff,
    0xfa, 0xf, 0xff, 0xfb, 0x0, 0x0, 0x0, 0x0,
    0x0, 0xff, 0xff, 0xc1, 0xff, 0xff, 0x90, 0x0,
    0x0, 0x0, 0x0, 0xd, 0xff, 0xfd, 0x2f, 0xff,
    0xf9, 0x0, 0x0, 0x0, 0x0, 0x0, 0xdf, 0xff,
    0xe2, 0xff, 0xff, 0x90, 0x0, 0x0, 0x0, 0x0,
    0xd, 0xff, 0xfe, 0x1f, 0xff, 0xf9, 0x0, 0x0,
    0x0, 0x0, 0x0, 0xdf, 0xff, 0xd0, 0xff, 0xff,
    0xb0, 0x0, 0x0, 0x0, 0x0, 0xf, 0xff, 0xfc,
    0xe, 0xff, 0xfd, 0x0, 0x0, 0x0, 0x0, 0x1,
    0xff, 0xff, 0xa0, 0xbf, 0xff, 0xf1, 0x0, 0x0,
    0x0, 0x0, 0x5f, 0xff, 0xf7, 0x8, 0xff, 0xff,
    0x60, 0x0, 0x0, 0x0, 0xa, 0xff, 0xff, 0x30,
    0x2f, 0xff, 0xfd, 0x0, 0x0, 0x0, 0x1, 0xff,
    0xff, 0xe0, 0x0, 0xcf, 0xff, 0xf8, 0x0, 0x0,
    0x0, 0xcf, 0xff, 0xf8, 0x0, 0x3, 0xff, 0xff,
    0xfa, 0x30, 0x4, 0xcf, 0xff, 0xfe, 0x0, 0x0,
    0x9, 0xff, 0xff, 0xff, 0xff, 0xff, 0xff, 0xff,
    0x50, 0x0, 0x0, 0xa, 0xff, 0xff, 0xff, 0xff,
    0xff, 0xff, 0x60, 0x0, 0x0, 0x0, 0x7, 0xff,
    0xff, 0xff, 0xff, 0xfd, 0x40, 0x0, 0x0, 0x0,
    0x0, 0x1, 0x6b, 0xdf, 0xfd, 0xa5, 0x0, 0x0,
    0x0,

    /* U+0031 "1" */
    0x0, 0x0, 0x5, 0xff, 0xff, 0xf9, 0x0, 0x0,
    0xaf, 0xff, 0xff, 0xf9, 0x0, 0x3e, 0xff, 0xff,
    0xff, 0xf9, 0x8, 0xff, 0xff, 0xff, 0xff, 0xf9,
    0x5f, 0xff, 0xff, 0x6f, 0xff, 0xf9, 0x5f, 0xff,
    0xc1, 0xf, 0xff, 0xf9, 0x5f, 0xf7, 0x0, 0xf,
    0xff, 0xf9, 0x5d, 0x30, 0x0, 0xf, 0xff, 0xf9,
    0x20, 0x0, 0x0, 0xf, 0xff, 0xf9, 0x0, 0x0,
    0x0, 0xf, 0xff, 0xf9, 0x0, 0x0, 0x0, 0xf,
    0xff, 0xf9, 0x0, 0x0, 0x0, 0xf, 0xff, 0xf9,
    0x0, 0x0, 0x0, 0xf, 0xff, 0xf9, 0x0, 0x0,
    0x0, 0xf, 0xff, 0xf9, 0x0, 0x0, 0x0, 0xf,
    0xff, 0xf9, 0x0, 0x0, 0x0, 0xf, 0xff, 0xf9,
    0x0, 0x0, 0x0, 0xf, 0xff, 0xf9, 0x0, 0x0,
    0x0, 0xf, 0xff, 0xf9, 0x0, 0x0, 0x0, 0xf,
    0xff, 0xf9, 0x0, 0x0, 0x0, 0xf, 0xff, 0xf9,
    0x0, 0x0, 0x0, 0xf, 0xff, 0xf9, 0x0, 0x0,
    0x0, 0xf, 0xff, 0xf9, 0x0, 0x0, 0x0, 0xf,
    0xff, 0xf9, 0x0, 0x0, 0x0, 0xf, 0xff, 0xf9,
    0x0, 0x0, 0x0, 0xf, 0xff, 0xf9, 0x0, 0x0,
    0x0, 0xf, 0xff, 0xf9,

    /* U+0032 "2" */
    0x0, 0x0, 0x5, 0xad, 0xff, 0xdb, 0x61, 0x0,
    0x0, 0x0, 0x0, 0x5e, 0xff, 0xff, 0xff, 0xff,
    0xf7, 0x0, 0x0, 0x0, 0x8f, 0xff, 0xff, 0xff,
    0xff, 0xff, 0xfc, 0x0, 0x0, 0x6f, 0xff, 0xff,
    0xfe, 0xef, 0xff, 0xff, 0xfa, 0x0, 0x1f, 0xff,
    0xff, 0x81, 0x0, 0x18, 0xff, 0xff, 0xf3, 0x6,
    0xff, 0xff, 0x70, 0x0, 0x0, 0x5, 0xff, 0xff,
    0x90, 0xaf, 0xff, 0xe0, 0x0, 0x0, 0x0, 0xd,
    0xff, 0xfc, 0xb, 0xff, 0xfb, 0x0, 0x0, 0x0,
    0x0, 0xaf, 0xff, 0xd0, 0x1, 0x11, 0x0, 0x0,
    0x0, 0x0, 0xc, 0xff, 0xfc, 0x0, 0x0, 0x0,
    0x0, 0x0, 0x0, 0x1, 0xff, 0xff, 0x80, 0x0,
    0x0, 0x0, 0x0, 0x0, 0x0, 0x8f, 0xff, 0xf2,
    0x0, 0x0, 0x0, 0x0, 0x0, 0x0, 0x5f, 0xff,
    0xfa, 0x0, 0x0, 0x0, 0x0, 0x0, 0x0, 0x3f,
    0xff, 0xfe, 0x10, 0x0, 0x0, 0x0, 0x0, 0x0,
    0x3f, 0xff, 0xff, 0x30, 0x0, 0x0, 0x0, 0x0,
    0x0, 0x3e, 0xff, 0xff, 0x50, 0x0, 0x0, 0x0,
    0x0, 0x0, 0x3f, 0xff, 0xff, 0x60, 0x0, 0x0,
    0x0, 0x0, 0x0, 0x4f, 0xff, 0xff, 0x60, 0x0,
    0x0, 0x0, 0x0, 0x0, 0x5f, 0xff, 0xff, 0x50,
    0x0, 0x0, 0x0, 0x0, 0x0, 0x5f, 0xff, 0xff,
    0x50, 0x0, 0x0, 0x0, 0x0, 0x0, 0x6f, 0xff,
    0xff, 0x50, 0x0, 0x0, 0x0, 0x0, 0x0, 0x6f,
    0xff, 0xff, 0x50, 0x0, 0x0, 0x0, 0x0, 0x0,
    0x7f, 0xff, 0xff, 0x50, 0x0, 0x0, 0x0, 0x0,
    0x0, 0x7f, 0xff, 0xff, 0xff, 0xff, 0xff, 0xff,
    0xff, 0xff, 0x4a, 0xff, 0xff, 0xff, 0xff, 0xff,
    0xff, 0xff, 0xff, 0xf4, 0xaf, 0xff, 0xff, 0xff,
    0xff, 0xff, 0xff, 0xff, 0xff, 0x4a, 0xff, 0xff,
    0xff, 0xff, 0xff, 0xff, 0xff, 0xff, 0xf4,

    /* U+0033 "3" */
    0x0, 0x0, 0x0, 0x49, 0xce, 0xfe, 0xd9, 0x40,
    0x0, 0x0, 0x0, 0x0, 0x4, 0xdf, 0xff, 0xff,
    0xff, 0xff, 0xc3, 0x0, 0x0, 0x0, 0x7, 0xff,
    0xff, 0xff, 0xff, 0xff, 0xff, 0xf4, 0x0, 0x0,
    0x6, 0xff, 0xff, 0xff, 0xfe, 0xff, 0xff, 0xff,
    0xf2, 0x0, 0x0, 0xff, 0xff, 0xfa, 0x30, 0x0,
    0x4c, 0xff, 0xff, 0xb0, 0x0, 0x5f, 0xff, 0xf7,
    0x0, 0x0, 0x0, 0xd, 0xff, 0xff, 0x0, 0x8,
    0xff, 0xfe, 0x0, 0x0, 0x0, 0x0, 0x7f, 0xff,
    0xf1, 0x0, 0x0, 0x0, 0x0, 0x0, 0x0, 0x0,
    0x7, 0xff, 0xff, 0x10, 0x0, 0x0, 0x0, 0x0,
    0x0, 0x0, 0x0, 0xdf, 0xff, 0xd0, 0x0, 0x0,
    0x0, 0x0, 0x0, 0x0, 0x2, 0xbf, 0xff, 0xf4,
    0x0, 0x0, 0x0, 0x0, 0x3, 0xaa, 0xbd, 0xff,
    0xff, 0xf6, 0x0, 0x0, 0x0, 0x0, 0x0, 0x5f,
    0xff, 0xff, 0xfe, 0x92, 0x0, 0x0, 0x0, 0x0,
    0x0, 0x5, 0xff, 0xff, 0xff, 0xd9, 0x40, 0x0,
    0x0, 0x0, 0x0, 0x0, 0x5f, 0xff, 0xff, 0xff,
    0xff, 0xb1, 0x0, 0x0, 0x0, 0x0, 0x0, 0x0,
    0x2, 0x6d, 0xff, 0xff, 0xc0, 0x0, 0x0, 0x0,
    0x0, 0x0, 0x0, 0x0, 0xc, 0xff, 0xff, 0x70,
    0x0, 0x0, 0x0, 0x0, 0x0, 0x0, 0x0, 0x1f,
    0xff, 0xfd, 0x0, 0x0, 0x0, 0x0, 0x0, 0x0,
    0x0, 0x0, 0xcf, 0xff, 0xf0, 0x8, 0x88, 0x85,
    0x0, 0x0, 0x0, 0x0, 0xc, 0xff, 0xff, 0x10,
    0xff, 0xff, 0xd0, 0x0, 0x0, 0x0, 0x1, 0xff,
    0xff, 0xf0, 0xc, 0xff, 0xff, 0x70, 0x0, 0x0,
    0x0, 0xaf, 0xff, 0xfb, 0x0, 0x5f, 0xff, 0xff,
    0xb4, 0x10, 0x14, 0xcf, 0xff, 0xff, 0x40, 0x0,
    0xbf, 0xff, 0xff, 0xff, 0xff, 0xff, 0xff, 0xff,
    0x90, 0x0, 0x0, 0xbf, 0xff, 0xff, 0xff, 0xff,
    0xff, 0xff, 0xa0, 0x0, 0x0, 0x0, 0x7f, 0xff,
    0xff, 0xff, 0xff, 0xfe, 0x50, 0x0, 0x0, 0x0,
    0x0, 0x15, 0xad, 0xef, 0xec, 0x94, 0x0, 0x0,
    0x0,

    /* U+0034 "4" */
    0x0, 0x0, 0x0, 0x0, 0x0, 0x4, 0xff, 0xff,
    0xfd, 0x0, 0x0, 0x0, 0x0, 0x0, 0x0, 0x0,
    0xe, 0xff, 0xff, 0xfd, 0x0, 0x0, 0x0, 0x0,
    0x0, 0x0, 0x0, 0x9f, 0xff, 0xff, 0xfd, 0x0,
    0x0, 0x0, 0x0, 0x0, 0x0, 0x4, 0xff, 0xff,
    0xff, 0xfd, 0x0, 0x0, 0x0, 0x0, 0x0, 0x0,
    0xd, 0xff, 0xff, 0xff, 0xfd, 0x0, 0x0, 0x0,
    0x0, 0x0, 0x0, 0x8f, 0xff, 0xfb, 0xff, 0xfd,
    0x0, 0x0, 0x0, 0x0, 0x0, 0x3, 0xff, 0xff,
    0x69, 0xff, 0xfd, 0x0, 0x0, 0x0, 0x0, 0x0,
    0xd, 0xff, 0xfc, 0x9, 0xff, 0xfd, 0x0, 0x0,
    0x0, 0x0, 0x0, 0x7f, 0xff, 0xf2, 0x9, 0xff,
    0xfd, 0x0, 0x0, 0x0, 0x0, 0x2, 0xff, 0xff,
    0x80, 0x9, 0xff, 0xfd, 0x0, 0x0, 0x0, 0x0,
    0xc, 0xff, 0xfd, 0x0, 0x9, 0xff, 0xfd, 0x0,
    0x0, 0x0, 0x0, 0x6f, 0xff, 0xf3, 0x0, 0x9,
    0xff, 0xfd, 0x0, 0x0, 0x0, 0x1, 0xff, 0xff,
    0x90, 0x0, 0x9, 0xff, 0xfd, 0x0, 0x0, 0x0,
    0xb, 0xff, 0xfe, 0x10, 0x0, 0x9, 0xff, 0xfd,
    0x0, 0x0, 0x0, 0x5f, 0xff, 0xf5, 0x0, 0x0,
    0x9, 0xff, 0xfd, 0x0, 0x0, 0x1, 0xef, 0xff,
    0xb0, 0x0, 0x0, 0x9, 0xff, 0xfd, 0x0, 0x0,
    0xa, 0xff, 0xff, 0x10, 0x0, 0x0, 0x9, 0xff,
    0xfd, 0x0, 0x0, 0x1f, 0xff, 0xff, 0xee, 0xee,
    0xee, 0xef, 0xff, 0xff, 0xee, 0xe3, 0x2f, 0xff,
    0xff, 0xff, 0xff, 0xff, 0xff, 0xff, 0xff, 0xff,
    0xf3, 0x2f, 0xff, 0xff, 0xff, 0xff, 0xff, 0xff,
    0xff, 0xff, 0xff, 0xf3, 0x2f, 0xff, 0xff, 0xff,
    0xff, 0xff, 0xff, 0xff, 0xff, 0xff, 0xf3, 0x0,
    0x0, 0x0, 0x0, 0x0, 0x0, 0xa, 0xff, 0xfd,
    0x0, 0x0, 0x0, 0x0, 0x0, 0x0, 0x0, 0x0,
    0xa, 0xff, 0xfd, 0x0, 0x0, 0x0, 0x0, 0x0,
    0x0, 0x0, 0x0, 0xa, 0xff, 0xfd, 0x0, 0x0,
    0x0, 0x0, 0x0, 0x0, 0x0, 0x0, 0xa, 0xff,
    0xfd, 0x0, 0x0, 0x0, 0x0, 0x0, 0x0, 0x0,
    0x0, 0xa, 0xff, 0xfd, 0x0, 0x0,

    /* U+0035 "5" */
    0x0, 0x5f, 0xff, 0xff, 0xff, 0xff, 0xff, 0xff,
    0xfd, 0x0, 0x0, 0x7f, 0xff, 0xff, 0xff, 0xff,
    0xff, 0xff, 0xfd, 0x0, 0x0, 0x8f, 0xff, 0xff,
    0xff, 0xff, 0xff, 0xff, 0xfd, 0x0, 0x0, 0xaf,
    0xff, 0xff, 0xff, 0xff, 0xff, 0xff, 0xfd, 0x0,
    0x0, 0xcf, 0xff, 0x80, 0x0, 0x0, 0x0, 0x0,
    0x0, 0x0, 0x0, 0xef, 0xff, 0x60, 0x0, 0x0,
    0x0, 0x0, 0x0, 0x0, 0x0, 0xff, 0xff, 0x40,
    0x0, 0x0, 0x0, 0x0, 0x0, 0x0, 0x1, 0xff,
    0xff, 0x20, 0x0, 0x0, 0x0, 0x0, 0x0, 0x0,
    0x3, 0xff, 0xff, 0x10, 0x37, 0x99, 0x84, 0x0,
    0x0, 0x0, 0x4, 0xff, 0xff, 0x2c, 0xff, 0xff,
    0xff, 0xd4, 0x0, 0x0, 0x6, 0xff, 0xff, 0xff,
    0xff, 0xff, 0xff, 0xff, 0x80, 0x0, 0x8, 0xff,
    0xff, 0xff, 0xff, 0xff, 0xff, 0xff, 0xf6, 0x0,
    0x9, 0xff, 0xff, 0xe6, 0x20, 0x15, 0xcf, 0xff,
    0xff, 0x20, 0x0, 0x14, 0x78, 0x0, 0x0, 0x0,
    0xb, 0xff, 0xff, 0x90, 0x0, 0x0, 0x0, 0x0,
    0x0, 0x0, 0x0, 0xef, 0xff, 0xe0, 0x0, 0x0,
    0x0, 0x0, 0x0, 0x0, 0x0, 0x8f, 0xff, 0xf1,
    0x0, 0x0, 0x0, 0x0, 0x0, 0x0, 0x0, 0x5f,
    0xff, 0xf3, 0x0, 0x0, 0x0, 0x0, 0x0, 0x0,
    0x0, 0x5f, 0xff, 0xf3, 0x17, 0x77, 0x73, 0x0,
    0x0, 0x0, 0x0, 0x7f, 0xff, 0xf1, 0xf, 0xff,
    0xf9, 0x0, 0x0, 0x0, 0x0, 0xdf, 0xff, 0xe0,
    0xc, 0xff, 0xff, 0x30, 0x0, 0x0, 0x8, 0xff,
    0xff, 0x90, 0x6, 0xff, 0xff, 0xf7, 0x0, 0x1,
    0x9f, 0xff, 0xff, 0x20, 0x0, 0xcf, 0xff, 0xff,
    0xfe, 0xef, 0xff, 0xff, 0xf6, 0x0, 0x0, 0xc,
    0xff, 0xff, 0xff, 0xff, 0xff, 0xff, 0x80, 0x0,
    0x0, 0x0, 0x8f, 0xff, 0xff, 0xff, 0xff, 0xe4,
    0x0, 0x0, 0x0, 0x0, 0x1, 0x7b, 0xdf, 0xfe,
    0xa6, 0x0, 0x0, 0x0,

    /* U+0036 "6" */
    0x0, 0x0, 0x0, 0x5, 0xad, 0xff, 0xdb, 0x61,
    0x0, 0x0, 0x0, 0x0, 0x0, 0x4d, 0xff, 0xff,
    0xff, 0xff, 0xf7, 0x0, 0x0, 0x0, 0x0, 0x6f,
    0xff, 0xff, 0xff, 0xff, 0xff, 0xfa, 0x0, 0x0,
    0x0, 0x4f, 0xff, 0xff, 0xff, 0xff, 0xff, 0xff,
    0xf9, 0x0, 0x0, 0x1e, 0xff, 0xff, 0xb5, 0x22,
    0x4a, 0xff, 0xff, 0xf3, 0x0, 0x8, 0xff, 0xff,
    0x70, 0x0, 0x0, 0x6, 0xff, 0xff, 0x90, 0x0,
    0xff, 0xff, 0xa0, 0x0, 0x0, 0x0, 0xa, 0xcc,
    0xca, 0x0, 0x5f, 0xff, 0xf2, 0x0, 0x0, 0x0,
    0x0, 0x0, 0x0, 0x0, 0x9, 0xff, 0xfd, 0x0,
    0x2, 0x68, 0x97, 0x40, 0x0, 0x0, 0x0, 0xdf,
    0xff, 0x90, 0x2b, 0xff, 0xff, 0xff, 0xd4, 0x0,
    0x0, 0xf, 0xff, 0xf7, 0x4f, 0xff, 0xff, 0xff,
    0xff, 0xf7, 0x0, 0x1, 0xff, 0xff, 0x8e, 0xff,
    0xff, 0xff, 0xff, 0xff, 0xf6, 0x0, 0x2f, 0xff,
    0xff, 0xff, 0xa3, 0x1, 0x5c, 0xff, 0xff, 0xf1,
    0x2, 0xff, 0xff, 0xff, 0x60, 0x0, 0x0, 0xb,
    0xff, 0xff, 0x90, 0x2f, 0xff, 0xff, 0x90, 0x0,
    0x0, 0x0, 0x1e, 0xff, 0xfe, 0x1, 0xff, 0xff,
    0xf2, 0x0, 0x0, 0x0, 0x0, 0x9f, 0xff, 0xf1,
    0xf, 0xff, 0xff, 0x0, 0x0, 0x0, 0x0, 0x6,
    0xff, 0xff, 0x30, 0xdf, 0xff, 0xf0, 0x0, 0x0,
    0x0, 0x0, 0x6f, 0xff, 0xf2, 0xa, 0xff, 0xff,
    0x10, 0x0, 0x0, 0x0, 0x8, 0xff, 0xff, 0x10,
    0x5f, 0xff, 0xf8, 0x0, 0x0, 0x0, 0x0, 0xef,
    0xff, 0xe0, 0x0, 0xef, 0xff, 0xf3, 0x0, 0x0,
    0x0, 0xaf, 0xff, 0xf8, 0x0, 0x6, 0xff, 0xff,
    0xf7, 0x0, 0x2, 0xbf, 0xff, 0xff, 0x10, 0x0,
    0xb, 0xff, 0xff, 0xff, 0xee, 0xff, 0xff, 0xff,
    0x50, 0x0, 0x0, 0x1c, 0xff, 0xff, 0xff, 0xff,
    0xff, 0xff, 0x70, 0x0, 0x0, 0x0, 0x8, 0xff,
    0xff, 0xff, 0xff, 0xfe, 0x40, 0x0, 0x0, 0x0,
    0x0, 0x1, 0x7b, 0xef, 0xfd, 0xa5, 0x0, 0x0,
    0x0,

    /* U+0037 "7" */
    0x8f, 0xff, 0xff, 0xff, 0xff, 0xff, 0xff, 0xff,
    0xff, 0x48, 0xff, 0xff, 0xff, 0xff, 0xff, 0xff,
    0xff, 0xff, 0xf4, 0x8f, 0xff, 0xff, 0xff, 0xff,
    0xff, 0xff, 0xff, 0xff, 0x48, 0xff, 0xff, 0xff,
    0xff, 0xff, 0xff, 0xff, 0xff, 0xf4, 0x0, 0x0,
    0x0, 0x0, 0x0, 0x0, 0xd, 0xff, 0xff, 0x10,
    0x0, 0x0, 0x0, 0x0, 0x0, 0x5, 0xff, 0xff,
    0x80, 0x0, 0x0, 0x0, 0x0, 0x0, 0x0, 0xdf,
    0xff, 0xf1, 0x0, 0x0, 0x0, 0x0, 0x0, 0x0,
    0x5f, 0xff, 0xf8, 0x0, 0x0, 0x0, 0x0, 0x0,
    0x0, 0xd, 0xff, 0xff, 0x10, 0x0, 0x0, 0x0,
    0x0, 0x0, 0x6, 0xff, 0xff, 0x80, 0x0, 0x0,
    0x0, 0x0, 0x0, 0x0, 0xdf, 0xff, 0xf1, 0x0,
    0x0, 0x0, 0x0, 0x0, 0x0, 0x6f, 0xff, 0xf8,
    0x0, 0x0, 0x0, 0x0, 0x0, 0x0, 0xe, 0xff,
    0xfe, 0x0, 0x0, 0x0, 0x0, 0x0, 0x0, 0x6,
    0xff, 0xff, 0x70, 0x0, 0x0, 0x0, 0x0, 0x0,
    0x0, 0xef, 0xff, 0xe0, 0x0, 0x0, 0x0, 0x0,
    0x0, 0x0, 0x6f, 0xff, 0xf7, 0x0, 0x0, 0x0,
    0x0, 0x0, 0x0, 0xe, 0xff, 0xfe, 0x0, 0x0,
    0x0, 0x0, 0x0, 0x0, 0x7, 0xff, 0xff, 0x70,
    0x0, 0x0, 0x0, 0x0, 0x0, 0x0, 0xef, 0xff,
    0xe0, 0x0, 0x0, 0x0, 0x0, 0x0, 0x0, 0x7f,
    0xff, 0xf7, 0x0, 0x0, 0x0, 0x0, 0x0, 0x0,
    0xe, 0xff, 0xfe, 0x0, 0x0, 0x0, 0x0, 0x0,
    0x0, 0x7, 0xff, 0xff, 0x60, 0x0, 0x0, 0x0,
    0x0, 0x0, 0x0, 0xef, 0xff, 0xe0, 0x0, 0x0,
    0x0, 0x0, 0x0, 0x0, 0x7f, 0xff, 0xf6, 0x0,
    0x0, 0x0, 0x0, 0x0, 0x0, 0xe, 0xff, 0xfe,
    0x0, 0x0, 0x0, 0x0, 0x0, 0x0, 0x7, 0xff,
    0xff, 0x60, 0x0, 0x0, 0x0, 0x0, 0x0,

    /* U+0038 "8" */
    0x0, 0x0, 0x0, 0x49, 0xde, 0xfe, 0xd9, 0x40,
    0x0, 0x0, 0x0, 0x0, 0x4, 0xdf, 0xff, 0xff,
    0xff, 0xff, 0xd4, 0x0, 0x0, 0x0, 0x6, 0xff,
    0xff, 0xff, 0xff, 0xff, 0xff, 0xf6, 0x0, 0x0,
    0x5, 0xff, 0xff, 0xff, 0xdc, 0xdf, 0xff, 0xff,
    0xf5, 0x0, 0x0, 0xdf, 0xff, 0xfa, 0x20, 0x0,
    0x2a, 0xff, 0xff, 0xd0, 0x0, 0x1f, 0xff, 0xfc,
    0x0, 0x0, 0x0, 0xb, 0xff, 0xff, 0x20, 0x3,
    0xff, 0xff, 0x60, 0x0, 0x0, 0x0, 0x6f, 0xff,
    0xf3, 0x0, 0x2f, 0xff, 0xf6, 0x0, 0x0, 0x0,
    0x5, 0xff, 0xff, 0x20, 0x0, 0xdf, 0xff, 0xb0,
    0x0, 0x0, 0x0, 0xbf, 0xff, 0xd0, 0x0, 0x5,
    0xff, 0xff, 0x91, 0x0, 0x0, 0x9f, 0xff, 0xf5,
    0x0, 0x0, 0x8, 0xff, 0xff, 0xeb, 0x9b, 0xef,
    0xff, 0xf7, 0x0, 0x0, 0x0, 0x4, 0xbf, 0xff,
    0xff, 0xff, 0xff, 0xb3, 0x0, 0x0, 0x0, 0x0,
    0x4a, 0xff, 0xff, 0xff, 0xff, 0xfb, 0x40, 0x0,
    0x0, 0x0, 0xaf, 0xff, 0xff, 0xff, 0xff, 0xff,
    0xff, 0xa0, 0x0, 0x0, 0xbf, 0xff, 0xfd, 0x51,
    0x1, 0x5d, 0xff, 0xff, 0xb0, 0x0, 0x6f, 0xff,
    0xfb, 0x0, 0x0, 0x0, 0xb, 0xff, 0xff, 0x60,
    0xc, 0xff, 0xff, 0x10, 0x0, 0x0, 0x0, 0x1f,
    0xff, 0xfd, 0x0, 0xff, 0xff, 0xb0, 0x0, 0x0,
    0x0, 0x0, 0xbf, 0xff, 0xf1, 0x2f, 0xff, 0xfa,
    0x0, 0x0, 0x0, 0x0, 0xa, 0xff, 0xff, 0x31,
    0xff, 0xff, 0xd0, 0x0, 0x0, 0x0, 0x0, 0xcf,
    0xff, 0xf2, 0xe, 0xff, 0xff, 0x50, 0x0, 0x0,
    0x0, 0x4f, 0xff, 0xfe, 0x0, 0x8f, 0xff, 0xff,
    0x60, 0x0, 0x0, 0x6f, 0xff, 0xff, 0x80, 0x0,
    0xdf, 0xff, 0xff, 0xeb, 0xab, 0xef, 0xff, 0xff,
    0xd0, 0x0, 0x1, 0xdf, 0xff, 0xff, 0xff, 0xff,
    0xff, 0xff, 0xd1, 0x0, 0x0, 0x0, 0x7f, 0xff,
    0xff, 0xff, 0xff, 0xff, 0x80, 0x0, 0x0, 0x0,
    0x0, 0x15, 0xad, 0xef, 0xed, 0xa5, 0x10, 0x0,
    0x0,

    /* U+0039 "9" */
    0x0, 0x0, 0x0, 0x6a, 0xdf, 0xfe, 0xb7, 0x10,
    0x0, 0x0, 0x0, 0x0, 0x5, 0xef, 0xff, 0xff,
    0xff, 0xff, 0x90, 0x0, 0x0, 0x0, 0x9, 0xff,
    0xff, 0xff, 0xff, 0xff, 0xff, 0xc1, 0x0, 0x0,
    0x7, 0xff, 0xff, 0xff, 0xfe, 0xff, 0xff, 0xff,
    0xb0, 0x0, 0x2, 0xff, 0xff, 0xfa, 0x20, 0x0,
    0x6e, 0xff, 0xff, 0x70, 0x0, 0xaf, 0xff, 0xf8,
    0x0, 0x0, 0x0, 0x1e, 0xff, 0xfe, 0x0, 0xe,
    0xff, 0xfd, 0x0, 0x0, 0x0, 0x0, 0x5f, 0xff,
    0xf6, 0x1, 0xff, 0xff, 0x80, 0x0, 0x0, 0x0,
    0x0, 0xff, 0xff, 0xb0, 0x2f, 0xff, 0xf6, 0x0,
    0x0, 0x0, 0x0, 0xe, 0xff, 0xfe, 0x2, 0xff,
    0xff, 0x80, 0x0, 0x0, 0x0, 0x0, 0xff, 0xff,
    0xf0, 0xf, 0xff, 0xfd, 0x0, 0x0, 0x0, 0x0,
    0x6f, 0xff, 0xff, 0x20, 0xaf, 0xff, 0xf9, 0x0,
    0x0, 0x0, 0x3f, 0xff, 0xff, 0xf3, 0x3, 0xff,
    0xff, 0xfc, 0x41, 0x2, 0x8f, 0xff, 0xff, 0xff,
    0x30, 0x8, 0xff, 0xff, 0xff, 0xff, 0xff, 0xff,
    0x8f, 0xff, 0xf2, 0x0, 0x9, 0xff, 0xff, 0xff,
    0xff, 0xff, 0x46, 0xff, 0xff, 0x10, 0x0, 0x5,
    0xef, 0xff, 0xff, 0xfc, 0x20, 0x8f, 0xff, 0xf0,
    0x0, 0x0, 0x0, 0x48, 0x98, 0x72, 0x0, 0xa,
    0xff, 0xfd, 0x0, 0x0, 0x0, 0x0, 0x0, 0x0,
    0x0, 0x0, 0xef, 0xff, 0xa0, 0x6, 0x77, 0x75,
    0x0, 0x0, 0x0, 0x0, 0x4f, 0xff, 0xf5, 0x0,
    0xbf, 0xff, 0xf1, 0x0, 0x0, 0x0, 0xc, 0xff,
    0xff, 0x0, 0x6, 0xff, 0xff, 0xb0, 0x0, 0x0,
    0x9, 0xff, 0xff, 0x80, 0x0, 0xe, 0xff, 0xff,
    0xc5, 0x22, 0x5c, 0xff, 0xff, 0xe1, 0x0, 0x0,
    0x5f, 0xff, 0xff, 0xff, 0xff, 0xff, 0xff, 0xf5,
    0x0, 0x0, 0x0, 0x7f, 0xff, 0xff, 0xff, 0xff,
    0xff, 0xf6, 0x0, 0x0, 0x0, 0x0, 0x4e, 0xff,
    0xff, 0xff, 0xff, 0xe4, 0x0, 0x0, 0x0, 0x0,
    0x0, 0x5, 0xad, 0xff, 0xea, 0x50, 0x0, 0x0,
    0x0,

    /* U+003A ":" */
    0x1, 0xaf, 0xd5, 0x0, 0xbf, 0xff, 0xf3, 0xf,
    0xff, 0xff, 0x70, 0xff, 0xff, 0xf6, 0x7, 0xff,
    0xfe, 0x10, 0x5, 0x97, 0x10, 0x0, 0x0, 0x0,
    0x0, 0x0, 0x0, 0x0, 0x0, 0x0, 0x0, 0x0,
    0x0, 0x0, 0x0, 0x0, 0x0, 0x0, 0x0, 0x0,
    0x0, 0x0, 0x0, 0x0, 0x0, 0x0, 0x4, 0x97,
    0x10, 0x7, 0xff, 0xfd, 0x0, 0xff, 0xff, 0xf6,
    0xf, 0xff, 0xff, 0x70, 0xbf, 0xff, 0xf3, 0x1,
    0xaf, 0xd5, 0x0,

    /* U+003B ";" */
    0x0, 0x28, 0x93, 0x0, 0x2f, 0xff, 0xf5, 0x8,
    0xff, 0xff, 0xd0, 0x9f, 0xff, 0xfe, 0x5, 0xff,
    0xff, 0x90, 0x6, 0xee, 0x90, 0x0, 0x0, 0x0,
    0x0, 0x0, 0x0, 0x0, 0x0, 0x0, 0x0, 0x0,
    0x0, 0x0, 0x0, 0x0, 0x0, 0x0, 0x0, 0x0,
    0x0, 0x0, 0x0, 0x0, 0x0, 0x0, 0x0, 0x0,
    0x0, 0x0, 0x0, 0x0, 0x0, 0x3a, 0xaa, 0xa3,
    0x7, 0xff, 0xff, 0x10, 0x9f, 0xff, 0xc0, 0xc,
    0xff, 0xf8, 0x0, 0xef, 0xff, 0x30, 0xf, 0xff,
    0xe0, 0x3, 0xff, 0xfa, 0x0, 0x5f, 0xff, 0x50,
    0x7, 0xff, 0xf1, 0x0, 0xaf, 0xfc, 0x0, 0xc,
    0xff, 0x80, 0x0,

    /* U+003C "<" */
    0x0, 0x0, 0x0, 0x0, 0x0, 0x0, 0x0, 0x0,
    0x0, 0x20, 0x0, 0x0, 0x0, 0x0, 0x0, 0x0,
    0x0, 0x17, 0xe7, 0x0, 0x0, 0x0, 0x0, 0x0,
    0x0, 0x1, 0x8f, 0xff, 0x70, 0x0, 0x0, 0x0,
    0x0, 0x0, 0x29, 0xff, 0xff, 0xf7, 0x0, 0x0,
    0x0, 0x0, 0x3, 0xbf, 0xff, 0xff, 0xff, 0x70,
    0x0, 0x0, 0x0, 0x4c, 0xff, 0xff, 0xff, 0xff,
    0x91, 0x0, 0x0, 0x5, 0xdf, 0xff, 0xff, 0xff,
    0xd6, 0x0, 0x0, 0x0, 0x6e, 0xff, 0xff, 0xff,
    0xfb, 0x40, 0x0, 0x0, 0x7, 0xef, 0xff, 0xff,
    0xff, 0x92, 0x0, 0x0, 0x0, 0x0, 0xff, 0xff,
    0xff, 0xd7, 0x0, 0x0, 0x0, 0x0, 0x0, 0xf,
    0xff, 0xff, 0x70, 0x0, 0x0, 0x0, 0x0, 0x0,
    0x0, 0xff, 0xff, 0xff, 0xb4, 0x0, 0x0, 0x0,
    0x0, 0x0, 0xa, 0xff, 0xff, 0xff, 0xfd, 0x60,
    0x0, 0x0, 0x0, 0x0, 0x1, 0x8f, 0xff, 0xff,
    0xff, 0xf9, 0x20, 0x0, 0x0, 0x0, 0x0, 0x17,
    0xef, 0xff, 0xff, 0xff, 0xb4, 0x0, 0x0, 0x0,
    0x0, 0x0, 0x6d, 0xff, 0xff, 0xff, 0xfd, 0x60,
    0x0, 0x0, 0x0, 0x0, 0x5, 0xdf, 0xff, 0xff,
    0xff, 0x70, 0x0, 0x0, 0x0, 0x0, 0x0, 0x4c,
    0xff, 0xff, 0xf7, 0x0, 0x0, 0x0, 0x0, 0x0,
    0x0, 0x3, 0xaf, 0xff, 0x70, 0x0, 0x0, 0x0,
    0x0, 0x0, 0x0, 0x0, 0x29, 0xf7, 0x0, 0x0,
    0x0, 0x0, 0x0, 0x0, 0x0, 0x0, 0x1, 0x20,

    /* U+003D "=" */
    0x5f, 0xff, 0xff, 0xff, 0xff, 0xff, 0xff, 0xff,
    0xf9, 0x5f, 0xff, 0xff, 0xff, 0xff, 0xff, 0xff,
    0xff, 0xf9, 0x5f, 0xff, 0xff, 0xff, 0xff, 0xff,
    0xff, 0xff, 0xf9, 0x5e, 0xee, 0xee, 0xee, 0xee,
    0xee, 0xee, 0xee, 0xe8, 0x0, 0x0, 0x0, 0x0,
    0x0, 0x0, 0x0, 0x0, 0x0, 0x0, 0x0, 0x0,
    0x0, 0x0, 0x0, 0x0, 0x0, 0x0, 0x0, 0x0,
    0x0, 0x0, 0x0, 0x0, 0x0, 0x0, 0x0, 0x0,
    0x0, 0x0, 0x0, 0x0, 0x0, 0x0, 0x0, 0x0,
    0x5f, 0xff, 0xff, 0xff, 0xff, 0xff, 0xff, 0xff,
    0xf9, 0x5f, 0xff, 0xff, 0xff, 0xff, 0xff, 0xff,
    0xff, 0xf9, 0x5f, 0xff, 0xff, 0xff, 0xff, 0xff,
    0xff, 0xff, 0xf9, 0x5f, 0xff, 0xff, 0xff, 0xff,
    0xff, 0xff, 0xff, 0xf9,

    /* U+003E ">" */
    0x11, 0x0, 0x0, 0x0, 0x0, 0x0, 0x0, 0x0,
    0x0, 0x3, 0xf9, 0x20, 0x0, 0x0, 0x0, 0x0,
    0x0, 0x0, 0x0, 0x3f, 0xff, 0xa3, 0x0, 0x0,
    0x0, 0x0, 0x0, 0x0, 0x3, 0xff, 0xff, 0xfb,
    0x40, 0x0, 0x0, 0x0, 0x0, 0x0, 0x3f, 0xff,
    0xff, 0xff, 0xc5, 0x0, 0x0, 0x0, 0x0, 0x0,
    0x7e, 0xff, 0xff, 0xff, 0xfd, 0x60, 0x0, 0x0,
    0x0, 0x0, 0x5, 0xcf, 0xff, 0xff, 0xff, 0xe7,
    0x0, 0x0, 0x0, 0x0, 0x0, 0x29, 0xff, 0xff,
    0xff, 0xff, 0x81, 0x0, 0x0, 0x0, 0x0, 0x1,
    0x7e, 0xff, 0xff, 0xff, 0xf9, 0x10, 0x0, 0x0,
    0x0, 0x0, 0x5, 0xcf, 0xff, 0xff, 0xf4, 0x0,
    0x0, 0x0, 0x0, 0x0, 0x0, 0x4f, 0xff, 0xff,
    0x40, 0x0, 0x0, 0x0, 0x0, 0x3, 0x9f, 0xff,
    0xff, 0xf4, 0x0, 0x0, 0x0, 0x0, 0x5c, 0xff,
    0xff, 0xff, 0xfb, 0x10, 0x0, 0x0, 0x17, 0xef,
    0xff, 0xff, 0xff, 0xa3, 0x0, 0x0, 0x2, 0x9f,
    0xff, 0xff, 0xff, 0xf9, 0x20, 0x0, 0x0, 0x4b,
    0xff, 0xff, 0xff, 0xfe, 0x81, 0x0, 0x0, 0x0,
    0x3f, 0xff, 0xff, 0xff, 0xe7, 0x0, 0x0, 0x0,
    0x0, 0x3, 0xff, 0xff, 0xfd, 0x60, 0x0, 0x0,
    0x0, 0x0, 0x0, 0x3f, 0xff, 0xc5, 0x0, 0x0,
    0x0, 0x0, 0x0, 0x0, 0x3, 0xfb, 0x40, 0x0,
    0x0, 0x0, 0x0, 0x0, 0x0, 0x0, 0x13, 0x0,
    0x0, 0x0, 0x0, 0x0, 0x0, 0x0, 0x0, 0x0,

    /* U+003F "?" */
    0x0, 0x0, 0x27, 0xce, 0xfe, 0xd9, 0x40, 0x0,
    0x0, 0x0, 0x9f, 0xff, 0xff, 0xff, 0xff, 0xc3,
    0x0, 0x0, 0xcf, 0xff, 0xff, 0xff, 0xff, 0xff,
    0xf3, 0x0, 0x9f, 0xff, 0xff, 0xfd, 0xef, 0xff,
    0xff, 0xe0, 0x1f, 0xff, 0xff, 0x60, 0x0, 0x4e,
    0xff, 0xff, 0x76, 0xff, 0xff, 0x60, 0x0, 0x0,
    0x3f, 0xff, 0xfb, 0x8f, 0xff, 0xf0, 0x0, 0x0,
    0x0, 0xef, 0xff, 0xc1, 0x22, 0x22, 0x0, 0x0,
    0x0, 0xf, 0xff, 0xfc, 0x0, 0x0, 0x0, 0x0,
    0x0, 0x4, 0xff, 0xff, 0x90, 0x0, 0x0, 0x0,
    0x0, 0x2, 0xef, 0xff, 0xf4, 0x0, 0x0, 0x0,
    0x0, 0x5, 0xef, 0xff, 0xfa, 0x0, 0x0, 0x0,
    0x0, 0xa, 0xff, 0xff, 0xfb, 0x0, 0x0, 0x0,
    0x0, 0xc, 0xff, 0xff, 0xf6, 0x0, 0x0, 0x0,
    0x0, 0x8, 0xff, 0xff, 0xc2, 0x0, 0x0, 0x0,
    0x0, 0x0, 0xdf, 0xff, 0xc0, 0x0, 0x0, 0x0,
    0x0, 0x0, 0xf, 0xff, 0xf5, 0x0, 0x0, 0x0,
    0x0, 0x0, 0x1, 0xff, 0xff, 0x10, 0x0, 0x0,
    0x0, 0x0, 0x0, 0x2d, 0xdd, 0xd0, 0x0, 0x0,
    0x0, 0x0, 0x0, 0x0, 0x0, 0x0, 0x0, 0x0,
    0x0, 0x0, 0x0, 0x0, 0x0, 0x0, 0x0, 0x0,
    0x0, 0x0, 0x0, 0x0, 0x0, 0x27, 0x72, 0x0,
    0x0, 0x0, 0x0, 0x0, 0x0, 0x4f, 0xff, 0xf3,
    0x0, 0x0, 0x0, 0x0, 0x0, 0xc, 0xff, 0xff,
    0xa0, 0x0, 0x0, 0x0, 0x0, 0x0, 0xef, 0xff,
    0xfc, 0x0, 0x0, 0x0, 0x0, 0x0, 0x9, 0xff,
    0xff, 0x70, 0x0, 0x0, 0x0, 0x0, 0x0, 0x9,
    0xee, 0x80, 0x0, 0x0, 0x0,

    /* U+0040 "@" */
    0x0, 0x0, 0x0, 0x0, 0x0, 0x3, 0x7a, 0xde,
    0xff, 0xfe, 0xc9, 0x50, 0x0, 0x0, 0x0, 0x0,
    0x0, 0x0, 0x0, 0x0, 0x0, 0x7, 0xef, 0xff,
    0xff, 0xff, 0xff, 0xff, 0xff, 0x92, 0x0, 0x0,
    0x0, 0x0, 0x0, 0x0, 0x0, 0x6, 0xef, 0xff,
    0xff, 0xff, 0xff, 0xff, 0xff, 0xff, 0xff, 0x90,
    0x0, 0x0, 0x0, 0x0, 0x0, 0x0, 0xaf, 0xff,
    0xff, 0xff, 0xca, 0x98, 0x9a, 0xcf, 0xff, 0xff,
    0xfd, 0x20, 0x0, 0x0, 0x0, 0x0, 0xc, 0xff,
    0xff, 0xfa, 0x40, 0x0, 0x0, 0x0, 0x0, 0x5b,
    0xff, 0xff, 0xf3, 0x0, 0x0, 0x0, 0x0, 0xbf,
    0xff, 0xfc, 0x20, 0x0, 0x0, 0x0, 0x0, 0x0,
    0x0, 0x4e, 0xff, 0xfe, 0x10, 0x0, 0x0, 0x7,
    0xff, 0xff, 0x90, 0x0, 0x0, 0x0, 0x0, 0x0,
    0x0, 0x0, 0x1, 0xcf, 0xff, 0xc0, 0x0, 0x0,
    0x1f, 0xff, 0xfa, 0x0, 0x0, 0x0, 0x58, 0x87,
    0x30, 0x2, 0x22, 0x10, 0x1e, 0xff, 0xf5, 0x0,
    0x0, 0x8f, 0xff, 0xd0, 0x0, 0x0, 0x7f, 0xff,
    0xff, 0xfc, 0x2d, 0xff, 0x80, 0x4, 0xff, 0xfd,
    0x0, 0x0, 0xef, 0xff, 0x50, 0x0, 0x9, 0xff,
    0xff, 0xff, 0xff, 0xde, 0xff, 0x80, 0x0, 0xcf,
    0xff, 0x40, 0x5, 0xff, 0xfd, 0x0, 0x0, 0x7f,
    0xff, 0xff, 0xff, 0xff, 0xff, 0xff, 0x80, 0x0,
    0x5f, 0xff, 0x90, 0x9, 0xff, 0xf7, 0x0, 0x1,
    0xff, 0xff, 0x92, 0x1, 0x4c, 0xff, 0xff, 0x80,
    0x0, 0xf, 0xff, 0xd0, 0xc, 0xff, 0xf4, 0x0,
    0x7, 0xff, 0xf7, 0x0, 0x0, 0x0, 0xcf, 0xff,
    0x80, 0x0, 0xd, 0xff, 0xf0, 0xf, 0xff, 0xf0,
    0x0, 0xd, 0xff, 0xd0, 0x0, 0x0, 0x0, 0x4f,
    0xff, 0x80, 0x0, 0xb, 0xff, 0xf1, 0x1f, 0xff,
    0xe0, 0x0, 0xf, 0xff, 0x80, 0x0, 0x0, 0x0,
    0x1f, 0xff, 0x80, 0x0, 0xa, 0xff, 0xf2, 0x2f,
    0xff, 0xd0, 0x0, 0x1f, 0xff, 0x60, 0x0, 0x0,
    0x0, 0xf, 0xff, 0x80, 0x0, 0xa, 0xff, 0xf1,
    0x2f, 0xff, 0xc0, 0x0, 0x2f, 0xff, 0x60, 0x0,
    0x0, 0x0, 0xf, 0xff, 0x80, 0x0, 0xa, 0xff,
    0xf1, 0x2f, 0xff, 0xd0, 0x0, 0xf, 0xff, 0x80,
    0x0, 0x0, 0x0, 0xf, 0xff, 0x80, 0x0, 0xb,
    0xff, 0xf0, 0x1f, 0xff, 0xe0, 0x0, 0xf, 0xff,
    0xb0, 0x0, 0x0, 0x0, 0x3f, 0xff, 0x80, 0x0,
    0xd, 0xff, 0xd0, 0xf, 0xff, 0xf0, 0x0, 0xb,
    0xff, 0xf2, 0x0, 0x0, 0x0, 0x9f, 0xff, 0x80,
    0x0, 0xf, 0xff, 0x90, 0xd, 0xff, 0xf3, 0x0,
    0x6, 0xff, 0xfb, 0x0, 0x0, 0x4, 0xff, 0xff,
    0xa0, 0x0, 0x6f, 0xff, 0x50, 0xa, 0xff, 0xf7,
    0x0, 0x0, 0xef, 0xff, 0xd6, 0x45, 0xaf, 0xff,
    0xff, 0xf3, 0x4, 0xef, 0xfe, 0x0, 0x6, 0xff,
    0xfc, 0x0, 0x0, 0x4f, 0xff, 0xff, 0xff, 0xff,
    0xf9, 0xff, 0xff, 0xff, 0xff, 0xf5, 0x0, 0x1,
    0xff, 0xff, 0x40, 0x0, 0x5, 0xff, 0xff, 0xff,
    0xff, 0x70, 0xdf, 0xff, 0xff, 0xff, 0x80, 0x0,
    0x0, 0xaf, 0xff, 0xc0, 0x0, 0x0, 0x2a, 0xff,
    0xff, 0xc4, 0x0, 0x18, 0xef, 0xff, 0xc4, 0x0,
    0x0, 0x0, 0x3f, 0xff, 0xfa, 0x0, 0x0, 0x0,
    0x1, 0x10, 0x0, 0x0, 0x0, 0x1, 0x10, 0x0,
    0x0, 0x0, 0x0, 0x9, 0xff, 0xff, 0x90, 0x0,
    0x0, 0x0, 0x0, 0x0, 0x0, 0x0, 0x0, 0x0,
    0x0, 0x0, 0x0, 0x0, 0x0, 0xdf, 0xff, 0xfc,
    0x30, 0x0, 0x0, 0x0, 0x0, 0x0, 0x0, 0x0,
    0x0, 0x0, 0x0, 0x0, 0x0, 0x0, 0x1e, 0xff,
    0xff, 0xfb, 0x51, 0x0, 0x0, 0x0, 0x0, 0x37,
    0xb0, 0x0, 0x0, 0x0, 0x0, 0x0, 0x0, 0x1,
    0xcf, 0xff, 0xff, 0xff, 0xdb, 0xa9, 0x9a, 0xcf,
    0xff, 0xf4, 0x0, 0x0, 0x0, 0x0, 0x0, 0x0,
    0x0, 0x7, 0xff, 0xff, 0xff, 0xff, 0xff, 0xff,
    0xff, 0xff, 0xfa, 0x0, 0x0, 0x0, 0x0, 0x0,
    0x0, 0x0, 0x0, 0x18, 0xef, 0xff, 0xff, 0xff,
    0xff, 0xff, 0xff, 0xe8, 0x0, 0x0, 0x0, 0x0,
    0x0, 0x0, 0x0, 0x0, 0x0, 0x3, 0x7a, 0xce,
    0xff, 0xfe, 0xca, 0x73, 0x0, 0x0, 0x0, 0x0,
    0x0,

    /* U+0041 "A" */
    0x0, 0x0, 0x0, 0x0, 0x2, 0xff, 0xff, 0xff,
    0x20, 0x0, 0x0, 0x0, 0x0, 0x0, 0x0, 0x0,
    0x0, 0x8, 0xff, 0xff, 0xff, 0x80, 0x0, 0x0,
    0x0, 0x0, 0x0, 0x0, 0x0, 0x0, 0xd, 0xff,
    0xff, 0xff, 0xe0, 0x0, 0x0, 0x0, 0x0, 0x0,
    0x0, 0x0, 0x0, 0x3f, 0xff, 0xff, 0xff, 0xf3,
    0x0, 0x0, 0x0, 0x0, 0x0, 0x0, 0x0, 0x0,
    0x9f, 0xff, 0xbd, 0xff, 0xf9, 0x0, 0x0, 0x0,
    0x0, 0x0, 0x0, 0x0, 0x0, 0xef, 0xff, 0x78,
    0xff, 0xfe, 0x0, 0x0, 0x0, 0x0, 0x0, 0x0,
    0x0, 0x4, 0xff, 0xff, 0x34, 0xff, 0xff, 0x50,
    0x0, 0x0, 0x0, 0x0, 0x0, 0x0, 0xa, 0xff,
    0xff, 0x0, 0xff, 0xff, 0xa0, 0x0, 0x0, 0x0,
    0x0, 0x0, 0x0, 0xf, 0xff, 0xfb, 0x0, 0xbf,
    0xff, 0xf1, 0x0, 0x0, 0x0, 0x0, 0x0, 0x0,
    0x5f, 0xff, 0xf6, 0x0, 0x6f, 0xff, 0xf6, 0x0,
    0x0, 0x0, 0x0, 0x0, 0x0, 0xaf, 0xff, 0xf2,
    0x0, 0x2f, 0xff, 0xfc, 0x0, 0x0, 0x0, 0x0,
    0x0, 0x0, 0xff, 0xff, 0xd0, 0x0, 0xd, 0xff,
    0xff, 0x10, 0x0, 0x0, 0x0, 0x0, 0x6, 0xff,
    0xff, 0x80, 0x0, 0x8, 0xff, 0xff, 0x70, 0x0,
    0x0, 0x0, 0x0, 0xb, 0xff, 0xff, 0x30, 0x0,
    0x3, 0xff, 0xff, 0xd0, 0x0, 0x0, 0x0, 0x0,
    0x1f, 0xff, 0xfe, 0x0, 0x0, 0x0, 0xdf, 0xff,
    0xf3, 0x0, 0x0, 0x0, 0x0, 0x7f, 0xff, 0xf9,
    0x0, 0x0, 0x0, 0x8f, 0xff, 0xf8, 0x0, 0x0,
    0x0, 0x0, 0xcf, 0xff, 0xff, 0xff, 0xff, 0xff,
    0xff, 0xff, 0xfe, 0x0, 0x0, 0x0, 0x2, 0xff,
    0xff, 0xff, 0xff, 0xff, 0xff, 0xff, 0xff, 0xff,
    0x40, 0x0, 0x0, 0x7, 0xff, 0xff, 0xff, 0xff,
    0xff, 0xff, 0xff, 0xff, 0xff, 0xa0, 0x0, 0x0,
    0xd, 0xff, 0xff, 0xdc, 0xcc, 0xcc, 0xcc, 0xcc,
    0xff, 0xff, 0xf0, 0x0, 0x0, 0x3f, 0xff, 0xfe,
    0x0, 0x0, 0x0, 0x0, 0x0, 0xcf, 0xff, 0xf5,
    0x0, 0x0, 0x8f, 0xff, 0xf9, 0x0, 0x0, 0x0,
    0x0, 0x0, 0x6f, 0xff, 0xfb, 0x0, 0x0, 0xef,
    0xff, 0xf3, 0x0, 0x0, 0x0, 0x0, 0x0, 0x1f,
    0xff, 0xff, 0x10, 0x4, 0xff, 0xff, 0xd0, 0x0,
    0x0, 0x0, 0x0, 0x0, 0xb, 0xff, 0xff, 0x60,
    0x9, 0xff, 0xff, 0x80, 0x0, 0x0, 0x0, 0x0,
    0x0, 0x5, 0xff, 0xff, 0xc0, 0xe, 0xff, 0xff,
    0x30, 0x0, 0x0, 0x0, 0x0, 0x0, 0x0, 0xff,
    0xff, 0xf2,

    /* U+0042 "B" */
    0x5f, 0xff, 0xff, 0xff, 0xff, 0xfe, 0xdb, 0x61,
    0x0, 0x0, 0x5, 0xff, 0xff, 0xff, 0xff, 0xff,
    0xff, 0xff, 0xe6, 0x0, 0x0, 0x5f, 0xff, 0xff,
    0xff, 0xff, 0xff, 0xff, 0xff, 0xf8, 0x0, 0x5,
    0xff, 0xff, 0xfe, 0xee, 0xef, 0xff, 0xff, 0xff,
    0xf4, 0x0, 0x5f, 0xff, 0xf5, 0x0, 0x0, 0x0,
    0x5e, 0xff, 0xff, 0xb0, 0x5, 0xff, 0xff, 0x50,
    0x0, 0x0, 0x0, 0x2f, 0xff, 0xff, 0x0, 0x5f,
    0xff, 0xf5, 0x0, 0x0, 0x0, 0x0, 0xbf, 0xff,
    0xf1, 0x5, 0xff, 0xff, 0x50, 0x0, 0x0, 0x0,
    0x9, 0xff, 0xff, 0x0, 0x5f, 0xff, 0xf5, 0x0,
    0x0, 0x0, 0x0, 0xcf, 0xff, 0xd0, 0x5, 0xff,
    0xff, 0x50, 0x0, 0x0, 0x0, 0x5f, 0xff, 0xf7,
    0x0, 0x5f, 0xff, 0xf5, 0x0, 0x0, 0x3, 0xaf,
    0xff, 0xfa, 0x0, 0x5, 0xff, 0xff, 0xff, 0xff,
    0xff, 0xff, 0xff, 0xd6, 0x0, 0x0, 0x5f, 0xff,
    0xff, 0xff, 0xff, 0xff, 0xff, 0xd5, 0x0, 0x0,
    0x5, 0xff, 0xff, 0xff, 0xff, 0xff, 0xff, 0xff,
    0xff, 0x70, 0x0, 0x5f, 0xff, 0xf9, 0x66, 0x66,
    0x67, 0xbf, 0xff, 0xff, 0x80, 0x5, 0xff, 0xff,
    0x50, 0x0, 0x0, 0x0, 0x3e, 0xff, 0xff, 0x40,
    0x5f, 0xff, 0xf5, 0x0, 0x0, 0x0, 0x0, 0x3f,
    0xff, 0xfb, 0x5, 0xff, 0xff, 0x50, 0x0, 0x0,
    0x0, 0x0, 0xcf, 0xff, 0xf0, 0x5f, 0xff, 0xf5,
    0x0, 0x0, 0x0, 0x0, 0xa, 0xff, 0xff, 0x15,
    0xff, 0xff, 0x50, 0x0, 0x0, 0x0, 0x0, 0xcf,
    0xff, 0xf0, 0x5f, 0xff, 0xf5, 0x0, 0x0, 0x0,
    0x0, 0x4f, 0xff, 0xfe, 0x5, 0xff, 0xff, 0x50,
    0x0, 0x0, 0x2, 0x7f, 0xff, 0xff, 0x90, 0x5f,
    0xff, 0xff, 0xff, 0xff, 0xff, 0xff, 0xff, 0xff,
    0xf2, 0x5, 0xff, 0xff, 0xff, 0xff, 0xff, 0xff,
    0xff, 0xff, 0xf5, 0x0, 0x5f, 0xff, 0xff, 0xff,
    0xff, 0xff, 0xff, 0xff, 0xd3, 0x0, 0x5, 0xff,
    0xff, 0xff, 0xff, 0xff, 0xff, 0xda, 0x50, 0x0,
    0x0,

    /* U+0043 "C" */
    0x0, 0x0, 0x0, 0x0, 0x49, 0xce, 0xff, 0xeb,
    0x72, 0x0, 0x0, 0x0, 0x0, 0x0, 0x0, 0x5d,
    0xff, 0xff, 0xff, 0xff, 0xff, 0xa1, 0x0, 0x0,
    0x0, 0x0, 0xa, 0xff, 0xff, 0xff, 0xff, 0xff,
    0xff, 0xff, 0x50, 0x0, 0x0, 0x0, 0xcf, 0xff,
    0xff, 0xff, 0xff, 0xff, 0xff, 0xff, 0xf5, 0x0,
    0x0, 0xa, 0xff, 0xff, 0xff, 0x95, 0x44, 0x6b,
    0xff, 0xff, 0xff, 0x30, 0x0, 0x4f, 0xff, 0xff,
    0xa1, 0x0, 0x0, 0x0, 0x3d, 0xff, 0xff, 0xc0,
    0x0, 0xdf, 0xff, 0xf9, 0x0, 0x0, 0x0, 0x0,
    0x1, 0xef, 0xff, 0xf3, 0x4, 0xff, 0xff, 0xd0,
    0x0, 0x0, 0x0, 0x0, 0x0, 0x5f, 0xff, 0xf8,
    0x9, 0xff, 0xff, 0x50, 0x0, 0x0, 0x0, 0x0,
    0x0, 0xc, 0xdd, 0xda, 0xd, 0xff, 0xff, 0x0,
    0x0, 0x0, 0x0, 0x0, 0x0, 0x0, 0x0, 0x0,
    0xf, 0xff, 0xfc, 0x0, 0x0, 0x0, 0x0, 0x0,
    0x0, 0x0, 0x0, 0x0, 0x1f, 0xff, 0xf9, 0x0,
    0x0, 0x0, 0x0, 0x0, 0x0, 0x0, 0x0, 0x0,
    0x2f, 0xff, 0xf8, 0x0, 0x0, 0x0, 0x0, 0x0,
    0x0, 0x0, 0x0, 0x0, 0x2f, 0xff, 0xf8, 0x0,
    0x0, 0x0, 0x0, 0x0, 0x0, 0x0, 0x0, 0x0,
    0x1f, 0xff, 0xf9, 0x0, 0x0, 0x0, 0x0, 0x0,
    0x0, 0x0, 0x0, 0x0, 0xf, 0xff, 0xfb, 0x0,
    0x0, 0x0, 0x0, 0x0, 0x0, 0x0, 0x0, 0x0,
    0xd, 0xff, 0xff, 0x0, 0x0, 0x0, 0x0, 0x0,
    0x0, 0x0, 0x0, 0x0, 0x9, 0xff, 0xff, 0x50,
    0x0, 0x0, 0x0, 0x0, 0x0, 0xd, 0xdd, 0xda,
    0x4, 0xff, 0xff, 0xd0, 0x0, 0x0, 0x0, 0x0,
    0x0, 0x5f, 0xff, 0xf8, 0x0, 0xdf, 0xff, 0xf9,
    0x0, 0x0, 0x0, 0x0, 0x1, 0xef, 0xff, 0xf3,
    0x0, 0x5f, 0xff, 0xff, 0xa1, 0x0, 0x0, 0x0,
    0x3d, 0xff, 0xff, 0xb0, 0x0, 0xa, 0xff, 0xff,
    0xff, 0x95, 0x44, 0x6b, 0xff, 0xff, 0xff, 0x20,
    0x0, 0x0, 0xcf, 0xff, 0xff, 0xff, 0xff, 0xff,
    0xff, 0xff, 0xf4, 0x0, 0x0, 0x0, 0xa, 0xff,
    0xff, 0xff, 0xff, 0xff, 0xff, 0xfe, 0x40, 0x0,
    0x0, 0x0, 0x0, 0x5d, 0xff, 0xff, 0xff, 0xff,
    0xff, 0xa1, 0x0, 0x0, 0x0, 0x0, 0x0, 0x0,
    0x49, 0xce, 0xff, 0xeb, 0x72, 0x0, 0x0, 0x0,

    /* U+0044 "D" */
    0x5f, 0xff, 0xff, 0xff, 0xff, 0xfe, 0xb8, 0x30,
    0x0, 0x0, 0x0, 0x5, 0xff, 0xff, 0xff, 0xff,
    0xff, 0xff, 0xff, 0xd5, 0x0, 0x0, 0x0, 0x5f,
    0xff, 0xff, 0xff, 0xff, 0xff, 0xff, 0xff, 0xfa,
    0x0, 0x0, 0x5, 0xff, 0xff, 0xff, 0xff, 0xff,
    0xff, 0xff, 0xff, 0xfc, 0x0, 0x0, 0x5f, 0xff,
    0xf6, 0x11, 0x11, 0x24, 0x8e, 0xff, 0xff, 0xfb,
    0x0, 0x5, 0xff, 0xff, 0x50, 0x0, 0x0, 0x0,
    0x7, 0xff, 0xff, 0xf5, 0x0, 0x5f, 0xff, 0xf5,
    0x0, 0x0, 0x0, 0x0, 0x5, 0xff, 0xff, 0xd0,
    0x5, 0xff, 0xff, 0x50, 0x0, 0x0, 0x0, 0x0,
    0xa, 0xff, 0xff, 0x40, 0x5f, 0xff, 0xf5, 0x0,
    0x0, 0x0, 0x0, 0x0, 0x3f, 0xff, 0xf9, 0x5,
    0xff, 0xff, 0x50, 0x0, 0x0, 0x0, 0x0, 0x0,
    0xef, 0xff, 0xd0, 0x5f, 0xff, 0xf5, 0x0, 0x0,
    0x0, 0x0, 0x0, 0xa, 0xff, 0xff, 0x5, 0xff,
    0xff, 0x50, 0x0, 0x0, 0x0, 0x0, 0x0, 0x8f,
    0xff, 0xf1, 0x5f, 0xff, 0xf5, 0x0, 0x0, 0x0,
    0x0, 0x0, 0x7, 0xff, 0xff, 0x25, 0xff, 0xff,
    0x50, 0x0, 0x0, 0x0, 0x0, 0x0, 0x7f, 0xff,
    0xf2, 0x5f, 0xff, 0xf5, 0x0, 0x0, 0x0, 0x0,
    0x0, 0x8, 0xff, 0xff, 0x15, 0xff, 0xff, 0x50,
    0x0, 0x0, 0x0, 0x0, 0x0, 0xaf, 0xff, 0xf0,
    0x5f, 0xff, 0xf5, 0x0, 0x0, 0x0, 0x0, 0x0,
    0xe, 0xff, 0xfd, 0x5, 0xff, 0xff, 0x50, 0x0,
    0x0, 0x0, 0x0, 0x3, 0xff, 0xff, 0x90, 0x5f,
    0xff, 0xf5, 0x0, 0x0, 0x0, 0x0, 0x0, 0xbf,
    0xff, 0xf4, 0x5, 0xff, 0xff, 0x50, 0x0, 0x0,
    0x0, 0x0, 0x6f, 0xff, 0xfd, 0x0, 0x5f, 0xff,
    0xf5, 0x0, 0x0, 0x0, 0x0, 0x8f, 0xff, 0xff,
    0x50, 0x5, 0xff, 0xff, 0x61, 0x11, 0x12, 0x48,
    0xef, 0xff, 0xff, 0xa0, 0x0, 0x5f, 0xff, 0xff,
    0xff, 0xff, 0xff, 0xff, 0xff, 0xff, 0xc0, 0x0,
    0x5, 0xff, 0xff, 0xff, 0xff, 0xff, 0xff, 0xff,
    0xff, 0xa0, 0x0, 0x0, 0x5f, 0xff, 0xff, 0xff,
    0xff, 0xff, 0xff, 0xfd, 0x50, 0x0, 0x0, 0x5,
    0xff, 0xff, 0xff, 0xff, 0xff, 0xeb, 0x83, 0x0,
    0x0, 0x0, 0x0,

    /* U+0045 "E" */
    0x5f, 0xff, 0xff, 0xff, 0xff, 0xff, 0xff, 0xff,
    0xfa, 0x5f, 0xff, 0xff, 0xff, 0xff, 0xff, 0xff,
    0xff, 0xfa, 0x5f, 0xff, 0xff, 0xff, 0xff, 0xff,
    0xff, 0xff, 0xfa, 0x5f, 0xff, 0xff, 0xff, 0xff,
    0xff, 0xff, 0xff, 0xfa, 0x5f, 0xff, 0xf5, 0x0,
    0x0, 0x0, 0x0, 0x0, 0x0, 0x5f, 0xff, 0xf5,
    0x0, 0x0, 0x0, 0x0, 0x0, 0x0, 0x5f, 0xff,
    0xf5, 0x0, 0x0, 0x0, 0x0, 0x0, 0x0, 0x5f,
    0xff, 0xf5, 0x0, 0x0, 0x0, 0x0, 0x0, 0x0,
    0x5f, 0xff, 0xf5, 0x0, 0x0, 0x0, 0x0, 0x0,
    0x0, 0x5f, 0xff, 0xf5, 0x0, 0x0, 0x0, 0x0,
    0x0, 0x0, 0x5f, 0xff, 0xf5, 0x0, 0x0, 0x0,
    0x0, 0x0, 0x0, 0x5f, 0xff, 0xff, 0xff, 0xff,
    0xff, 0xff, 0xff, 0xb0, 0x5f, 0xff, 0xff, 0xff,
    0xff, 0xff, 0xff, 0xff, 0xb0, 0x5f, 0xff, 0xff,
    0xff, 0xff, 0xff, 0xff, 0xff, 0xb0, 0x5f, 0xff,
    0xfe, 0xee, 0xee, 0xee, 0xee, 0xee, 0xa0, 0x5f,
    0xff, 0xf5, 0x0, 0x0, 0x0, 0x0, 0x0, 0x0,
    0x5f, 0xff, 0xf5, 0x0, 0x0, 0x0, 0x0, 0x0,
    0x0, 0x5f, 0xff, 0xf5, 0x0, 0x0, 0x0, 0x0,
    0x0, 0x0, 0x5f, 0xff, 0xf5, 0x0, 0x0, 0x0,
    0x0, 0x0, 0x0, 0x5f, 0xff, 0xf5, 0x0, 0x0,
    0x0, 0x0, 0x0, 0x0, 0x5f, 0xff, 0xf5, 0x0,
    0x0, 0x0, 0x0, 0x0, 0x0, 0x5f, 0xff, 0xf5,
    0x0, 0x0, 0x0, 0x0, 0x0, 0x0, 0x5f, 0xff,
    0xff, 0xff, 0xff, 0xff, 0xff, 0xff, 0xfb, 0x5f,
    0xff, 0xff, 0xff, 0xff, 0xff, 0xff, 0xff, 0xfb,
    0x5f, 0xff, 0xff, 0xff, 0xff, 0xff, 0xff, 0xff,
    0xfb, 0x5f, 0xff, 0xff, 0xff, 0xff, 0xff, 0xff,
    0xff, 0xfb,

    /* U+0046 "F" */
    0x5f, 0xff, 0xff, 0xff, 0xff, 0xff, 0xff, 0xff,
    0xf6, 0x5f, 0xff, 0xff, 0xff, 0xff, 0xff, 0xff,
    0xff, 0xf6, 0x5f, 0xff, 0xff, 0xff, 0xff, 0xff,
    0xff, 0xff, 0xf6, 0x5f, 0xff, 0xff, 0xff, 0xff,
    0xff, 0xff, 0xff, 0xf6, 0x5f, 0xff, 0xf5, 0x0,
    0x0, 0x0, 0x0, 0x0, 0x0, 0x5f, 0xff, 0xf5,
    0x0, 0x0, 0x0, 0x0, 0x0, 0x0, 0x5f, 0xff,
    0xf5, 0x0, 0x0, 0x0, 0x0, 0x0, 0x0, 0x5f,
    0xff, 0xf5, 0x0, 0x0, 0x0, 0x0, 0x0, 0x0,
    0x5f, 0xff, 0xf5, 0x0, 0x0, 0x0, 0x0, 0x0,
    0x0, 0x5f, 0xff, 0xf5, 0x0, 0x0, 0x0, 0x0,
    0x0, 0x0, 0x5f, 0xff, 0xf5, 0x0, 0x0, 0x0,
    0x0, 0x0, 0x0, 0x5f, 0xff, 0xf5, 0x0, 0x0,
    0x0, 0x0, 0x0, 0x0, 0x5f, 0xff, 0xff, 0xff,
    0xff, 0xff, 0xff, 0xff, 0x30, 0x5f, 0xff, 0xff,
    0xff, 0xff, 0xff, 0xff, 0xff, 0x30, 0x5f, 0xff,
    0xff, 0xff, 0xff, 0xff, 0xff, 0xff, 0x30, 0x5f,
    0xff, 0xff, 0xee, 0xee, 0xee, 0xee, 0xee, 0x30,
    0x5f, 0xff, 0xf5, 0x0, 0x0, 0x0, 0x0, 0x0,
    0x0, 0x5f, 0xff, 0xf5, 0x0, 0x0, 0x0, 0x0,
    0x0, 0x0, 0x5f, 0xff, 0xf5, 0x0, 0x0, 0x0,
    0x0, 0x0, 0x0, 0x5f, 0xff, 0xf5, 0x0, 0x0,
    0x0, 0x0, 0x0, 0x0, 0x5f, 0xff, 0xf5, 0x0,
    0x0, 0x0, 0x0, 0x0, 0x0, 0x5f, 0xff, 0xf5,
    0x0, 0x0, 0x0, 0x0, 0x0, 0x0, 0x5f, 0xff,
    0xf5, 0x0, 0x0, 0x0, 0x0, 0x0, 0x0, 0x5f,
    0xff, 0xf5, 0x0, 0x0, 0x0, 0x0, 0x0, 0x0,
    0x5f, 0xff, 0xf5, 0x0, 0x0, 0x0, 0x0, 0x0,
    0x0, 0x5f, 0xff, 0xf5, 0x0, 0x0, 0x0, 0x0,
    0x0, 0x0,

    /* U+0047 "G" */
    0x0, 0x0, 0x0, 0x0, 0x49, 0xce, 0xff, 0xeb,
    0x72, 0x0, 0x0, 0x0, 0x0, 0x0, 0x0, 0x5,
    0xdf, 0xff, 0xff, 0xff, 0xff, 0xfa, 0x10, 0x0,
    0x0, 0x0, 0x0, 0xa, 0xff, 0xff, 0xff, 0xff,
    0xff, 0xff, 0xff, 0x50, 0x0, 0x0, 0x0, 0xb,
    0xff, 0xff, 0xff, 0xff, 0xff, 0xff, 0xff, 0xff,
    0x60, 0x0, 0x0, 0x9, 0xff, 0xff, 0xff, 0x95,
    0x34, 0x6a, 0xff, 0xff, 0xff, 0x40, 0x0, 0x4,
    0xff, 0xff, 0xfb, 0x10, 0x0, 0x0, 0x2, 0xdf,
    0xff, 0xfd, 0x0, 0x0, 0xdf, 0xff, 0xfa, 0x0,
    0x0, 0x0, 0x0, 0x1, 0xef, 0xff, 0xf5, 0x0,
    0x4f, 0xff, 0xfe, 0x0, 0x0, 0x0, 0x0, 0x0,
    0x6, 0xff, 0xff, 0xa0, 0x9, 0xff, 0xff, 0x60,
    0x0, 0x0, 0x0, 0x0, 0x0, 0x4, 0x44, 0x43,
    0x0, 0xdf, 0xff, 0xf1, 0x0, 0x0, 0x0, 0x0,
    0x0, 0x0, 0x0, 0x0, 0x0, 0xf, 0xff, 0xfc,
    0x0, 0x0, 0x0, 0x0, 0x0, 0x0, 0x0, 0x0,
    0x0, 0x1, 0xff, 0xff, 0xa0, 0x0, 0x0, 0x0,
    0x0, 0x0, 0x0, 0x0, 0x0, 0x0, 0x2f, 0xff,
    0xf8, 0x0, 0x0, 0x0, 0x8, 0xff, 0xff, 0xff,
    0xff, 0xff, 0x2, 0xff, 0xff, 0x80, 0x0, 0x0,
    0x0, 0x8f, 0xff, 0xff, 0xff, 0xff, 0xf0, 0x1f,
    0xff, 0xf9, 0x0, 0x0, 0x0, 0x8, 0xff, 0xff,
    0xff, 0xff, 0xff, 0x0, 0xff, 0xff, 0xc0, 0x0,
    0x0, 0x0, 0x6b, 0xbb, 0xbb, 0xdf, 0xff, 0xf0,
    0xd, 0xff, 0xff, 0x0, 0x0, 0x0, 0x0, 0x0,
    0x0, 0x9, 0xff, 0xff, 0x0, 0x9f, 0xff, 0xf5,
    0x0, 0x0, 0x0, 0x0, 0x0, 0x0, 0xcf, 0xff,
    0xd0, 0x4, 0xff, 0xff, 0xd0, 0x0, 0x0, 0x0,
    0x0, 0x0, 0x2f, 0xff, 0xf9, 0x0, 0xd, 0xff,
    0xff, 0x90, 0x0, 0x0, 0x0, 0x0, 0xc, 0xff,
    0xff, 0x40, 0x0, 0x5f, 0xff, 0xff, 0xa1, 0x0,
    0x0, 0x0, 0x1b, 0xff, 0xff, 0xd0, 0x0, 0x0,
    0xaf, 0xff, 0xff, 0xfa, 0x64, 0x46, 0xaf, 0xff,
    0xff, 0xf3, 0x0, 0x0, 0x0, 0xcf, 0xff, 0xff,
    0xff, 0xff, 0xff, 0xff, 0xff, 0xf7, 0x0, 0x0,
    0x0, 0x0, 0xaf, 0xff, 0xff, 0xff, 0xff, 0xff,
    0xff, 0xf6, 0x0, 0x0, 0x0, 0x0, 0x0, 0x5d,
    0xff, 0xff, 0xff, 0xff, 0xff, 0xc3, 0x0, 0x0,
    0x0, 0x0, 0x0, 0x0, 0x4, 0x9c, 0xef, 0xfe,
    0xc8, 0x30, 0x0, 0x0, 0x0,

    /* U+0048 "H" */
    0x5f, 0xff, 0xf5, 0x0, 0x0, 0x0, 0x0, 0x0,
    0x7, 0xff, 0xff, 0x35, 0xff, 0xff, 0x50, 0x0,
    0x0, 0x0, 0x0, 0x0, 0x7f, 0xff, 0xf3, 0x5f,
    0xff, 0xf5, 0x0, 0x0, 0x0, 0x0, 0x0, 0x7,
    0xff, 0xff, 0x35, 0xff, 0xff, 0x50, 0x0, 0x0,
    0x0, 0x0, 0x0, 0x7f, 0xff, 0xf3, 0x5f, 0xff,
    0xf5, 0x0, 0x0, 0x0, 0x0, 0x0, 0x7, 0xff,
    0xff, 0x35, 0xff, 0xff, 0x50, 0x0, 0x0, 0x0,
    0x0, 0x0, 0x7f, 0xff, 0xf3, 0x5f, 0xff, 0xf5,
    0x0, 0x0, 0x0, 0x0, 0x0, 0x7, 0xff, 0xff,
    0x35, 0xff, 0xff, 0x50, 0x0, 0x0, 0x0, 0x0,
    0x0, 0x7f, 0xff, 0xf3, 0x5f, 0xff, 0xf5, 0x0,
    0x0, 0x0, 0x0, 0x0, 0x7, 0xff, 0xff, 0x35,
    0xff, 0xff, 0x50, 0x0, 0x0, 0x0, 0x0, 0x0,
    0x7f, 0xff, 0xf3, 0x5f, 0xff, 0xf5, 0x0, 0x0,
    0x0, 0x0, 0x0, 0x7, 0xff, 0xff, 0x35, 0xff,
    0xff, 0xff, 0xff, 0xff, 0xff, 0xff, 0xff, 0xff,
    0xff, 0xf3, 0x5f, 0xff, 0xff, 0xff, 0xff, 0xff,
    0xff, 0xff, 0xff, 0xff, 0xff, 0x35, 0xff, 0xff,
    0xff, 0xff, 0xff, 0xff, 0xff, 0xff, 0xff, 0xff,
    0xf3, 0x5f, 0xff, 0xff, 0xff, 0xff, 0xff, 0xff,
    0xff, 0xff, 0xff, 0xff, 0x35, 0xff, 0xff, 0x50,
    0x0, 0x0, 0x0, 0x0, 0x0, 0x7f, 0xff, 0xf3,
    0x5f, 0xff, 0xf5, 0x0, 0x0, 0x0, 0x0, 0x0,
    0x7, 0xff, 0xff, 0x35, 0xff, 0xff, 0x50, 0x0,
    0x0, 0x0, 0x0, 0x0, 0x7f, 0xff, 0xf3, 0x5f,
    0xff, 0xf5, 0x0, 0x0, 0x0, 0x0, 0x0, 0x7,
    0xff, 0xff, 0x35, 0xff, 0xff, 0x50, 0x0, 0x0,
    0x0, 0x0, 0x0, 0x7f, 0xff, 0xf3, 0x5f, 0xff,
    0xf5, 0x0, 0x0, 0x0, 0x0, 0x0, 0x7, 0xff,
    0xff, 0x35, 0xff, 0xff, 0x50, 0x0, 0x0, 0x0,
    0x0, 0x0, 0x7f, 0xff, 0xf3, 0x5f, 0xff, 0xf5,
    0x0, 0x0, 0x0, 0x0, 0x0, 0x7, 0xff, 0xff,
    0x35, 0xff, 0xff, 0x50, 0x0, 0x0, 0x0, 0x0,
    0x0, 0x7f, 0xff, 0xf3, 0x5f, 0xff, 0xf5, 0x0,
    0x0, 0x0, 0x0, 0x0, 0x7, 0xff, 0xff, 0x35,
    0xff, 0xff, 0x50, 0x0, 0x0, 0x0, 0x0, 0x0,
    0x7f, 0xff, 0xf3,

    /* U+0049 "I" */
    0x5f, 0xff, 0xf5, 0x5f, 0xff, 0xf5, 0x5f, 0xff,
    0xf5, 0x5f, 0xff, 0xf5, 0x5f, 0xff, 0xf5, 0x5f,
    0xff, 0xf5, 0x5f, 0xff, 0xf5, 0x5f, 0xff, 0xf5,
    0x5f, 0xff, 0xf5, 0x5f, 0xff, 0xf5, 0x5f, 0xff,
    0xf5, 0x5f, 0xff, 0xf5, 0x5f, 0xff, 0xf5, 0x5f,
    0xff, 0xf5, 0x5f, 0xff, 0xf5, 0x5f, 0xff, 0xf5,
    0x5f, 0xff, 0xf5, 0x5f, 0xff, 0xf5, 0x5f, 0xff,
    0xf5, 0x5f, 0xff, 0xf5, 0x5f, 0xff, 0xf5, 0x5f,
    0xff, 0xf5, 0x5f, 0xff, 0xf5, 0x5f, 0xff, 0xf5,
    0x5f, 0xff, 0xf5, 0x5f, 0xff, 0xf5,

    /* U+004A "J" */
    0x0, 0x0, 0x0, 0x0, 0x0, 0x0, 0x6f, 0xff,
    0xf4, 0x0, 0x0, 0x0, 0x0, 0x0, 0x0, 0x6f,
    0xff, 0xf4, 0x0, 0x0, 0x0, 0x0, 0x0, 0x0,
    0x6f, 0xff, 0xf4, 0x0, 0x0, 0x0, 0x0, 0x0,
    0x0, 0x6f, 0xff, 0xf4, 0x0, 0x0, 0x0, 0x0,
    0x0, 0x0, 0x6f, 0xff, 0xf4, 0x0, 0x0, 0x0,
    0x0, 0x0, 0x0, 0x6f, 0xff, 0xf4, 0x0, 0x0,
    0x0, 0x0, 0x0, 0x0, 0x6f, 0xff, 0xf4, 0x0,
    0x0, 0x0, 0x0, 0x0, 0x0, 0x6f, 0xff, 0xf4,
    0x0, 0x0, 0x0, 0x0, 0x0, 0x0, 0x6f, 0xff,
    0xf4, 0x0, 0x0, 0x0, 0x0, 0x0, 0x0, 0x6f,
    0xff, 0xf4, 0x0, 0x0, 0x0, 0x0, 0x0, 0x0,
    0x6f, 0xff, 0xf4, 0x0, 0x0, 0x0, 0x0, 0x0,
    0x0, 0x6f, 0xff, 0xf4, 0x0, 0x0, 0x0, 0x0,
    0x0, 0x0, 0x6f, 0xff, 0xf4, 0x0, 0x0, 0x0,
    0x0, 0x0, 0x0, 0x6f, 0xff, 0xf4, 0x0, 0x0,
    0x0, 0x0, 0x0, 0x0, 0x6f, 0xff, 0xf4, 0x0,
    0x0, 0x0, 0x0, 0x0, 0x0, 0x6f, 0xff, 0xf4,
    0x47, 0x77, 0x70, 0x0, 0x0, 0x0, 0x6f, 0xff,
    0xf4, 0xaf, 0xff, 0xf1, 0x0, 0x0, 0x0, 0x6f,
    0xff, 0xf4, 0x9f, 0xff, 0xf1, 0x0, 0x0, 0x0,
    0x7f, 0xff, 0xf3, 0x8f, 0xff, 0xf4, 0x0, 0x0,
    0x0, 0x9f, 0xff, 0xf2, 0x4f, 0xff, 0xfa, 0x0,
    0x0, 0x1, 0xff, 0xff, 0xe0, 0xf, 0xff, 0xff,
    0x91, 0x0, 0x3d, 0xff, 0xff, 0x90, 0x7, 0xff,
    0xff, 0xff, 0xef, 0xff, 0xff, 0xff, 0x20, 0x0,
    0xbf, 0xff, 0xff, 0xff, 0xff, 0xff, 0xf5, 0x0,
    0x0, 0x8, 0xff, 0xff, 0xff, 0xff, 0xfe, 0x40,
    0x0, 0x0, 0x0, 0x18, 0xce, 0xff, 0xea, 0x60,
    0x0, 0x0,

    /* U+004B "K" */
    0x5f, 0xff, 0xf5, 0x0, 0x0, 0x0, 0x0, 0x2,
    0xef, 0xff, 0xfb, 0x5, 0xff, 0xff, 0x50, 0x0,
    0x0, 0x0, 0x1, 0xdf, 0xff, 0xfc, 0x0, 0x5f,
    0xff, 0xf5, 0x0, 0x0, 0x0, 0x0, 0xcf, 0xff,
    0xfd, 0x10, 0x5, 0xff, 0xff, 0x50, 0x0, 0x0,
    0x0, 0xbf, 0xff, 0xfe, 0x20, 0x0, 0x5f, 0xff,
    0xf5, 0x0, 0x0, 0x0, 0x9f, 0xff, 0xff, 0x30,
    0x0, 0x5, 0xff, 0xff, 0x50, 0x0, 0x0, 0x7f,
    0xff, 0xff, 0x40, 0x0, 0x0, 0x5f, 0xff, 0xf5,
    0x0, 0x0, 0x5f, 0xff, 0xff, 0x60, 0x0, 0x0,
    0x5, 0xff, 0xff, 0x50, 0x0, 0x4f, 0xff, 0xff,
    0x80, 0x0, 0x0, 0x0, 0x5f, 0xff, 0xf5, 0x0,
    0x2f, 0xff, 0xff, 0x90, 0x0, 0x0, 0x0, 0x5,
    0xff, 0xff, 0x40, 0x1d, 0xff, 0xff, 0xb0, 0x0,
    0x0, 0x0, 0x0, 0x5f, 0xff, 0xf4, 0xb, 0xff,
    0xff, 0xc0, 0x0, 0x0, 0x0, 0x0, 0x5, 0xff,
    0xff, 0x47, 0xff, 0xff, 0xf6, 0x0, 0x0, 0x0,
    0x0, 0x0, 0x5f, 0xff, 0xf7, 0xff, 0xff, 0xff,
    0xe1, 0x0, 0x0, 0x0, 0x0, 0x5, 0xff, 0xff,
    0xff, 0xff, 0xff, 0xff, 0xb0, 0x0, 0x0, 0x0,
    0x0, 0x5f, 0xff, 0xff, 0xff, 0xbe, 0xff, 0xff,
    0x60, 0x0, 0x0, 0x0, 0x5, 0xff, 0xff, 0xff,
    0xc0, 0x4f, 0xff, 0xff, 0x20, 0x0, 0x0, 0x0,
    0x5f, 0xff, 0xff, 0xd1, 0x0, 0xaf, 0xff, 0xfc,
    0x0, 0x0, 0x0, 0x5, 0xff, 0xff, 0xd1, 0x0,
    0x0, 0xef, 0xff, 0xf7, 0x0, 0x0, 0x0, 0x5f,
    0xff, 0xf5, 0x0, 0x0, 0x4, 0xff, 0xff, 0xf3,
    0x0, 0x0, 0x5, 0xff, 0xff, 0x50, 0x0, 0x0,
    0x9, 0xff, 0xff, 0xd0, 0x0, 0x0, 0x5f, 0xff,
    0xf5, 0x0, 0x0, 0x0, 0xd, 0xff, 0xff, 0x90,
    0x0, 0x5, 0xff, 0xff, 0x50, 0x0, 0x0, 0x0,
    0x3f, 0xff, 0xff, 0x40, 0x0, 0x5f, 0xff, 0xf5,
    0x0, 0x0, 0x0, 0x0, 0x8f, 0xff, 0xfe, 0x0,
    0x5, 0xff, 0xff, 0x50, 0x0, 0x0, 0x0, 0x0,
    0xdf, 0xff, 0xfa, 0x0, 0x5f, 0xff, 0xf5, 0x0,
    0x0, 0x0, 0x0, 0x3, 0xff, 0xff, 0xf5, 0x5,
    0xff, 0xff, 0x50, 0x0, 0x0, 0x0, 0x0, 0x7,
    0xff, 0xff, 0xe1,

    /* U+004C "L" */
    0x5f, 0xff, 0xf5, 0x0, 0x0, 0x0, 0x0, 0x0,
    0x5, 0xff, 0xff, 0x50, 0x0, 0x0, 0x0, 0x0,
    0x0, 0x5f, 0xff, 0xf5, 0x0, 0x0, 0x0, 0x0,
    0x0, 0x5, 0xff, 0xff, 0x50, 0x0, 0x0, 0x0,
    0x0, 0x0, 0x5f, 0xff, 0xf5, 0x0, 0x0, 0x0,
    0x0, 0x0, 0x5, 0xff, 0xff, 0x50, 0x0, 0x0,
    0x0, 0x0, 0x0, 0x5f, 0xff, 0xf5, 0x0, 0x0,
    0x0, 0x0, 0x0, 0x5, 0xff, 0xff, 0x50, 0x0,
    0x0, 0x0, 0x0, 0x0, 0x5f, 0xff, 0xf5, 0x0,
    0x0, 0x0, 0x0, 0x0, 0x5, 0xff, 0xff, 0x50,
    0x0, 0x0, 0x0, 0x0, 0x0, 0x5f, 0xff, 0xf5,
    0x0, 0x0, 0x0, 0x0, 0x0, 0x5, 0xff, 0xff,
    0x50, 0x0, 0x0, 0x0, 0x0, 0x0, 0x5f, 0xff,
    0xf5, 0x0, 0x0, 0x0, 0x0, 0x0, 0x5, 0xff,
    0xff, 0x50, 0x0, 0x0, 0x0, 0x0, 0x0, 0x5f,
    0xff, 0xf5, 0x0, 0x0, 0x0, 0x0, 0x0, 0x5,
    0xff, 0xff, 0x50, 0x0, 0x0, 0x0, 0x0, 0x0,
    0x5f, 0xff, 0xf5, 0x0, 0x0, 0x0, 0x0, 0x0,
    0x5, 0xff, 0xff, 0x50, 0x0, 0x0, 0x0, 0x0,
    0x0, 0x5f, 0xff, 0xf5, 0x0, 0x0, 0x0, 0x0,
    0x0, 0x5, 0xff, 0xff, 0x50, 0x0, 0x0, 0x0,
    0x0, 0x0, 0x5f, 0xff, 0xf5, 0x0, 0x0, 0x0,
    0x0, 0x0, 0x5, 0xff, 0xff, 0x50, 0x0, 0x0,
    0x0, 0x0, 0x0, 0x5f, 0xff, 0xff, 0xff, 0xff,
    0xff, 0xff, 0xff, 0xd5, 0xff, 0xff, 0xff, 0xff,
    0xff, 0xff, 0xff, 0xfe, 0x5f, 0xff, 0xff, 0xff,
    0xff, 0xff, 0xff, 0xff, 0xe5, 0xff, 0xff, 0xff,
    0xff, 0xff, 0xff, 0xff, 0xfe,

    /* U+004D "M" */
    0x5f, 0xff, 0xff, 0xfe, 0x0, 0x0, 0x0, 0x0,
    0x0, 0x0, 0xb, 0xff, 0xff, 0xff, 0x95, 0xff,
    0xff, 0xff, 0xf4, 0x0, 0x0, 0x0, 0x0, 0x0,
    0x1, 0xff, 0xff, 0xff, 0xf9, 0x5f, 0xff, 0xff,
    0xff, 0xa0, 0x0, 0x0, 0x0, 0x0, 0x0, 0x6f,
    0xff, 0xff, 0xff, 0x95, 0xff, 0xff, 0xff, 0xff,
    0x0, 0x0, 0x0, 0x0, 0x0, 0xc, 0xff, 0xff,
    0xff, 0xf9, 0x5f, 0xff, 0xff, 0xff, 0xf5, 0x0,
    0x0, 0x0, 0x0, 0x2, 0xff, 0xff, 0xff, 0xff,
    0x95, 0xff, 0xff, 0xbf, 0xff, 0xb0, 0x0, 0x0,
    0x0, 0x0, 0x8f, 0xff, 0xaf, 0xff, 0xf9, 0x5f,
    0xff, 0xf6, 0xff, 0xff, 0x10, 0x0, 0x0, 0x0,
    0xe, 0xff, 0xf6, 0xff, 0xff, 0x95, 0xff, 0xff,
    0x2f, 0xff, 0xf7, 0x0, 0x0, 0x0, 0x4, 0xff,
    0xff, 0x2f, 0xff, 0xf9, 0x5f, 0xff, 0xf2, 0xbf,
    0xff, 0xd0, 0x0, 0x0, 0x0, 0xaf, 0xff, 0xd0,
    0xff, 0xff, 0x95, 0xff, 0xff, 0x36, 0xff, 0xff,
    0x30, 0x0, 0x0, 0xf, 0xff, 0xf8, 0xf, 0xff,
    0xf9, 0x5f, 0xff, 0xf3, 0x1f, 0xff, 0xf9, 0x0,
    0x0, 0x5, 0xff, 0xff, 0x31, 0xff, 0xff, 0x95,
    0xff, 0xff, 0x30, 0xcf, 0xff, 0xe0, 0x0, 0x0,
    0xbf, 0xff, 0xe0, 0x1f, 0xff, 0xf9, 0x5f, 0xff,
    0xf3, 0x6, 0xff, 0xff, 0x50, 0x0, 0x1f, 0xff,
    0xf9, 0x1, 0xff, 0xff, 0x95, 0xff, 0xff, 0x40,
    0x1f, 0xff, 0xfb, 0x0, 0x7, 0xff, 0xff, 0x30,
    0x1f, 0xff, 0xf9, 0x5f, 0xff, 0xf4, 0x0, 0xbf,
    0xff, 0xf0, 0x0, 0xcf, 0xff, 0xd0, 0x1, 0xff,
    0xff, 0x95, 0xff, 0xff, 0x40, 0x5, 0xff, 0xff,
    0x40, 0xf, 0xff, 0xf7, 0x0, 0x1f, 0xff, 0xf9,
    0x5f, 0xff, 0xf4, 0x0, 0xe, 0xff, 0xf8, 0x5,
    0xff, 0xff, 0x10, 0x1, 0xff, 0xff, 0x95, 0xff,
    0xff, 0x40, 0x0, 0x9f, 0xff, 0xd0, 0x9f, 0xff,
    0xb0, 0x0, 0x1f, 0xff, 0xf9, 0x5f, 0xff, 0xf4,
    0x0, 0x3, 0xff, 0xff, 0x1d, 0xff, 0xf5, 0x0,
    0x1, 0xff, 0xff, 0x95, 0xff, 0xff, 0x40, 0x0,
    0xd, 0xff, 0xf6, 0xff, 0xff, 0x0, 0x0, 0x1f,
    0xff, 0xf9, 0x5f, 0xff, 0xf4, 0x0, 0x0, 0x7f,
    0xff, 0xdf, 0xff, 0x90, 0x0, 0x1, 0xff, 0xff,
    0x95, 0xff, 0xff, 0x40, 0x0, 0x1, 0xff, 0xff,
    0xff, 0xf4, 0x0, 0x0, 0x1f, 0xff, 0xf9, 0x5f,
    0xff, 0xf4, 0x0, 0x0, 0xb, 0xff, 0xff, 0xfe,
    0x0, 0x0, 0x1, 0xff, 0xff, 0x95, 0xff, 0xff,
    0x40, 0x0, 0x0, 0x5f, 0xff, 0xff, 0x80, 0x0,
    0x0, 0x1f, 0xff, 0xf9, 0x5f, 0xff, 0xf4, 0x0,
    0x0, 0x0, 0xef, 0xff, 0xf2, 0x0, 0x0, 0x1,
    0xff, 0xff, 0x95, 0xff, 0xff, 0x40, 0x0, 0x0,
    0x9, 0xff, 0xfc, 0x0, 0x0, 0x0, 0x1f, 0xff,
    0xf9,

    /* U+004E "N" */
    0x5f, 0xff, 0xff, 0x40, 0x0, 0x0, 0x0, 0x0,
    0x1, 0xff, 0xff, 0xb5, 0xff, 0xff, 0xfd, 0x0,
    0x0, 0x0, 0x0, 0x0, 0x1f, 0xff, 0xfb, 0x5f,
    0xff, 0xff, 0xf8, 0x0, 0x0, 0x0, 0x0, 0x1,
    0xff, 0xff, 0xb5, 0xff, 0xff, 0xff, 0xf2, 0x0,
    0x0, 0x0, 0x0, 0x1f, 0xff, 0xfb, 0x5f, 0xff,
    0xff, 0xff, 0xc0, 0x0, 0x0, 0x0, 0x1, 0xff,
    0xff, 0xb5, 0xff, 0xff, 0xff, 0xff, 0x60, 0x0,
    0x0, 0x0, 0x1f, 0xff, 0xfb, 0x5f, 0xff, 0xf9,
    0xff, 0xff, 0x10, 0x0, 0x0, 0x1, 0xff, 0xff,
    0xb5, 0xff, 0xff, 0x3e, 0xff, 0xfa, 0x0, 0x0,
    0x0, 0x1f, 0xff, 0xfb, 0x5f, 0xff, 0xf3, 0x7f,
    0xff, 0xf5, 0x0, 0x0, 0x1, 0xff, 0xff, 0xb5,
    0xff, 0xff, 0x40, 0xef, 0xff, 0xe0, 0x0, 0x0,
    0x1f, 0xff, 0xfb, 0x5f, 0xff, 0xf5, 0x5, 0xff,
    0xff, 0x90, 0x0, 0x1, 0xff, 0xff, 0xb5, 0xff,
    0xff, 0x60, 0xc, 0xff, 0xff, 0x30, 0x0, 0x1f,
    0xff, 0xfb, 0x5f, 0xff, 0xf6, 0x0, 0x2f, 0xff,
    0xfd, 0x0, 0x1, 0xff, 0xff, 0xb5, 0xff, 0xff,
    0x60, 0x0, 0x8f, 0xff, 0xf7, 0x0, 0xf, 0xff,
    0xfb, 0x5f, 0xff, 0xf6, 0x0, 0x0, 0xdf, 0xff,
    0xf2, 0x0, 0xff, 0xff, 0xb5, 0xff, 0xff, 0x60,
    0x0, 0x4, 0xff, 0xff, 0xb0, 0xf, 0xff, 0xfb,
    0x5f, 0xff, 0xf6, 0x0, 0x0, 0xa, 0xff, 0xff,
    0x40, 0xff, 0xff, 0xb5, 0xff, 0xff, 0x60, 0x0,
    0x0, 0x1e, 0xff, 0xfd, 0xf, 0xff, 0xfb, 0x5f,
    0xff, 0xf6, 0x0, 0x0, 0x0, 0x6f, 0xff, 0xf5,
    0xef, 0xff, 0xb5, 0xff, 0xff, 0x60, 0x0, 0x0,
    0x0, 0xbf, 0xff, 0xcd, 0xff, 0xfb, 0x5f, 0xff,
    0xf6, 0x0, 0x0, 0x0, 0x2, 0xff, 0xff, 0xff,
    0xff, 0xb5, 0xff, 0xff, 0x60, 0x0, 0x0, 0x0,
    0x7, 0xff, 0xff, 0xff, 0xfb, 0x5f, 0xff, 0xf6,
    0x0, 0x0, 0x0, 0x0, 0xd, 0xff, 0xff, 0xff,
    0xb5, 0xff, 0xff, 0x60, 0x0, 0x0, 0x0, 0x0,
    0x3f, 0xff, 0xff, 0xfb, 0x5f, 0xff, 0xf6, 0x0,
    0x0, 0x0, 0x0, 0x0, 0x9f, 0xff, 0xff, 0xb5,
    0xff, 0xff, 0x60, 0x0, 0x0, 0x0, 0x0, 0x0,
    0xef, 0xff, 0xfb,

    /* U+004F "O" */
    0x0, 0x0, 0x0, 0x0, 0x49, 0xce, 0xff, 0xeb,
    0x72, 0x0, 0x0, 0x0, 0x0, 0x0, 0x0, 0x5,
    0xdf, 0xff, 0xff, 0xff, 0xff, 0xfb, 0x20, 0x0,
    0x0, 0x0, 0x0, 0xa, 0xff, 0xff, 0xff, 0xff,
    0xff, 0xff, 0xff, 0x60, 0x0, 0x0, 0x0, 0xb,
    0xff, 0xff, 0xff, 0xff, 0xff, 0xff, 0xff, 0xff,
    0x70, 0x0, 0x0, 0x9, 0xff, 0xff, 0xff, 0x95,
    0x44, 0x6b, 0xff, 0xff, 0xff, 0x40, 0x0, 0x4,
    0xff, 0xff, 0xfa, 0x10, 0x0, 0x0, 0x3, 0xdf,
    0xff, 0xfe, 0x0, 0x0, 0xdf, 0xff, 0xf9, 0x0,
    0x0, 0x0, 0x0, 0x1, 0xdf, 0xff, 0xf7, 0x0,
    0x4f, 0xff, 0xfd, 0x0, 0x0, 0x0, 0x0, 0x0,
    0x3, 0xff, 0xff, 0xe0, 0x9, 0xff, 0xff, 0x50,
    0x0, 0x0, 0x0, 0x0, 0x0, 0xb, 0xff, 0xff,
    0x40, 0xdf, 0xff, 0xf0, 0x0, 0x0, 0x0, 0x0,
    0x0, 0x0, 0x5f, 0xff, 0xf8, 0xf, 0xff, 0xfc,
    0x0, 0x0, 0x0, 0x0, 0x0, 0x0, 0x1, 0xff,
    0xff, 0xa1, 0xff, 0xff, 0x90, 0x0, 0x0, 0x0,
    0x0, 0x0, 0x0, 0xf, 0xff, 0xfc, 0x2f, 0xff,
    0xf8, 0x0, 0x0, 0x0, 0x0, 0x0, 0x0, 0x0,
    0xef, 0xff, 0xd2, 0xff, 0xff, 0x80, 0x0, 0x0,
    0x0, 0x0, 0x0, 0x0, 0xe, 0xff, 0xfd, 0x1f,
    0xff, 0xf9, 0x0, 0x0, 0x0, 0x0, 0x0, 0x0,
    0x0, 0xff, 0xff, 0xc0, 0xff, 0xff, 0xc0, 0x0,
    0x0, 0x0, 0x0, 0x0, 0x0, 0x1f, 0xff, 0xfa,
    0xd, 0xff, 0xff, 0x0, 0x0, 0x0, 0x0, 0x0,
    0x0, 0x5, 0xff, 0xff, 0x80, 0x9f, 0xff, 0xf5,
    0x0, 0x0, 0x0, 0x0, 0x0, 0x0, 0xbf, 0xff,
    0xf4, 0x4, 0xff, 0xff, 0xd0, 0x0, 0x0, 0x0,
    0x0, 0x0, 0x3f, 0xff, 0xfe, 0x0, 0xd, 0xff,
    0xff, 0x90, 0x0, 0x0, 0x0, 0x0, 0x1d, 0xff,
    0xff, 0x80, 0x0, 0x4f, 0xff, 0xff, 0xa1, 0x0,
    0x0, 0x0, 0x3d, 0xff, 0xff, 0xe1, 0x0, 0x0,
    0xaf, 0xff, 0xff, 0xf9, 0x54, 0x46, 0xbf, 0xff,
    0xff, 0xf5, 0x0, 0x0, 0x0, 0xbf, 0xff, 0xff,
    0xff, 0xff, 0xff, 0xff, 0xff, 0xf7, 0x0, 0x0,
    0x0, 0x0, 0xaf, 0xff, 0xff, 0xff, 0xff, 0xff,
    0xff, 0xf6, 0x0, 0x0, 0x0, 0x0, 0x0, 0x5d,
    0xff, 0xff, 0xff, 0xff, 0xff, 0xb2, 0x0, 0x0,
    0x0, 0x0, 0x0, 0x0, 0x4, 0x9c, 0xef, 0xfe,
    0xb7, 0x20, 0x0, 0x0, 0x0,

    /* U+0050 "P" */
    0x5f, 0xff, 0xff, 0xff, 0xff, 0xff, 0xda, 0x50,
    0x0, 0x0, 0x5f, 0xff, 0xff, 0xff, 0xff, 0xff,
    0xff, 0xfd, 0x30, 0x0, 0x5f, 0xff, 0xff, 0xff,
    0xff, 0xff, 0xff, 0xff, 0xf5, 0x0, 0x5f, 0xff,
    0xff, 0xff, 0xff, 0xff, 0xff, 0xff, 0xff, 0x30,
    0x5f, 0xff, 0xf5, 0x0, 0x0, 0x2, 0x7f, 0xff,
    0xff, 0xc0, 0x5f, 0xff, 0xf5, 0x0, 0x0, 0x0,
    0x3, 0xff, 0xff, 0xf2, 0x5f, 0xff, 0xf5, 0x0,
    0x0, 0x0, 0x0, 0x8f, 0xff, 0xf7, 0x5f, 0xff,
    0xf5, 0x0, 0x0, 0x0, 0x0, 0x4f, 0xff, 0xf9,
    0x5f, 0xff, 0xf5, 0x0, 0x0, 0x0, 0x0, 0x2f,
    0xff, 0xfa, 0x5f, 0xff, 0xf5, 0x0, 0x0, 0x0,
    0x0, 0x3f, 0xff, 0xf9, 0x5f, 0xff, 0xf5, 0x0,
    0x0, 0x0, 0x0, 0x8f, 0xff, 0xf7, 0x5f, 0xff,
    0xf5, 0x0, 0x0, 0x0, 0x2, 0xff, 0xff, 0xf2,
    0x5f, 0xff, 0xf5, 0x0, 0x0, 0x1, 0x6e, 0xff,
    0xff, 0xc0, 0x5f, 0xff, 0xfe, 0xee, 0xee, 0xef,
    0xff, 0xff, 0xff, 0x30, 0x5f, 0xff, 0xff, 0xff,
    0xff, 0xff, 0xff, 0xff, 0xf5, 0x0, 0x5f, 0xff,
    0xff, 0xff, 0xff, 0xff, 0xff, 0xfd, 0x30, 0x0,
    0x5f, 0xff, 0xff, 0xff, 0xff, 0xff, 0xda, 0x50,
    0x0, 0x0, 0x5f, 0xff, 0xf5, 0x0, 0x0, 0x0,
    0x0, 0x0, 0x0, 0x0, 0x5f, 0xff, 0xf5, 0x0,
    0x0, 0x0, 0x0, 0x0, 0x0, 0x0, 0x5f, 0xff,
    0xf5, 0x0, 0x0, 0x0, 0x0, 0x0, 0x0, 0x0,
    0x5f, 0xff, 0xf5, 0x0, 0x0, 0x0, 0x0, 0x0,
    0x0, 0x0, 0x5f, 0xff, 0xf5, 0x0, 0x0, 0x0,
    0x0, 0x0, 0x0, 0x0, 0x5f, 0xff, 0xf5, 0x0,
    0x0, 0x0, 0x0, 0x0, 0x0, 0x0, 0x5f, 0xff,
    0xf5, 0x0, 0x0, 0x0, 0x0, 0x0, 0x0, 0x0,
    0x5f, 0xff, 0xf5, 0x0, 0x0, 0x0, 0x0, 0x0,
    0x0, 0x0, 0x5f, 0xff, 0xf5, 0x0, 0x0, 0x0,
    0x0, 0x0, 0x0, 0x0,

    /* U+0051 "Q" */
    0x0, 0x0, 0x0, 0x0, 0x49, 0xce, 0xff, 0xeb,
    0x72, 0x0, 0x0, 0x0, 0x0, 0x0, 0x0, 0x5,
    0xdf, 0xff, 0xff, 0xff, 0xff, 0xfb, 0x20, 0x0,
    0x0, 0x0, 0x0, 0xa, 0xff, 0xff, 0xff, 0xff,
    0xff, 0xff, 0xff, 0x60, 0x0, 0x0, 0x0, 0xb,
    0xff, 0xff, 0xff, 0xff, 0xff, 0xff, 0xff, 0xff,
    0x70, 0x0, 0x0, 0x9, 0xff, 0xff, 0xff, 0x95,
    0x44, 0x6b, 0xff, 0xff, 0xff, 0x50, 0x0, 0x4,
    0xff, 0xff, 0xfa, 0x10, 0x0, 0x0, 0x3, 0xdf,
    0xff, 0xfe, 0x10, 0x0, 0xdf, 0xff, 0xf9, 0x0,
    0x0, 0x0, 0x0, 0x1, 0xdf, 0xff, 0xf8, 0x0,
    0x4f, 0xff, 0xfd, 0x0, 0x0, 0x0, 0x0, 0x0,
    0x3, 0xff, 0xff, 0xe0, 0x9, 0xff, 0xff, 0x50,
    0x0, 0x0, 0x0, 0x0, 0x0, 0xb, 0xff, 0xff,
    0x40, 0xdf, 0xff, 0xf0, 0x0, 0x0, 0x0, 0x0,
    0x0, 0x0, 0x5f, 0xff, 0xf8, 0xf, 0xff, 0xfc,
    0x0, 0x0, 0x0, 0x0, 0x0, 0x0, 0x1, 0xff,
    0xff, 0xa1, 0xff, 0xff, 0x90, 0x0, 0x0, 0x0,
    0x0, 0x0, 0x0, 0xf, 0xff, 0xfc, 0x2f, 0xff,
    0xf8, 0x0, 0x0, 0x0, 0x0, 0x0, 0x0, 0x0,
    0xef, 0xff, 0xd2, 0xff, 0xff, 0x80, 0x0, 0x0,
    0x0, 0x0, 0x0, 0x0, 0xe, 0xff, 0xfd, 0x1f,
    0xff, 0xf9, 0x0, 0x0, 0x0, 0x0, 0x0, 0x0,
    0x0, 0xff, 0xff, 0xc0, 0xff, 0xff, 0xc0, 0x0,
    0x0, 0x0, 0x0, 0x0, 0x0, 0x1f, 0xff, 0xfa,
    0xd, 0xff, 0xff, 0x0, 0x0, 0x0, 0x0, 0x0,
    0x0, 0x5, 0xff, 0xff, 0x70, 0x9f, 0xff, 0xf5,
    0x0, 0x0, 0x3d, 0xee, 0xc0, 0x0, 0xbf, 0xff,
    0xf3, 0x4, 0xff, 0xff, 0xd0, 0x0, 0x0, 0x8f,
    0xff, 0xb0, 0x3f, 0xff, 0xfe, 0x0, 0xd, 0xff,
    0xff, 0x90, 0x0, 0x0, 0xbf, 0xff, 0x9d, 0xff,
    0xff, 0x60, 0x0, 0x4f, 0xff, 0xff, 0xa1, 0x0,
    0x1, 0xdf, 0xff, 0xff, 0xff, 0xd0, 0x0, 0x0,
    0xaf, 0xff, 0xff, 0xf9, 0x54, 0x49, 0xff, 0xff,
    0xff, 0xf3, 0x0, 0x0, 0x0, 0xbf, 0xff, 0xff,
    0xff, 0xff, 0xff, 0xff, 0xff, 0xf4, 0x0, 0x0,
    0x0, 0x0, 0xaf, 0xff, 0xff, 0xff, 0xff, 0xff,
    0xff, 0xfd, 0x0, 0x0, 0x0, 0x0, 0x0, 0x5d,
    0xff, 0xff, 0xff, 0xff, 0xff, 0xff, 0xf9, 0x0,
    0x0, 0x0, 0x0, 0x0, 0x4, 0x9c, 0xef, 0xfd,
    0xb6, 0x4f, 0xff, 0xf5, 0x0, 0x0, 0x0, 0x0,
    0x0, 0x0, 0x0, 0x0, 0x0, 0x0, 0x6f, 0xff,
    0xf2, 0x0, 0x0, 0x0, 0x0, 0x0, 0x0, 0x0,
    0x0, 0x0, 0x0, 0xaf, 0xff, 0xd0,

    /* U+0052 "R" */
    0x5f, 0xff, 0xff, 0xff, 0xff, 0xfe, 0xda, 0x60,
    0x0, 0x0, 0x5, 0xff, 0xff, 0xff, 0xff, 0xff,
    0xff, 0xff, 0xe5, 0x0, 0x0, 0x5f, 0xff, 0xff,
    0xff, 0xff, 0xff, 0xff, 0xff, 0xf8, 0x0, 0x5,
    0xff, 0xff, 0xff, 0xff, 0xff, 0xff, 0xff, 0xff,
    0xf5, 0x0, 0x5f, 0xff, 0xf5, 0x0, 0x0, 0x2,
    0x6e, 0xff, 0xff, 0xd0, 0x5, 0xff, 0xff, 0x50,
    0x0, 0x0, 0x0, 0x1e, 0xff, 0xff, 0x40, 0x5f,
    0xff, 0xf5, 0x0, 0x0, 0x0, 0x0, 0x6f, 0xff,
    0xf8, 0x5, 0xff, 0xff, 0x50, 0x0, 0x0, 0x0,
    0x3, 0xff, 0xff, 0x90, 0x5f, 0xff, 0xf5, 0x0,
    0x0, 0x0, 0x0, 0x2f, 0xff, 0xfa, 0x5, 0xff,
    0xff, 0x50, 0x0, 0x0, 0x0, 0x5, 0xff, 0xff,
    0x80, 0x5f, 0xff, 0xf5, 0x0, 0x0, 0x0, 0x0,
    0xdf, 0xff, 0xf5, 0x5, 0xff, 0xff, 0x50, 0x0,
    0x0, 0x15, 0xdf, 0xff, 0xfe, 0x0, 0x5f, 0xff,
    0xfe, 0xee, 0xee, 0xff, 0xff, 0xff, 0xff, 0x60,
    0x5, 0xff, 0xff, 0xff, 0xff, 0xff, 0xff, 0xff,
    0xff, 0x90, 0x0, 0x5f, 0xff, 0xff, 0xff, 0xff,
    0xff, 0xff, 0xfe, 0x60, 0x0, 0x5, 0xff, 0xff,
    0xff, 0xff, 0xff, 0xff, 0xff, 0x20, 0x0, 0x0,
    0x5f, 0xff, 0xf5, 0x0, 0x0, 0x8f, 0xff, 0xfa,
    0x0, 0x0, 0x5, 0xff, 0xff, 0x50, 0x0, 0x1,
    0xff, 0xff, 0xf2, 0x0, 0x0, 0x5f, 0xff, 0xf5,
    0x0, 0x0, 0x7, 0xff, 0xff, 0xa0, 0x0, 0x5,
    0xff, 0xff, 0x50, 0x0, 0x0, 0xe, 0xff, 0xff,
    0x30, 0x0, 0x5f, 0xff, 0xf5, 0x0, 0x0, 0x0,
    0x7f, 0xff, 0xfb, 0x0, 0x5, 0xff, 0xff, 0x50,
    0x0, 0x0, 0x0, 0xef, 0xff, 0xf4, 0x0, 0x5f,
    0xff, 0xf5, 0x0, 0x0, 0x0, 0x6, 0xff, 0xff,
    0xc0, 0x5, 0xff, 0xff, 0x50, 0x0, 0x0, 0x0,
    0xe, 0xff, 0xff, 0x40, 0x5f, 0xff, 0xf5, 0x0,
    0x0, 0x0, 0x0, 0x6f, 0xff, 0xfd, 0x5, 0xff,
    0xff, 0x50, 0x0, 0x0, 0x0, 0x0, 0xdf, 0xff,
    0xf5,

    /* U+0053 "S" */
    0x0, 0x0, 0x0, 0x38, 0xcd, 0xff, 0xdb, 0x72,
    0x0, 0x0, 0x0, 0x0, 0x2, 0xbf, 0xff, 0xff,
    0xff, 0xff, 0xfa, 0x10, 0x0, 0x0, 0x5, 0xff,
    0xff, 0xff, 0xff, 0xff, 0xff, 0xfe, 0x20, 0x0,
    0x5, 0xff, 0xff, 0xff, 0xff, 0xff, 0xff, 0xff,
    0xfe, 0x10, 0x0, 0xef, 0xff, 0xfe, 0x72, 0x11,
    0x38, 0xef, 0xff, 0xfa, 0x0, 0x5f, 0xff, 0xfc,
    0x0, 0x0, 0x0, 0x1, 0xef, 0xff, 0xf1, 0x8,
    0xff, 0xff, 0x40, 0x0, 0x0, 0x0, 0x6, 0xff,
    0xff, 0x40, 0x9f, 0xff, 0xf2, 0x0, 0x0, 0x0,
    0x0, 0x15, 0x55, 0x52, 0x7, 0xff, 0xff, 0x70,
    0x0, 0x0, 0x0, 0x0, 0x0, 0x0, 0x0, 0x3f,
    0xff, 0xff, 0x70, 0x0, 0x0, 0x0, 0x0, 0x0,
    0x0, 0x0, 0xbf, 0xff, 0xff, 0xe9, 0x40, 0x0,
    0x0, 0x0, 0x0, 0x0, 0x1, 0xdf, 0xff, 0xff,
    0xff, 0xfc, 0x73, 0x0, 0x0, 0x0, 0x0, 0x0,
    0x9f, 0xff, 0xff, 0xff, 0xff, 0xfd, 0x60, 0x0,
    0x0, 0x0, 0x0, 0x28, 0xef, 0xff, 0xff, 0xff,
    0xff, 0xd3, 0x0, 0x0, 0x0, 0x0, 0x0, 0x26,
    0xae, 0xff, 0xff, 0xff, 0xf3, 0x0, 0x0, 0x0,
    0x0, 0x0, 0x0, 0x3, 0x9f, 0xff, 0xff, 0xe0,
    0x0, 0x0, 0x0, 0x0, 0x0, 0x0, 0x0, 0x1b,
    0xff, 0xff, 0x60, 0x0, 0x0, 0x0, 0x0, 0x0,
    0x0, 0x0, 0x1f, 0xff, 0xfa, 0x3e, 0xee, 0xe5,
    0x0, 0x0, 0x0, 0x0, 0x0, 0xff, 0xff, 0xb2,
    0xff, 0xff, 0xa0, 0x0, 0x0, 0x0, 0x0, 0x3f,
    0xff, 0xfa, 0xd, 0xff, 0xff, 0x60, 0x0, 0x0,
    0x0, 0x1d, 0xff, 0xff, 0x70, 0x7f, 0xff, 0xff,
    0xc6, 0x21, 0x13, 0x8f, 0xff, 0xff, 0xf1, 0x0,
    0xdf, 0xff, 0xff, 0xff, 0xff, 0xff, 0xff, 0xff,
    0xf8, 0x0, 0x1, 0xdf, 0xff, 0xff, 0xff, 0xff,
    0xff, 0xff, 0xf9, 0x0, 0x0, 0x0, 0x8f, 0xff,
    0xff, 0xff, 0xff, 0xff, 0xe5, 0x0, 0x0, 0x0,
    0x0, 0x16, 0xad, 0xef, 0xfd, 0xc8, 0x40, 0x0,
    0x0,

    /* U+0054 "T" */
    0x8f, 0xff, 0xff, 0xff, 0xff, 0xff, 0xff, 0xff,
    0xff, 0xff, 0xf5, 0x8f, 0xff, 0xff, 0xff, 0xff,
    0xff, 0xff, 0xff, 0xff, 0xff, 0xf5, 0x8f, 0xff,
    0xff, 0xff, 0xff, 0xff, 0xff, 0xff, 0xff, 0xff,
    0xf5, 0x8f, 0xff, 0xff, 0xff, 0xff, 0xff, 0xff,
    0xff, 0xff, 0xff, 0xf4, 0x0, 0x0, 0x0, 0x0,
    0x7f, 0xff, 0xf3, 0x0, 0x0, 0x0, 0x0, 0x0,
    0x0, 0x0, 0x0, 0x7f, 0xff, 0xf3, 0x0, 0x0,
    0x0, 0x0, 0x0, 0x0, 0x0, 0x0, 0x7f, 0xff,
    0xf3, 0x0, 0x0, 0x0, 0x0, 0x0, 0x0, 0x0,
    0x0, 0x7f, 0xff, 0xf3, 0x0, 0x0, 0x0, 0x0,
    0x0, 0x0, 0x0, 0x0, 0x7f, 0xff, 0xf3, 0x0,
    0x0, 0x0, 0x0, 0x0, 0x0, 0x0, 0x0, 0x7f,
    0xff, 0xf3, 0x0, 0x0, 0x0, 0x0, 0x0, 0x0,
    0x0, 0x0, 0x7f, 0xff, 0xf3, 0x0, 0x0, 0x0,
    0x0, 0x0, 0x0, 0x0, 0x0, 0x7f, 0xff, 0xf3,
    0x0, 0x0, 0x0, 0x0, 0x0, 0x0, 0x0, 0x0,
    0x7f, 0xff, 0xf3, 0x0, 0x0, 0x0, 0x0, 0x0,
    0x0, 0x0, 0x0, 0x7f, 0xff, 0xf3, 0x0, 0x0,
    0x0, 0x0, 0x0, 0x0, 0x0, 0x0, 0x7f, 0xff,
    0xf3, 0x0, 0x0, 0x0, 0x0, 0x0, 0x0, 0x0,
    0x0, 0x7f, 0xff, 0xf3, 0x0, 0x0, 0x0, 0x0,
    0x0, 0x0, 0x0, 0x0, 0x7f, 0xff, 0xf3, 0x0,
    0x0, 0x0, 0x0, 0x0, 0x0, 0x0, 0x0, 0x7f,
    0xff, 0xf3, 0x0, 0x0, 0x0, 0x0, 0x0, 0x0,
    0x0, 0x0, 0x7f, 0xff, 0xf3, 0x0, 0x0, 0x0,
    0x0, 0x0, 0x0, 0x0, 0x0, 0x7f, 0xff, 0xf3,
    0x0, 0x0, 0x0, 0x0, 0x0, 0x0, 0x0, 0x0,
    0x7f, 0xff, 0xf3, 0x0, 0x0, 0x0, 0x0, 0x0,
    0x0, 0x0, 0x0, 0x7f, 0xff, 0xf3, 0x0, 0x0,
    0x0, 0x0, 0x0, 0x0, 0x0, 0x0, 0x7f, 0xff,
    0xf3, 0x0, 0x0, 0x0, 0x0, 0x0, 0x0, 0x0,
    0x0, 0x7f, 0xff, 0xf3, 0x0, 0x0, 0x0, 0x0,
    0x0, 0x0, 0x0, 0x0, 0x7f, 0xff, 0xf3, 0x0,
    0x0, 0x0, 0x0, 0x0, 0x0, 0x0, 0x0, 0x7f,
    0xff, 0xf3, 0x0, 0x0, 0x0, 0x0,

    /* U+0055 "U" */
    0x5f, 0xff, 0xf5, 0x0, 0x0, 0x0, 0x0, 0x0,
    0xd, 0xff, 0xfe, 0x5f, 0xff, 0xf5, 0x0, 0x0,
    0x0, 0x0, 0x0, 0xd, 0xff, 0xfe, 0x5f, 0xff,
    0xf5, 0x0, 0x0, 0x0, 0x0, 0x0, 0xd, 0xff,
    0xfe, 0x5f, 0xff, 0xf5, 0x0, 0x0, 0x0, 0x0,
    0x0, 0xd, 0xff, 0xfe, 0x5f, 0xff, 0xf5, 0x0,
    0x0, 0x0, 0x0, 0x0, 0xd, 0xff, 0xfe, 0x5f,
    0xff, 0xf5, 0x0, 0x0, 0x0, 0x0, 0x0, 0xd,
    0xff, 0xfe, 0x5f, 0xff, 0xf5, 0x0, 0x0, 0x0,
    0x0, 0x0, 0xd, 0xff, 0xfe, 0x5f, 0xff, 0xf5,
    0x0, 0x0, 0x0, 0x0, 0x0, 0xd, 0xff, 0xfe,
    0x5f, 0xff, 0xf5, 0x0, 0x0, 0x0, 0x0, 0x0,
    0xd, 0xff, 0xfe, 0x5f, 0xff, 0xf5, 0x0, 0x0,
    0x0, 0x0, 0x0, 0xd, 0xff, 0xfe, 0x5f, 0xff,
    0xf5, 0x0, 0x0, 0x0, 0x0, 0x0, 0xd, 0xff,
    0xfe, 0x5f, 0xff, 0xf5, 0x0, 0x0, 0x0, 0x0,
    0x0, 0xd, 0xff, 0xfe, 0x5f, 0xff, 0xf5, 0x0,
    0x0, 0x0, 0x0, 0x0, 0xd, 0xff, 0xfe, 0x5f,
    0xff, 0xf5, 0x0, 0x0, 0x0, 0x0, 0x0, 0xd,
    0xff, 0xfe, 0x5f, 0xff, 0xf5, 0x0, 0x0, 0x0,
    0x0, 0x0, 0xd, 0xff, 0xfe, 0x5f, 0xff, 0xf5,
    0x0, 0x0, 0x0, 0x0, 0x0, 0xd, 0xff, 0xfe,
    0x5f, 0xff, 0xf5, 0x0, 0x0, 0x0, 0x0, 0x0,
    0xd, 0xff, 0xfd, 0x5f, 0xff, 0xf7, 0x0, 0x0,
    0x0, 0x0, 0x0, 0xf, 0xff, 0xfd, 0x3f, 0xff,
    0xfc, 0x0, 0x0, 0x0, 0x0, 0x0, 0x4f, 0xff,
    0xfb, 0xe, 0xff, 0xff, 0x50, 0x0, 0x0, 0x0,
    0x0, 0xdf, 0xff, 0xf7, 0x9, 0xff, 0xff, 0xf5,
    0x0, 0x0, 0x0, 0x1b, 0xff, 0xff, 0xf1, 0x1,
    0xff, 0xff, 0xff, 0xc6, 0x43, 0x59, 0xff, 0xff,
    0xff, 0x80, 0x0, 0x5f, 0xff, 0xff, 0xff, 0xff,
    0xff, 0xff, 0xff, 0xfc, 0x0, 0x0, 0x5, 0xff,
    0xff, 0xff, 0xff, 0xff, 0xff, 0xff, 0xb1, 0x0,
    0x0, 0x0, 0x2b, 0xff, 0xff, 0xff, 0xff, 0xff,
    0xe7, 0x0, 0x0, 0x0, 0x0, 0x0, 0x28, 0xbe,
    0xff, 0xfd, 0xa5, 0x0, 0x0, 0x0,

    /* U+0056 "V" */
    0xe, 0xff, 0xff, 0x30, 0x0, 0x0, 0x0, 0x0,
    0x0, 0x0, 0xff, 0xff, 0xf2, 0x9, 0xff, 0xff,
    0x80, 0x0, 0x0, 0x0, 0x0, 0x0, 0x4, 0xff,
    0xff, 0xc0, 0x3, 0xff, 0xff, 0xe0, 0x0, 0x0,
    0x0, 0x0, 0x0, 0xa, 0xff, 0xff, 0x70, 0x0,
    0xdf, 0xff, 0xf3, 0x0, 0x0, 0x0, 0x0, 0x0,
    0xe, 0xff, 0xff, 0x10, 0x0, 0x8f, 0xff, 0xf9,
    0x0, 0x0, 0x0, 0x0, 0x0, 0x4f, 0xff, 0xfb,
    0x0, 0x0, 0x2f, 0xff, 0xfe, 0x0, 0x0, 0x0,
    0x0, 0x0, 0xaf, 0xff, 0xf6, 0x0, 0x0, 0xc,
    0xff, 0xff, 0x40, 0x0, 0x0, 0x0, 0x0, 0xef,
    0xff, 0xf1, 0x0, 0x0, 0x6, 0xff, 0xff, 0x90,
    0x0, 0x0, 0x0, 0x4, 0xff, 0xff, 0xa0, 0x0,
    0x0, 0x1, 0xff, 0xff, 0xe0, 0x0, 0x0, 0x0,
    0xa, 0xff, 0xff, 0x50, 0x0, 0x0, 0x0, 0xbf,
    0xff, 0xf4, 0x0, 0x0, 0x0, 0xe, 0xff, 0xff,
    0x0, 0x0, 0x0, 0x0, 0x5f, 0xff, 0xfa, 0x0,
    0x0, 0x0, 0x4f, 0xff, 0xf9, 0x0, 0x0, 0x0,
    0x0, 0xf, 0xff, 0xff, 0x0, 0x0, 0x0, 0xaf,
    0xff, 0xf4, 0x0, 0x0, 0x0, 0x0, 0xa, 0xff,
    0xff, 0x50, 0x0, 0x0, 0xef, 0xff, 0xe0, 0x0,
    0x0, 0x0, 0x0, 0x4, 0xff, 0xff, 0xa0, 0x0,
    0x4, 0xff, 0xff, 0x90, 0x0, 0x0, 0x0, 0x0,
    0x0, 0xef, 0xff, 0xf0, 0x0, 0x9, 0xff, 0xff,
    0x30, 0x0, 0x0, 0x0, 0x0, 0x0, 0x8f, 0xff,
    0xf4, 0x0, 0xe, 0xff, 0xfd, 0x0, 0x0, 0x0,
    0x0, 0x0, 0x0, 0x3f, 0xff, 0xf9, 0x0, 0x3f,
    0xff, 0xf8, 0x0, 0x0, 0x0, 0x0, 0x0, 0x0,
    0xd, 0xff, 0xfe, 0x0, 0x7f, 0xff, 0xf2, 0x0,
    0x0, 0x0, 0x0, 0x0, 0x0, 0x7, 0xff, 0xff,
    0x20, 0xcf, 0xff, 0xc0, 0x0, 0x0, 0x0, 0x0,
    0x0, 0x0, 0x1, 0xff, 0xff, 0x70, 0xff, 0xff,
    0x70, 0x0, 0x0, 0x0, 0x0, 0x0, 0x0, 0x0,
    0xcf, 0xff, 0xb5, 0xff, 0xff, 0x10, 0x0, 0x0,
    0x0, 0x0, 0x0, 0x0, 0x0, 0x6f, 0xff, 0xf9,
    0xff, 0xfb, 0x0, 0x0, 0x0, 0x0, 0x0, 0x0,
    0x0, 0x0, 0x1f, 0xff, 0xff, 0xff, 0xf6, 0x0,
    0x0, 0x0, 0x0, 0x0, 0x0, 0x0, 0x0, 0xa,
    0xff, 0xff, 0xff, 0xf1, 0x0, 0x0, 0x0, 0x0,
    0x0, 0x0, 0x0, 0x0, 0x5, 0xff, 0xff, 0xff,
    0xa0, 0x0, 0x0, 0x0, 0x0, 0x0, 0x0, 0x0,
    0x0, 0x0, 0xef, 0xff, 0xff, 0x50, 0x0, 0x0,
    0x0, 0x0,

    /* U+0057 "W" */
    0xf, 0xff, 0xff, 0x0, 0x0, 0x0, 0x0, 0x4,
    0xff, 0xff, 0xf0, 0x0, 0x0, 0x0, 0x0, 0x5f,
    0xff, 0xfb, 0xb, 0xff, 0xff, 0x40, 0x0, 0x0,
    0x0, 0x8, 0xff, 0xff, 0xf3, 0x0, 0x0, 0x0,
    0x0, 0x9f, 0xff, 0xf6, 0x7, 0xff, 0xff, 0x80,
    0x0, 0x0, 0x0, 0xc, 0xff, 0xff, 0xf7, 0x0,
    0x0, 0x0, 0x0, 0xdf, 0xff, 0xf2, 0x2, 0xff,
    0xff, 0xc0, 0x0, 0x0, 0x0, 0xf, 0xff, 0xff,
    0xfb, 0x0, 0x0, 0x0, 0x1, 0xff, 0xff, 0xe0,
    0x0, 0xef, 0xff, 0xf0, 0x0, 0x0, 0x0, 0x4f,
    0xff, 0xff, 0xff, 0x0, 0x0, 0x0, 0x5, 0xff,
    0xff, 0x90, 0x0, 0xaf, 0xff, 0xf4, 0x0, 0x0,
    0x0, 0x8f, 0xff, 0xff, 0xff, 0x30, 0x0, 0x0,
    0x9, 0xff, 0xff, 0x50, 0x0, 0x5f, 0xff, 0xf8,
    0x0, 0x0, 0x0, 0xcf, 0xff, 0xaf, 0xff, 0x80,
    0x0, 0x0, 0xd, 0xff, 0xff, 0x10, 0x0, 0x1f,
    0xff, 0xfc, 0x0, 0x0, 0x0, 0xff, 0xff, 0x5f,
    0xff, 0xc0, 0x0, 0x0, 0x1f, 0xff, 0xfc, 0x0,
    0x0, 0xd, 0xff, 0xff, 0x0, 0x0, 0x4, 0xff,
    0xfd, 0x2f, 0xff, 0xf0, 0x0, 0x0, 0x4f, 0xff,
    0xf8, 0x0, 0x0, 0x8, 0xff, 0xff, 0x40, 0x0,
    0x8, 0xff, 0xf9, 0xe, 0xff, 0xf4, 0x0, 0x0,
    0x8f, 0xff, 0xf4, 0x0, 0x0, 0x4, 0xff, 0xff,
    0x80, 0x0, 0xd, 0xff, 0xf6, 0xb, 0xff, 0xf8,
    0x0, 0x0, 0xcf, 0xff, 0xf0, 0x0, 0x0, 0x0,
    0xff, 0xff, 0xb0, 0x0, 0x1f, 0xff, 0xf2, 0x7,
    0xff, 0xfc, 0x0, 0x0, 0xff, 0xff, 0xb0, 0x0,
    0x0, 0x0, 0xbf, 0xff, 0xf0, 0x0, 0x5f, 0xff,
    0xe0, 0x3, 0xff, 0xff, 0x0, 0x4, 0xff, 0xff,
    0x70, 0x0, 0x0, 0x0, 0x7f, 0xff, 0xf3, 0x0,
    0x9f, 0xff, 0xa0, 0x0, 0xef, 0xff, 0x40, 0x8,
    0xff, 0xff, 0x20, 0x0, 0x0, 0x0, 0x2f, 0xff,
    0xf7, 0x0, 0xdf, 0xff, 0x60, 0x0, 0xaf, 0xff,
    0x80, 0xb, 0xff, 0xfe, 0x0, 0x0, 0x0, 0x0,
    0xe, 0xff, 0xfa, 0x0, 0xff, 0xff, 0x10, 0x0,
    0x6f, 0xff, 0xb0, 0xf, 0xff, 0xf9, 0x0, 0x0,
    0x0, 0x0, 0xa, 0xff, 0xfd, 0x4, 0xff, 0xfd,
    0x0, 0x0, 0x2f, 0xff, 0xf0, 0x2f, 0xff, 0xf5,
    0x0, 0x0, 0x0, 0x0, 0x5, 0xff, 0xff, 0x17,
    0xff, 0xf9, 0x0, 0x0, 0xe, 0xff, 0xf3, 0x5f,
    0xff, 0xf1, 0x0, 0x0, 0x0, 0x0, 0x1, 0xff,
    0xff, 0x3a, 0xff, 0xf5, 0x0, 0x0, 0x9, 0xff,
    0xf6, 0x8f, 0xff, 0xc0, 0x0, 0x0, 0x0, 0x0,
    0x0, 0xdf, 0xff, 0x6d, 0xff, 0xf1, 0x0, 0x0,
    0x5, 0xff, 0xf9, 0xbf, 0xff, 0x80, 0x0, 0x0,
    0x0, 0x0, 0x0, 0x8f, 0xff, 0xaf, 0xff, 0xc0,
    0x0, 0x0, 0x1, 0xff, 0xfc, 0xef, 0xff, 0x40,
    0x0, 0x0, 0x0, 0x0, 0x0, 0x4f, 0xff, 0xff,
    0xff, 0x80, 0x0, 0x0, 0x0, 0xdf, 0xff, 0xff,
    0xff, 0x0, 0x0, 0x0, 0x0, 0x0, 0x0, 0xf,
    0xff, 0xff, 0xff, 0x40, 0x0, 0x0, 0x0, 0x8f,
    0xff, 0xff, 0xfb, 0x0, 0x0, 0x0, 0x0, 0x0,
    0x0, 0xb, 0xff, 0xff, 0xff, 0x0, 0x0, 0x0,
    0x0, 0x4f, 0xff, 0xff, 0xf7, 0x0, 0x0, 0x0,
    0x0, 0x0, 0x0, 0x7, 0xff, 0xff, 0xfb, 0x0,
    0x0, 0x0, 0x0, 0xf, 0xff, 0xff, 0xf2, 0x0,
    0x0, 0x0, 0x0, 0x0, 0x0, 0x2, 0xff, 0xff,
    0xf7, 0x0, 0x0, 0x0, 0x0, 0xc, 0xff, 0xff,
    0xe0, 0x0, 0x0, 0x0,

    /* U+0058 "X" */
    0x1, 0xef, 0xff, 0xf7, 0x0, 0x0, 0x0, 0x0,
    0x0, 0x5f, 0xff, 0xfe, 0x10, 0x4, 0xff, 0xff,
    0xf2, 0x0, 0x0, 0x0, 0x0, 0x1e, 0xff, 0xff,
    0x40, 0x0, 0x9, 0xff, 0xff, 0xc0, 0x0, 0x0,
    0x0, 0xb, 0xff, 0xff, 0x90, 0x0, 0x0, 0xe,
    0xff, 0xff, 0x70, 0x0, 0x0, 0x6, 0xff, 0xff,
    0xd0, 0x0, 0x0, 0x0, 0x4f, 0xff, 0xff, 0x20,
    0x0, 0x2, 0xff, 0xff, 0xf3, 0x0, 0x0, 0x0,
    0x0, 0x9f, 0xff, 0xfc, 0x0, 0x0, 0xbf, 0xff,
    0xf8, 0x0, 0x0, 0x0, 0x0, 0x0, 0xdf, 0xff,
    0xf5, 0x0, 0x5f, 0xff, 0xfd, 0x0, 0x0, 0x0,
    0x0, 0x0, 0x3, 0xff, 0xff, 0xe0, 0xe, 0xff,
    0xff, 0x20, 0x0, 0x0, 0x0, 0x0, 0x0, 0x8,
    0xff, 0xff, 0x77, 0xff, 0xff, 0x70, 0x0, 0x0,
    0x0, 0x0, 0x0, 0x0, 0xd, 0xff, 0xfe, 0xef,
    0xff, 0xc0, 0x0, 0x0, 0x0, 0x0, 0x0, 0x0,
    0x0, 0x2f, 0xff, 0xff, 0xff, 0xf2, 0x0, 0x0,
    0x0, 0x0, 0x0, 0x0, 0x0, 0x0, 0x7f, 0xff,
    0xff, 0xf6, 0x0, 0x0, 0x0, 0x0, 0x0, 0x0,
    0x0, 0x0, 0x0, 0xdf, 0xff, 0xfd, 0x0, 0x0,
    0x0, 0x0, 0x0, 0x0, 0x0, 0x0, 0x0, 0x3f,
    0xff, 0xff, 0xf5, 0x0, 0x0, 0x0, 0x0, 0x0,
    0x0, 0x0, 0x0, 0xd, 0xff, 0xff, 0xff, 0xe1,
    0x0, 0x0, 0x0, 0x0, 0x0, 0x0, 0x0, 0xa,
    0xff, 0xff, 0xff, 0xff, 0xb0, 0x0, 0x0, 0x0,
    0x0, 0x0, 0x0, 0x5, 0xff, 0xff, 0xab, 0xff,
    0xff, 0x60, 0x0, 0x0, 0x0, 0x0, 0x0, 0x1,
    0xef, 0xff, 0xf1, 0x3f, 0xff, 0xff, 0x20, 0x0,
    0x0, 0x0, 0x0, 0x0, 0xbf, 0xff, 0xf7, 0x0,
    0x9f, 0xff, 0xfc, 0x0, 0x0, 0x0, 0x0, 0x0,
    0x7f, 0xff, 0xfc, 0x0, 0x0, 0xef, 0xff, 0xf7,
    0x0, 0x0, 0x0, 0x0, 0x3f, 0xff, 0xff, 0x20,
    0x0, 0x4, 0xff, 0xff, 0xf3, 0x0, 0x0, 0x0,
    0xd, 0xff, 0xff, 0x70, 0x0, 0x0, 0x9, 0xff,
    0xff, 0xd0, 0x0, 0x0, 0x9, 0xff, 0xff, 0xc0,
    0x0, 0x0, 0x0, 0xe, 0xff, 0xff, 0x90, 0x0,
    0x4, 0xff, 0xff, 0xf1, 0x0, 0x0, 0x0, 0x0,
    0x4f, 0xff, 0xff, 0x40, 0x1, 0xef, 0xff, 0xf5,
    0x0, 0x0, 0x0, 0x0, 0x0, 0x9f, 0xff, 0xfe,
    0x0, 0xbf, 0xff, 0xfa, 0x0, 0x0, 0x0, 0x0,
    0x0, 0x0, 0xdf, 0xff, 0xfa,

    /* U+0059 "Y" */
    0xc, 0xff, 0xff, 0xa0, 0x0, 0x0, 0x0, 0x0,
    0x0, 0xe, 0xff, 0xff, 0x70, 0x3f, 0xff, 0xff,
    0x30, 0x0, 0x0, 0x0, 0x0, 0x7, 0xff, 0xff,
    0xd0, 0x0, 0x9f, 0xff, 0xfc, 0x0, 0x0, 0x0,
    0x0, 0x1, 0xff, 0xff, 0xf4, 0x0, 0x1, 0xef,
    0xff, 0xf5, 0x0, 0x0, 0x0, 0x0, 0x9f, 0xff,
    0xfb, 0x0, 0x0, 0x6, 0xff, 0xff, 0xe0, 0x0,
    0x0, 0x0, 0x2f, 0xff, 0xff, 0x20, 0x0, 0x0,
    0xc, 0xff, 0xff, 0x80, 0x0, 0x0, 0xb, 0xff,
    0xff, 0x70, 0x0, 0x0, 0x0, 0x3f, 0xff, 0xff,
    0x10, 0x0, 0x4, 0xff, 0xff, 0xd0, 0x0, 0x0,
    0x0, 0x0, 0x9f, 0xff, 0xfa, 0x0, 0x0, 0xdf,
    0xff, 0xf4, 0x0, 0x0, 0x0, 0x0, 0x0, 0xef,
    0xff, 0xf3, 0x0, 0x6f, 0xff, 0xfb, 0x0, 0x0,
    0x0, 0x0, 0x0, 0x5, 0xff, 0xff, 0xb0, 0xe,
    0xff, 0xff, 0x20, 0x0, 0x0, 0x0, 0x0, 0x0,
    0xc, 0xff, 0xff, 0x36, 0xff, 0xff, 0x70, 0x0,
    0x0, 0x0, 0x0, 0x0, 0x0, 0x2f, 0xff, 0xfa,
    0xdf, 0xff, 0xd0, 0x0, 0x0, 0x0, 0x0, 0x0,
    0x0, 0x0, 0x8f, 0xff, 0xff, 0xff, 0xf4, 0x0,
    0x0, 0x0, 0x0, 0x0, 0x0, 0x0, 0x0, 0xef,
    0xff, 0xff, 0xfb, 0x0, 0x0, 0x0, 0x0, 0x0,
    0x0, 0x0, 0x0, 0x5, 0xff, 0xff, 0xff, 0x20,
    0x0, 0x0, 0x0, 0x0, 0x0, 0x0, 0x0, 0x0,
    0xb, 0xff, 0xff, 0x70, 0x0, 0x0, 0x0, 0x0,
    0x0, 0x0, 0x0, 0x0, 0x0, 0x7f, 0xff, 0xf3,
    0x0, 0x0, 0x0, 0x0, 0x0, 0x0, 0x0, 0x0,
    0x0, 0x7, 0xff, 0xff, 0x30, 0x0, 0x0, 0x0,
    0x0, 0x0, 0x0, 0x0, 0x0, 0x0, 0x7f, 0xff,
    0xf3, 0x0, 0x0, 0x0, 0x0, 0x0, 0x0, 0x0,
    0x0, 0x0, 0x7, 0xff, 0xff, 0x30, 0x0, 0x0,
    0x0, 0x0, 0x0, 0x0, 0x0, 0x0, 0x0, 0x7f,
    0xff, 0xf3, 0x0, 0x0, 0x0, 0x0, 0x0, 0x0,
    0x0, 0x0, 0x0, 0x7, 0xff, 0xff, 0x30, 0x0,
    0x0, 0x0, 0x0, 0x0, 0x0, 0x0, 0x0, 0x0,
    0x7f, 0xff, 0xf3, 0x0, 0x0, 0x0, 0x0, 0x0,
    0x0, 0x0, 0x0, 0x0, 0x7, 0xff, 0xff, 0x30,
    0x0, 0x0, 0x0, 0x0, 0x0, 0x0, 0x0, 0x0,
    0x0, 0x7f, 0xff, 0xf3, 0x0, 0x0, 0x0, 0x0,
    0x0, 0x0, 0x0, 0x0, 0x0, 0x7, 0xff, 0xff,
    0x30, 0x0, 0x0, 0x0, 0x0,

    /* U+005A "Z" */
    0xff, 0xff, 0xff, 0xff, 0xff, 0xff, 0xff, 0xff,
    0xff, 0xf6, 0xff, 0xff, 0xff, 0xff, 0xff, 0xff,
    0xff, 0xff, 0xff, 0xf6, 0xff, 0xff, 0xff, 0xff,
    0xff, 0xff, 0xff, 0xff, 0xff, 0xf5, 0xef, 0xff,
    0xff, 0xff, 0xff, 0xff, 0xff, 0xff, 0xff, 0xe1,
    0x0, 0x0, 0x0, 0x0, 0x0, 0x0, 0x9, 0xff,
    0xff, 0x40, 0x0, 0x0, 0x0, 0x0, 0x0, 0x0,
    0x6f, 0xff, 0xf9, 0x0, 0x0, 0x0, 0x0, 0x0,
    0x0, 0x3, 0xff, 0xff, 0xd0, 0x0, 0x0, 0x0,
    0x0, 0x0, 0x0, 0xd, 0xff, 0xff, 0x30, 0x0,
    0x0, 0x0, 0x0, 0x0, 0x0, 0xaf, 0xff, 0xf7,
    0x0, 0x0, 0x0, 0x0, 0x0, 0x0, 0x5, 0xff,
    0xff, 0xc0, 0x0, 0x0, 0x0, 0x0, 0x0, 0x0,
    0x1e, 0xff, 0xff, 0x20, 0x0, 0x0, 0x0, 0x0,
    0x0, 0x0, 0xbf, 0xff, 0xf5, 0x0, 0x0, 0x0,
    0x0, 0x0, 0x0, 0x7, 0xff, 0xff, 0xa0, 0x0,
    0x0, 0x0, 0x0, 0x0, 0x0, 0x2f, 0xff, 0xfe,
    0x10, 0x0, 0x0, 0x0, 0x0, 0x0, 0x0, 0xdf,
    0xff, 0xf4, 0x0, 0x0, 0x0, 0x0, 0x0, 0x0,
    0x9, 0xff, 0xff, 0x80, 0x0, 0x0, 0x0, 0x0,
    0x0, 0x0, 0x4f, 0xff, 0xfd, 0x0, 0x0, 0x0,
    0x0, 0x0, 0x0, 0x1, 0xef, 0xff, 0xf2, 0x0,
    0x0, 0x0, 0x0, 0x0, 0x0, 0xa, 0xff, 0xff,
    0x60, 0x0, 0x0, 0x0, 0x0, 0x0, 0x0, 0x6f,
    0xff, 0xfa, 0x0, 0x0, 0x0, 0x0, 0x0, 0x0,
    0x2, 0xff, 0xff, 0xd0, 0x0, 0x0, 0x0, 0x0,
    0x0, 0x0, 0xc, 0xff, 0xfe, 0x20, 0x0, 0x0,
    0x0, 0x0, 0x0, 0x0, 0x7f, 0xff, 0xff, 0xee,
    0xee, 0xee, 0xee, 0xee, 0xee, 0xe6, 0xef, 0xff,
    0xff, 0xff, 0xff, 0xff, 0xff, 0xff, 0xff, 0xf7,
    0xef, 0xff, 0xff, 0xff, 0xff, 0xff, 0xff, 0xff,
    0xff, 0xf7, 0xef, 0xff, 0xff, 0xff, 0xff, 0xff,
    0xff, 0xff, 0xff, 0xf7,

    /* U+005B "[" */
    0x8f, 0xff, 0xff, 0xff, 0x88, 0xff, 0xff, 0xff,
    0xf8, 0x8f, 0xff, 0xff, 0xff, 0x88, 0xff, 0xff,
    0x99, 0x94, 0x8f, 0xff, 0xd0, 0x0, 0x8, 0xff,
    0xfd, 0x0, 0x0, 0x8f, 0xff, 0xd0, 0x0, 0x8,
    0xff, 0xfd, 0x0, 0x0, 0x8f, 0xff, 0xd0, 0x0,
    0x8, 0xff, 0xfd, 0x0, 0x0, 0x8f, 0xff, 0xd0,
    0x0, 0x8, 0xff, 0xfd, 0x0, 0x0, 0x8f, 0xff,
    0xd0, 0x0, 0x8, 0xff, 0xfd, 0x0, 0x0, 0x8f,
    0xff, 0xd0, 0x0, 0x8, 0xff, 0xfd, 0x0, 0x0,
    0x8f, 0xff, 0xd0, 0x0, 0x8, 0xff, 0xfd, 0x0,
    0x0, 0x8f, 0xff, 0xd0, 0x0, 0x8, 0xff, 0xfd,
    0x0, 0x0, 0x8f, 0xff, 0xd0, 0x0, 0x8, 0xff,
    0xfd, 0x0, 0x0, 0x8f, 0xff, 0xd0, 0x0, 0x8,
    0xff, 0xfd, 0x0, 0x0, 0x8f, 0xff, 0xd0, 0x0,
    0x8, 0xff, 0xfd, 0x0, 0x0, 0x8f, 0xff, 0xd0,
    0x0, 0x8, 0xff, 0xfd, 0x0, 0x0, 0x8f, 0xff,
    0xd0, 0x0, 0x8, 0xff, 0xff, 0x99, 0x94, 0x8f,
    0xff, 0xff, 0xff, 0x88, 0xff, 0xff, 0xff, 0xf8,
    0x8f, 0xff, 0xff, 0xff, 0x80,

    /* U+005C "\\" */
    0x28, 0x88, 0x50, 0x0, 0x0, 0x0, 0x0, 0x2f,
    0xff, 0xe0, 0x0, 0x0, 0x0, 0x0, 0xd, 0xff,
    0xf2, 0x0, 0x0, 0x0, 0x0, 0x9, 0xff, 0xf6,
    0x0, 0x0, 0x0, 0x0, 0x5, 0xff, 0xfa, 0x0,
    0x0, 0x0, 0x0, 0x1, 0xff, 0xfe, 0x0, 0x0,
    0x0, 0x0, 0x0, 0xcf, 0xff, 0x30, 0x0, 0x0,
    0x0, 0x0, 0x8f, 0xff, 0x70, 0x0, 0x0, 0x0,
    0x0, 0x4f, 0xff, 0xc0, 0x0, 0x0, 0x0, 0x0,
    0xf, 0xff, 0xf0, 0x0, 0x0, 0x0, 0x0, 0xb,
    0xff, 0xf4, 0x0, 0x0, 0x0, 0x0, 0x7, 0xff,
    0xf8, 0x0, 0x0, 0x0, 0x0, 0x3, 0xff, 0xfd,
    0x0, 0x0, 0x0, 0x0, 0x0, 0xef, 0xff, 0x10,
    0x0, 0x0, 0x0, 0x0, 0xaf, 0xff, 0x50, 0x0,
    0x0, 0x0, 0x0, 0x6f, 0xff, 0xa0, 0x0, 0x0,
    0x0, 0x0, 0x1f, 0xff, 0xe0, 0x0, 0x0, 0x0,
    0x0, 0xd, 0xff, 0xf2, 0x0, 0x0, 0x0, 0x0,
    0x9, 0xff, 0xf6, 0x0, 0x0, 0x0, 0x0, 0x5,
    0xff, 0xfb, 0x0, 0x0, 0x0, 0x0, 0x1, 0xff,
    0xff, 0x0, 0x0, 0x0, 0x0, 0x0, 0xcf, 0xff,
    0x30, 0x0, 0x0, 0x0, 0x0, 0x8f, 0xff, 0x80,
    0x0, 0x0, 0x0, 0x0, 0x3f, 0xff, 0xc0, 0x0,
    0x0, 0x0, 0x0, 0xf, 0xff, 0xf0, 0x0, 0x0,
    0x0, 0x0, 0xb, 0xff, 0xf4, 0x0, 0x0, 0x0,
    0x0, 0x7, 0xff, 0xf9, 0x0, 0x0, 0x0, 0x0,
    0x2, 0xff, 0xfd, 0x0, 0x0, 0x0, 0x0, 0x0,
    0xef, 0xff, 0x10, 0x0, 0x0, 0x0, 0x0, 0xaf,
    0xff, 0x60, 0x0, 0x0, 0x0, 0x0, 0x5f, 0xff,
    0xa0, 0x0, 0x0, 0x0, 0x0, 0x1f, 0xff, 0xe0,

    /* U+005D "]" */
    0x1f, 0xff, 0xff, 0xff, 0xf1, 0xff, 0xff, 0xff,
    0xff, 0x1f, 0xff, 0xff, 0xff, 0xf0, 0x99, 0x9c,
    0xff, 0xff, 0x0, 0x0, 0x6f, 0xff, 0xf0, 0x0,
    0x6, 0xff, 0xff, 0x0, 0x0, 0x6f, 0xff, 0xf0,
    0x0, 0x6, 0xff, 0xff, 0x0, 0x0, 0x6f, 0xff,
    0xf0, 0x0, 0x6, 0xff, 0xff, 0x0, 0x0, 0x6f,
    0xff, 0xf0, 0x0, 0x6, 0xff, 0xff, 0x0, 0x0,
    0x6f, 0xff, 0xf0, 0x0, 0x6, 0xff, 0xff, 0x0,
    0x0, 0x6f, 0xff, 0xf0, 0x0, 0x6, 0xff, 0xff,
    0x0, 0x0, 0x6f, 0xff, 0xf0, 0x0, 0x6, 0xff,
    0xff, 0x0, 0x0, 0x6f, 0xff, 0xf0, 0x0, 0x6,
    0xff, 0xff, 0x0, 0x0, 0x6f, 0xff, 0xf0, 0x0,
    0x6, 0xff, 0xff, 0x0, 0x0, 0x6f, 0xff, 0xf0,
    0x0, 0x6, 0xff, 0xff, 0x0, 0x0, 0x6f, 0xff,
    0xf0, 0x0, 0x6, 0xff, 0xff, 0x0, 0x0, 0x6f,
    0xff, 0xf0, 0x0, 0x6, 0xff, 0xff, 0x0, 0x0,
    0x6f, 0xff, 0xf0, 0x99, 0x9c, 0xff, 0xff, 0x1f,
    0xff, 0xff, 0xff, 0xf1, 0xff, 0xff, 0xff, 0xff,
    0x1f, 0xff, 0xff, 0xff, 0xf0,

    /* U+005E "^" */
    0x0, 0x0, 0x3, 0x88, 0x86, 0x0, 0x0, 0x0,
    0x0, 0x0, 0xd, 0xff, 0xff, 0x20, 0x0, 0x0,
    0x0, 0x0, 0x4f, 0xff, 0xff, 0x90, 0x0, 0x0,
    0x0, 0x0, 0xcf, 0xff, 0xff, 0xf1, 0x0, 0x0,
    0x0, 0x3, 0xff, 0xf5, 0xef, 0xf8, 0x0, 0x0,
    0x0, 0xb, 0xff, 0xd0, 0x8f, 0xff, 0x10, 0x0,
    0x0, 0x2f, 0xff, 0x60, 0x1f, 0xff, 0x70, 0x0,
    0x0, 0x9f, 0xff, 0x0, 0xa, 0xff, 0xe0, 0x0,
    0x1, 0xff, 0xf9, 0x0, 0x3, 0xff, 0xf6, 0x0,
    0x8, 0xff, 0xf2, 0x0, 0x0, 0xcf, 0xfd, 0x0,
    0x1f, 0xff, 0xb0, 0x0, 0x0, 0x5f, 0xff, 0x50,
    0x7f, 0xff, 0x40, 0x0, 0x0, 0xe, 0xff, 0xc0,

    /* U+005F "_" */
    0xbb, 0xbb, 0xbb, 0xbb, 0xbb, 0xbb, 0xbb, 0xbb,
    0x9f, 0xff, 0xff, 0xff, 0xff, 0xff, 0xff, 0xff,
    0xfe, 0xff, 0xff, 0xff, 0xff, 0xff, 0xff, 0xff,
    0xff, 0xef, 0xff, 0xff, 0xff, 0xff, 0xff, 0xff,
    0xff, 0xfe,

    /* U+0060 "`" */
    0x6, 0x66, 0x61, 0x0, 0xa, 0xff, 0xf9, 0x0,
    0x1, 0xef, 0xff, 0x10, 0x0, 0x5f, 0xff, 0x80,
    0x0, 0xa, 0xff, 0xe0, 0x0, 0x1, 0xef, 0xf6,

    /* U+0061 "a" */
    0x0, 0x0, 0x6, 0xad, 0xff, 0xec, 0x82, 0x0,
    0x0, 0x0, 0x6, 0xef, 0xff, 0xff, 0xff, 0xff,
    0x90, 0x0, 0x0, 0x8f, 0xff, 0xff, 0xff, 0xff,
    0xff, 0xfc, 0x0, 0x5, 0xff, 0xff, 0xfd, 0x99,
    0xbf, 0xff, 0xff, 0x70, 0xd, 0xff, 0xff, 0x50,
    0x0, 0x2, 0xff, 0xff, 0xe0, 0x3, 0x6a, 0xd6,
    0x0, 0x0, 0x0, 0x8f, 0xff, 0xf1, 0x0, 0x0,
    0x0, 0x0, 0x0, 0x0, 0x5f, 0xff, 0xf3, 0x0,
    0x0, 0x0, 0x0, 0x0, 0x2, 0xbf, 0xff, 0xf4,
    0x0, 0x0, 0x4, 0x79, 0xbd, 0xff, 0xff, 0xff,
    0xf4, 0x0, 0x29, 0xff, 0xff, 0xff, 0xff, 0xff,
    0xff, 0xf4, 0x4, 0xef, 0xff, 0xff, 0xff, 0xfc,
    0xaf, 0xff, 0xf4, 0x1f, 0xff, 0xff, 0xd8, 0x42,
    0x0, 0x4f, 0xff, 0xf4, 0x6f, 0xff, 0xf6, 0x0,
    0x0, 0x0, 0x4f, 0xff, 0xf4, 0x9f, 0xff, 0xd0,
    0x0, 0x0, 0x0, 0x6f, 0xff, 0xf4, 0x9f, 0xff,
    0xd0, 0x0, 0x0, 0x0, 0xcf, 0xff, 0xf4, 0x7f,
    0xff, 0xf4, 0x0, 0x0, 0xa, 0xff, 0xff, 0xf4,
    0x3f, 0xff, 0xff, 0xb7, 0x69, 0xef, 0xff, 0xff,
    0xf4, 0xa, 0xff, 0xff, 0xff, 0xff, 0xff, 0x6f,
    0xff, 0xf4, 0x0, 0xaf, 0xff, 0xff, 0xff, 0xf6,
    0x2f, 0xff, 0xf4, 0x0, 0x4, 0xad, 0xff, 0xd9,
    0x20, 0x2f, 0xff, 0xf4,

    /* U+0062 "b" */
    0x9f, 0xff, 0xf0, 0x0, 0x0, 0x0, 0x0, 0x0,
    0x0, 0x9, 0xff, 0xff, 0x0, 0x0, 0x0, 0x0,
    0x0, 0x0, 0x0, 0x9f, 0xff, 0xf0, 0x0, 0x0,
    0x0, 0x0, 0x0, 0x0, 0x9, 0xff, 0xff, 0x0,
    0x0, 0x0, 0x0, 0x0, 0x0, 0x0, 0x9f, 0xff,
    0xf0, 0x0, 0x0, 0x0, 0x0, 0x0, 0x0, 0x9,
    0xff, 0xff, 0x0, 0x0, 0x0, 0x0, 0x0, 0x0,
    0x0, 0x9f, 0xff, 0xf0, 0x2, 0x9d, 0xff, 0xc8,
    0x10, 0x0, 0x9, 0xff, 0xff, 0x5, 0xff, 0xff,
    0xff, 0xff, 0x60, 0x0, 0x9f, 0xff, 0xf3, 0xff,
    0xff, 0xff, 0xff, 0xff, 0x70, 0x9, 0xff, 0xff,
    0xdf, 0xfe, 0xce, 0xff, 0xff, 0xff, 0x30, 0x9f,
    0xff, 0xff, 0xe4, 0x0, 0x3, 0xdf, 0xff, 0xfc,
    0x9, 0xff, 0xff, 0xf2, 0x0, 0x0, 0x1, 0xef,
    0xff, 0xf3, 0x9f, 0xff, 0xf8, 0x0, 0x0, 0x0,
    0x7, 0xff, 0xff, 0x89, 0xff, 0xff, 0x30, 0x0,
    0x0, 0x0, 0x1f, 0xff, 0xfb, 0x9f, 0xff, 0xf0,
    0x0, 0x0, 0x0, 0x0, 0xef, 0xff, 0xd9, 0xff,
    0xfe, 0x0, 0x0, 0x0, 0x0, 0xc, 0xff, 0xfe,
    0x9f, 0xff, 0xe0, 0x0, 0x0, 0x0, 0x0, 0xdf,
    0xff, 0xe9, 0xff, 0xff, 0x0, 0x0, 0x0, 0x0,
    0xe, 0xff, 0xfd, 0x9f, 0xff, 0xf3, 0x0, 0x0,
    0x0, 0x1, 0xff, 0xff, 0xb9, 0xff, 0xff, 0x90,
    0x0, 0x0, 0x0, 0x7f, 0xff, 0xf8, 0x9f, 0xff,
    0xff, 0x20, 0x0, 0x0, 0x1e, 0xff, 0xff, 0x39,
    0xff, 0xff, 0xfe, 0x40, 0x0, 0x3d, 0xff, 0xff,
    0xc0, 0x9f, 0xff, 0xfd, 0xff, 0xec, 0xef, 0xff,
    0xff, 0xf3, 0x9, 0xff, 0xfe, 0x3f, 0xff, 0xff,
    0xff, 0xff, 0xf7, 0x0, 0x9f, 0xff, 0xe0, 0x5f,
    0xff, 0xff, 0xff, 0xf6, 0x0, 0x9, 0xff, 0xfe,
    0x0, 0x29, 0xef, 0xfd, 0x81, 0x0, 0x0,

    /* U+0063 "c" */
    0x0, 0x0, 0x1, 0x6b, 0xef, 0xfe, 0xb6, 0x0,
    0x0, 0x0, 0x0, 0x6, 0xff, 0xff, 0xff, 0xff,
    0xfe, 0x50, 0x0, 0x0, 0x9, 0xff, 0xff, 0xff,
    0xff, 0xff, 0xff, 0x70, 0x0, 0x7, 0xff, 0xff,
    0xfe, 0xcc, 0xff, 0xff, 0xff, 0x40, 0x2, 0xff,
    0xff, 0xf7, 0x0, 0x0, 0x8f, 0xff, 0xfd, 0x0,
    0x9f, 0xff, 0xf7, 0x0, 0x0, 0x0, 0x9f, 0xff,
    0xf3, 0xe, 0xff, 0xfe, 0x0, 0x0, 0x0, 0x1,
    0xeb, 0x85, 0x13, 0xff, 0xff, 0x80, 0x0, 0x0,
    0x0, 0x0, 0x0, 0x0, 0x5f, 0xff, 0xf5, 0x0,
    0x0, 0x0, 0x0, 0x0, 0x0, 0x6, 0xff, 0xff,
    0x30, 0x0, 0x0, 0x0, 0x0, 0x0, 0x0, 0x6f,
    0xff, 0xf4, 0x0, 0x0, 0x0, 0x0, 0x0, 0x0,
    0x5, 0xff, 0xff, 0x50, 0x0, 0x0, 0x0, 0x0,
    0x0, 0x0, 0x3f, 0xff, 0xf9, 0x0, 0x0, 0x0,
    0x0, 0x0, 0x0, 0x0, 0xff, 0xff, 0xe0, 0x0,
    0x0, 0x0, 0x1f, 0xda, 0x72, 0x9, 0xff, 0xff,
    0x70, 0x0, 0x0, 0x8, 0xff, 0xff, 0x40, 0x2f,
    0xff, 0xff, 0x70, 0x0, 0x8, 0xff, 0xff, 0xd0,
    0x0, 0x6f, 0xff, 0xff, 0xfc, 0xcf, 0xff, 0xff,
    0xf4, 0x0, 0x0, 0x8f, 0xff, 0xff, 0xff, 0xff,
    0xff, 0xf7, 0x0, 0x0, 0x0, 0x5f, 0xff, 0xff,
    0xff, 0xff, 0xe5, 0x0, 0x0, 0x0, 0x0, 0x16,
    0xbe, 0xff, 0xeb, 0x60, 0x0, 0x0,

    /* U+0064 "d" */
    0x0, 0x0, 0x0, 0x0, 0x0, 0x0, 0x0, 0x8f,
    0xff, 0xf1, 0x0, 0x0, 0x0, 0x0, 0x0, 0x0,
    0x0, 0x8f, 0xff, 0xf1, 0x0, 0x0, 0x0, 0x0,
    0x0, 0x0, 0x0, 0x8f, 0xff, 0xf1, 0x0, 0x0,
    0x0, 0x0, 0x0, 0x0, 0x0, 0x8f, 0xff, 0xf1,
    0x0, 0x0, 0x0, 0x0, 0x0, 0x0, 0x0, 0x8f,
    0xff, 0xf1, 0x0, 0x0, 0x0, 0x0, 0x0, 0x0,
    0x0, 0x8f, 0xff, 0xf1, 0x0, 0x0, 0x5, 0xbe,
    0xfe, 0xc6, 0x0, 0x8f, 0xff, 0xf1, 0x0, 0x2,
    0xcf, 0xff, 0xff, 0xff, 0xb0, 0x8f, 0xff, 0xf1,
    0x0, 0x2e, 0xff, 0xff, 0xff, 0xff, 0xfa, 0x8f,
    0xff, 0xf1, 0x0, 0xcf, 0xff, 0xff, 0xfc, 0xdf,
    0xff, 0xdf, 0xff, 0xf1, 0x5, 0xff, 0xff, 0xf7,
    0x0, 0x1, 0x9f, 0xff, 0xff, 0xf1, 0xc, 0xff,
    0xff, 0x70, 0x0, 0x0, 0xa, 0xff, 0xff, 0xf1,
    0xf, 0xff, 0xfe, 0x0, 0x0, 0x0, 0x1, 0xff,
    0xff, 0xf1, 0x3f, 0xff, 0xf8, 0x0, 0x0, 0x0,
    0x0, 0xbf, 0xff, 0xf1, 0x5f, 0xff, 0xf5, 0x0,
    0x0, 0x0, 0x0, 0x8f, 0xff, 0xf1, 0x6f, 0xff,
    0xf4, 0x0, 0x0, 0x0, 0x0, 0x7f, 0xff, 0xf1,
    0x6f, 0xff, 0xf4, 0x0, 0x0, 0x0, 0x0, 0x7f,
    0xff, 0xf1, 0x5f, 0xff, 0xf5, 0x0, 0x0, 0x0,
    0x0, 0x8f, 0xff, 0xf1, 0x3f, 0xff, 0xf9, 0x0,
    0x0, 0x0, 0x0, 0xcf, 0xff, 0xf1, 0xf, 0xff,
    0xfe, 0x0, 0x0, 0x0, 0x1, 0xff, 0xff, 0xf1,
    0xb, 0xff, 0xff, 0x80, 0x0, 0x0, 0xa, 0xff,
    0xff, 0xf1, 0x5, 0xff, 0xff, 0xf7, 0x0, 0x1,
    0xaf, 0xff, 0xff, 0xf1, 0x0, 0xcf, 0xff, 0xff,
    0xfd, 0xdf, 0xff, 0xcf, 0xff, 0xf1, 0x0, 0x1e,
    0xff, 0xff, 0xff, 0xff, 0xfa, 0x6f, 0xff, 0xf1,
    0x0, 0x2, 0xcf, 0xff, 0xff, 0xff, 0xb0, 0x6f,
    0xff, 0xf1, 0x0, 0x0, 0x5, 0xbe, 0xfe, 0xc6,
    0x0, 0x6f, 0xff, 0xf1,

    /* U+0065 "e" */
    0x0, 0x0, 0x1, 0x7b, 0xef, 0xfd, 0xa4, 0x0,
    0x0, 0x0, 0x0, 0x6, 0xff, 0xff, 0xff, 0xff,
    0xfd, 0x30, 0x0, 0x0, 0x8, 0xff, 0xff, 0xff,
    0xff, 0xff, 0xff, 0x40, 0x0, 0x6, 0xff, 0xff,
    0xfc, 0x9a, 0xdf, 0xff, 0xff, 0x20, 0x2, 0xff,
    0xff, 0xc2, 0x0, 0x0, 0x6f, 0xff, 0xfb, 0x0,
    0x9f, 0xff, 0xe1, 0x0, 0x0, 0x0, 0x8f, 0xff,
    0xf2, 0xe, 0xff, 0xf7, 0x0, 0x0, 0x0, 0x0,
    0xff, 0xff, 0x73, 0xff, 0xff, 0x42, 0x22, 0x22,
    0x22, 0x2c, 0xff, 0xfa, 0x5f, 0xff, 0xff, 0xff,
    0xff, 0xff, 0xff, 0xff, 0xff, 0xb6, 0xff, 0xff,
    0xff, 0xff, 0xff, 0xff, 0xff, 0xff, 0xfc, 0x6f,
    0xff, 0xff, 0xff, 0xff, 0xff, 0xff, 0xff, 0xff,
    0xc5, 0xff, 0xff, 0x20, 0x0, 0x0, 0x0, 0x0,
    0x0, 0x0, 0x3f, 0xff, 0xf5, 0x0, 0x0, 0x0,
    0x0, 0x0, 0x0, 0x0, 0xff, 0xff, 0x90, 0x0,
    0x0, 0x0, 0x1, 0x0, 0x0, 0xa, 0xff, 0xff,
    0x30, 0x0, 0x0, 0x1, 0xfe, 0xb8, 0x20, 0x2f,
    0xff, 0xfe, 0x40, 0x0, 0x2, 0xdf, 0xff, 0xf2,
    0x0, 0x7f, 0xff, 0xff, 0xda, 0xac, 0xff, 0xff,
    0xf9, 0x0, 0x0, 0x9f, 0xff, 0xff, 0xff, 0xff,
    0xff, 0xfc, 0x0, 0x0, 0x0, 0x6f, 0xff, 0xff,
    0xff, 0xff, 0xf8, 0x0, 0x0, 0x0, 0x0, 0x16,
    0xbe, 0xff, 0xec, 0x72, 0x0, 0x0,

    /* U+0066 "f" */
    0x0, 0x0, 0x0, 0x5, 0xac, 0xcb, 0x83, 0x0,
    0x0, 0x2, 0xdf, 0xff, 0xff, 0xf5, 0x0, 0x0,
    0x1d, 0xff, 0xff, 0xff, 0xf1, 0x0, 0x0, 0x8f,
    0xff, 0xff, 0xff, 0xd0, 0x0, 0x0, 0xdf, 0xff,
    0xf5, 0x0, 0x20, 0x0, 0x0, 0xff, 0xff, 0xa0,
    0x0, 0x0, 0x0, 0x0, 0xff, 0xff, 0x80, 0x0,
    0x0, 0x0, 0x0, 0xff, 0xff, 0x80, 0x0, 0x0,
    0xaf, 0xff, 0xff, 0xff, 0xff, 0xff, 0xc0, 0xaf,
    0xff, 0xff, 0xff, 0xff, 0xff, 0xc0, 0xaf, 0xff,
    0xff, 0xff, 0xff, 0xff, 0xc0, 0x69, 0x9a, 0xff,
    0xff, 0xc9, 0x99, 0x70, 0x0, 0x0, 0xff, 0xff,
    0x80, 0x0, 0x0, 0x0, 0x0, 0xff, 0xff, 0x80,
    0x0, 0x0, 0x0, 0x0, 0xff, 0xff, 0x80, 0x0,
    0x0, 0x0, 0x0, 0xff, 0xff, 0x80, 0x0, 0x0,
    0x0, 0x0, 0xff, 0xff, 0x80, 0x0, 0x0, 0x0,
    0x0, 0xff, 0xff, 0x80, 0x0, 0x0, 0x0, 0x0,
    0xff, 0xff, 0x80, 0x0, 0x0, 0x0, 0x0, 0xff,
    0xff, 0x80, 0x0, 0x0, 0x0, 0x0, 0xff, 0xff,
    0x80, 0x0, 0x0, 0x0, 0x0, 0xff, 0xff, 0x80,
    0x0, 0x0, 0x0, 0x0, 0xff, 0xff, 0x80, 0x0,
    0x0, 0x0, 0x0, 0xff, 0xff, 0x80, 0x0, 0x0,
    0x0, 0x0, 0xff, 0xff, 0x80, 0x0, 0x0, 0x0,
    0x0, 0xff, 0xff, 0x80, 0x0, 0x0, 0x0, 0x0,
    0xff, 0xff, 0x80, 0x0, 0x0, 0x0, 0x0, 0xff,
    0xff, 0x80, 0x0, 0x0,

    /* U+0067 "g" */
    0x0, 0x0, 0x4, 0xae, 0xfe, 0xc6, 0x0, 0x6f,
    0xff, 0xf1, 0x0, 0x1, 0xbf, 0xff, 0xff, 0xff,
    0xc1, 0x6f, 0xff, 0xf1, 0x0, 0x1d, 0xff, 0xff,
    0xff, 0xff, 0xfb, 0x6f, 0xff, 0xf1, 0x0, 0xbf,
    0xff, 0xff, 0xfd, 0xdf, 0xff, 0xcf, 0xff, 0xf1,
    0x4, 0xff, 0xff, 0xf8, 0x0, 0x1, 0x9f, 0xff,
    0xff, 0xf1, 0xb, 0xff, 0xff, 0x80, 0x0, 0x0,
    0xa, 0xff, 0xff, 0xf1, 0xf, 0xff, 0xfe, 0x0,
    0x0, 0x0, 0x1, 0xff, 0xff, 0xf1, 0x3f, 0xff,
    0xf9, 0x0, 0x0, 0x0, 0x0, 0xcf, 0xff, 0xf1,
    0x5f, 0xff, 0xf6, 0x0, 0x0, 0x0, 0x0, 0x8f,
    0xff, 0xf1, 0x6f, 0xff, 0xf4, 0x0, 0x0, 0x0,
    0x0, 0x7f, 0xff, 0xf1, 0x6f, 0xff, 0xf4, 0x0,
    0x0, 0x0, 0x0, 0x6f, 0xff, 0xf1, 0x6f, 0xff,
    0xf5, 0x0, 0x0, 0x0, 0x0, 0x7f, 0xff, 0xf1,
    0x4f, 0xff, 0xf7, 0x0, 0x0, 0x0, 0x0, 0xaf,
    0xff, 0xf1, 0x1f, 0xff, 0xfc, 0x0, 0x0, 0x0,
    0x0, 0xff, 0xff, 0xf1, 0xd, 0xff, 0xff, 0x50,
    0x0, 0x0, 0x8, 0xff, 0xff, 0xf1, 0x6, 0xff,
    0xff, 0xf4, 0x0, 0x0, 0x6f, 0xff, 0xff, 0xf1,
    0x0, 0xdf, 0xff, 0xff, 0xda, 0xae, 0xff, 0xef,
    0xff, 0xf1, 0x0, 0x2e, 0xff, 0xff, 0xff, 0xff,
    0xfb, 0x6f, 0xff, 0xf1, 0x0, 0x2, 0xdf, 0xff,
    0xff, 0xff, 0xc1, 0x6f, 0xff, 0xf1, 0x0, 0x0,
    0x5, 0xbe, 0xfe, 0xc7, 0x0, 0x6f, 0xff, 0xf1,
    0x0, 0x0, 0x0, 0x0, 0x0, 0x0, 0x0, 0x7f,
    0xff, 0xf0, 0x0, 0x0, 0x22, 0x0, 0x0, 0x0,
    0x0, 0xcf, 0xff, 0xd0, 0x3, 0xae, 0xfe, 0x40,
    0x0, 0x0, 0x8, 0xff, 0xff, 0x80, 0x3, 0xff,
    0xff, 0xfc, 0x98, 0x9a, 0xff, 0xff, 0xfe, 0x10,
    0x0, 0x6f, 0xff, 0xff, 0xff, 0xff, 0xff, 0xff,
    0xe2, 0x0, 0x0, 0x4, 0xef, 0xff, 0xff, 0xff,
    0xff, 0xfa, 0x20, 0x0, 0x0, 0x0, 0x5, 0xad,
    0xef, 0xfd, 0xc7, 0x30, 0x0, 0x0,

    /* U+0068 "h" */
    0x9f, 0xff, 0xe0, 0x0, 0x0, 0x0, 0x0, 0x0,
    0x0, 0x9f, 0xff, 0xe0, 0x0, 0x0, 0x0, 0x0,
    0x0, 0x0, 0x9f, 0xff, 0xe0, 0x0, 0x0, 0x0,
    0x0, 0x0, 0x0, 0x9f, 0xff, 0xe0, 0x0, 0x0,
    0x0, 0x0, 0x0, 0x0, 0x9f, 0xff, 0xe0, 0x0,
    0x0, 0x0, 0x0, 0x0, 0x0, 0x9f, 0xff, 0xe0,
    0x0, 0x0, 0x0, 0x0, 0x0, 0x0, 0x9f, 0xff,
    0xe0, 0x1, 0x8d, 0xff, 0xd8, 0x10, 0x0, 0x9f,
    0xff, 0xe0, 0x4f, 0xff, 0xff, 0xff, 0xf4, 0x0,
    0x9f, 0xff, 0xe3, 0xff, 0xff, 0xff, 0xff, 0xff,
    0x30, 0x9f, 0xff, 0xed, 0xff, 0xfe, 0xff, 0xff,
    0xff, 0xc0, 0x9f, 0xff, 0xff, 0xc3, 0x0, 0x19,
    0xff, 0xff, 0xf3, 0x9f, 0xff, 0xfd, 0x0, 0x0,
    0x0, 0xaf, 0xff, 0xf7, 0x9f, 0xff, 0xf5, 0x0,
    0x0, 0x0, 0x3f, 0xff, 0xf8, 0x9f, 0xff, 0xf1,
    0x0, 0x0, 0x0, 0xf, 0xff, 0xf9, 0x9f, 0xff,
    0xf0, 0x0, 0x0, 0x0, 0xf, 0xff, 0xfa, 0x9f,
    0xff, 0xf0, 0x0, 0x0, 0x0, 0xf, 0xff, 0xfa,
    0x9f, 0xff, 0xf0, 0x0, 0x0, 0x0, 0xf, 0xff,
    0xfa, 0x9f, 0xff, 0xf0, 0x0, 0x0, 0x0, 0xf,
    0xff, 0xfa, 0x9f, 0xff, 0xf0, 0x0, 0x0, 0x0,
    0xf, 0xff, 0xfa, 0x9f, 0xff, 0xf0, 0x0, 0x0,
    0x0, 0xf, 0xff, 0xfa, 0x9f, 0xff, 0xf0, 0x0,
    0x0, 0x0, 0xf, 0xff, 0xfa, 0x9f, 0xff, 0xf0,
    0x0, 0x0, 0x0, 0xf, 0xff, 0xfa, 0x9f, 0xff,
    0xf0, 0x0, 0x0, 0x0, 0xf, 0xff, 0xfa, 0x9f,
    0xff, 0xf0, 0x0, 0x0, 0x0, 0xf, 0xff, 0xfa,
    0x9f, 0xff, 0xf0, 0x0, 0x0, 0x0, 0xf, 0xff,
    0xfa, 0x9f, 0xff, 0xf0, 0x0, 0x0, 0x0, 0xf,
    0xff, 0xfa,

    /* U+0069 "i" */
    0x1a, 0xfd, 0x40, 0xaf, 0xff, 0xf2, 0xef, 0xff,
    0xf5, 0xaf, 0xff, 0xf2, 0x1b, 0xfd, 0x50, 0x0,
    0x0, 0x0, 0x0, 0x0, 0x0, 0x0, 0x0, 0x0,
    0x9f, 0xff, 0xf0, 0x9f, 0xff, 0xf0, 0x9f, 0xff,
    0xf0, 0x9f, 0xff, 0xf0, 0x9f, 0xff, 0xf0, 0x9f,
    0xff, 0xf0, 0x9f, 0xff, 0xf0, 0x9f, 0xff, 0xf0,
    0x9f, 0xff, 0xf0, 0x9f, 0xff, 0xf0, 0x9f, 0xff,
    0xf0, 0x9f, 0xff, 0xf0, 0x9f, 0xff, 0xf0, 0x9f,
    0xff, 0xf0, 0x9f, 0xff, 0xf0, 0x9f, 0xff, 0xf0,
    0x9f, 0xff, 0xf0, 0x9f, 0xff, 0xf0, 0x9f, 0xff,
    0xf0, 0x9f, 0xff, 0xf0,

    /* U+006A "j" */
    0x0, 0x1, 0xaf, 0xd4, 0x0, 0x0, 0xaf, 0xff,
    0xf1, 0x0, 0xe, 0xff, 0xff, 0x40, 0x0, 0xaf,
    0xff, 0xf1, 0x0, 0x1, 0xbf, 0xd4, 0x0, 0x0,
    0x0, 0x0, 0x0, 0x0, 0x0, 0x0, 0x0, 0x0,
    0x0, 0x0, 0x0, 0x0, 0x0, 0x9, 0xff, 0xff,
    0x0, 0x0, 0x9f, 0xff, 0xf0, 0x0, 0x9, 0xff,
    0xff, 0x0, 0x0, 0x9f, 0xff, 0xf0, 0x0, 0x9,
    0xff, 0xff, 0x0, 0x0, 0x9f, 0xff, 0xf0, 0x0,
    0x9, 0xff, 0xff, 0x0, 0x0, 0x9f, 0xff, 0xf0,
    0x0, 0x9, 0xff, 0xff, 0x0, 0x0, 0x9f, 0xff,
    0xf0, 0x0, 0x9, 0xff, 0xff, 0x0, 0x0, 0x9f,
    0xff, 0xf0, 0x0, 0x9, 0xff, 0xff, 0x0, 0x0,
    0x9f, 0xff, 0xf0, 0x0, 0x9, 0xff, 0xff, 0x0,
    0x0, 0x9f, 0xff, 0xf0, 0x0, 0x9, 0xff, 0xff,
    0x0, 0x0, 0x9f, 0xff, 0xf0, 0x0, 0x9, 0xff,
    0xff, 0x0, 0x0, 0x9f, 0xff, 0xf0, 0x0, 0x9,
    0xff, 0xff, 0x0, 0x0, 0xbf, 0xff, 0xf0, 0x0,
    0x3f, 0xff, 0xfd, 0x8, 0xdf, 0xff, 0xff, 0x80,
    0xbf, 0xff, 0xff, 0xe1, 0xb, 0xff, 0xff, 0xe3,
    0x0, 0xbf, 0xeb, 0x70, 0x0, 0x0,

    /* U+006B "k" */
    0x9f, 0xff, 0xf0, 0x0, 0x0, 0x0, 0x0, 0x0,
    0x0, 0x9, 0xff, 0xff, 0x0, 0x0, 0x0, 0x0,
    0x0, 0x0, 0x0, 0x9f, 0xff, 0xf0, 0x0, 0x0,
    0x0, 0x0, 0x0, 0x0, 0x9, 0xff, 0xff, 0x0,
    0x0, 0x0, 0x0, 0x0, 0x0, 0x0, 0x9f, 0xff,
    0xf0, 0x0, 0x0, 0x0, 0x0, 0x0, 0x0, 0x9,
    0xff, 0xff, 0x0, 0x0, 0x0, 0x0, 0x0, 0x0,
    0x0, 0x9f, 0xff, 0xf0, 0x0, 0x0, 0x1, 0xef,
    0xff, 0xf5, 0x9, 0xff, 0xff, 0x0, 0x0, 0x1,
    0xdf, 0xff, 0xf7, 0x0, 0x9f, 0xff, 0xf0, 0x0,
    0x0, 0xcf, 0xff, 0xf9, 0x0, 0x9, 0xff, 0xff,
    0x0, 0x0, 0xaf, 0xff, 0xfb, 0x0, 0x0, 0x9f,
    0xff, 0xf0, 0x0, 0x8f, 0xff, 0xfc, 0x0, 0x0,
    0x9, 0xff, 0xff, 0x0, 0x6f, 0xff, 0xfd, 0x10,
    0x0, 0x0, 0x9f, 0xff, 0xf0, 0x4f, 0xff, 0xfe,
    0x20, 0x0, 0x0, 0x9, 0xff, 0xff, 0x3f, 0xff,
    0xff, 0x30, 0x0, 0x0, 0x0, 0x9f, 0xff, 0xff,
    0xff, 0xff, 0x60, 0x0, 0x0, 0x0, 0x9, 0xff,
    0xff, 0xff, 0xff, 0xfc, 0x0, 0x0, 0x0, 0x0,
    0x9f, 0xff, 0xff, 0xff, 0xff, 0xf7, 0x0, 0x0,
    0x0, 0x9, 0xff, 0xff, 0xfb, 0xff, 0xff, 0xf3,
    0x0, 0x0, 0x0, 0x9f, 0xff, 0xfb, 0x9, 0xff,
    0xff, 0xd0, 0x0, 0x0, 0x9, 0xff, 0xff, 0x0,
    0xd, 0xff, 0xff, 0x90, 0x0, 0x0, 0x9f, 0xff,
    0xf0, 0x0, 0x2f, 0xff, 0xff, 0x50, 0x0, 0x9,
    0xff, 0xff, 0x0, 0x0, 0x7f, 0xff, 0xfe, 0x10,
    0x0, 0x9f, 0xff, 0xf0, 0x0, 0x0, 0xbf, 0xff,
    0xfb, 0x0, 0x9, 0xff, 0xff, 0x0, 0x0, 0x1,
    0xef, 0xff, 0xf7, 0x0, 0x9f, 0xff, 0xf0, 0x0,
    0x0, 0x5, 0xff, 0xff, 0xf3, 0x9, 0xff, 0xff,
    0x0, 0x0, 0x0, 0x9, 0xff, 0xff, 0xd0,

    /* U+006C "l" */
    0x9f, 0xff, 0xf9, 0xff, 0xff, 0x9f, 0xff, 0xf9,
    0xff, 0xff, 0x9f, 0xff, 0xf9, 0xff, 0xff, 0x9f,
    0xff, 0xf9, 0xff, 0xff, 0x9f, 0xff, 0xf9, 0xff,
    0xff, 0x9f, 0xff, 0xf9, 0xff, 0xff, 0x9f, 0xff,
    0xf9, 0xff, 0xff, 0x9f, 0xff, 0xf9, 0xff, 0xff,
    0x9f, 0xff, 0xf9, 0xff, 0xff, 0x9f, 0xff, 0xf9,
    0xff, 0xff, 0x9f, 0xff, 0xf9, 0xff, 0xff, 0x9f,
    0xff, 0xf9, 0xff, 0xff, 0x9f, 0xff, 0xf9, 0xff,
    0xff,

    /* U+006D "m" */
    0x9f, 0xff, 0xb0, 0x2, 0xad, 0xfe, 0x91, 0x0,
    0x0, 0x3a, 0xef, 0xec, 0x60, 0x0, 0x9f, 0xff,
    0xc0, 0x7f, 0xff, 0xff, 0xfd, 0x10, 0x8, 0xff,
    0xff, 0xff, 0xfc, 0x10, 0x9f, 0xff, 0xc5, 0xff,
    0xff, 0xff, 0xff, 0xb0, 0x8f, 0xff, 0xff, 0xff,
    0xff, 0xc0, 0x9f, 0xff, 0xdd, 0xff, 0xff, 0xff,
    0xff, 0xf5, 0xff, 0xff, 0xff, 0xff, 0xff, 0xf5,
    0x9f, 0xff, 0xff, 0xa1, 0x1, 0x7f, 0xff, 0xff,
    0xfc, 0x30, 0x4, 0xdf, 0xff, 0xfb, 0x9f, 0xff,
    0xfa, 0x0, 0x0, 0x8, 0xff, 0xff, 0xf1, 0x0,
    0x0, 0x2f, 0xff, 0xfe, 0x9f, 0xff, 0xf3, 0x0,
    0x0, 0x2, 0xff, 0xff, 0x90, 0x0, 0x0, 0xb,
    0xff, 0xff, 0x9f, 0xff, 0xf0, 0x0, 0x0, 0x0,
    0xff, 0xff, 0x70, 0x0, 0x0, 0x9, 0xff, 0xff,
    0x9f, 0xff, 0xf0, 0x0, 0x0, 0x0, 0xff, 0xff,
    0x70, 0x0, 0x0, 0x9, 0xff, 0xff, 0x9f, 0xff,
    0xf0, 0x0, 0x0, 0x0, 0xff, 0xff, 0x70, 0x0,
    0x0, 0x9, 0xff, 0xff, 0x9f, 0xff, 0xf0, 0x0,
    0x0, 0x0, 0xff, 0xff, 0x70, 0x0, 0x0, 0x9,
    0xff, 0xff, 0x9f, 0xff, 0xf0, 0x0, 0x0, 0x0,
    0xff, 0xff, 0x70, 0x0, 0x0, 0x9, 0xff, 0xff,
    0x9f, 0xff, 0xf0, 0x0, 0x0, 0x0, 0xff, 0xff,
    0x70, 0x0, 0x0, 0x9, 0xff, 0xff, 0x9f, 0xff,
    0xf0, 0x0, 0x0, 0x0, 0xff, 0xff, 0x70, 0x0,
    0x0, 0x9, 0xff, 0xff, 0x9f, 0xff, 0xf0, 0x0,
    0x0, 0x0, 0xff, 0xff, 0x70, 0x0, 0x0, 0x9,
    0xff, 0xff, 0x9f, 0xff, 0xf0, 0x0, 0x0, 0x0,
    0xff, 0xff, 0x70, 0x0, 0x0, 0x9, 0xff, 0xff,
    0x9f, 0xff, 0xf0, 0x0, 0x0, 0x0, 0xff, 0xff,
    0x70, 0x0, 0x0, 0x9, 0xff, 0xff, 0x9f, 0xff,
    0xf0, 0x0, 0x0, 0x0, 0xff, 0xff, 0x70, 0x0,
    0x0, 0x9, 0xff, 0xff, 0x9f, 0xff, 0xf0, 0x0,
    0x0, 0x0, 0xff, 0xff, 0x70, 0x0, 0x0, 0x9,
    0xff, 0xff, 0x9f, 0xff, 0xf0, 0x0, 0x0, 0x0,
    0xff, 0xff, 0x70, 0x0, 0x0, 0x9, 0xff, 0xff,

    /* U+006E "n" */
    0x9f, 0xff, 0xc0, 0x2, 0x9d, 0xff, 0xd8, 0x10,
    0x0, 0x9f, 0xff, 0xc0, 0x5f, 0xff, 0xff, 0xff,
    0xf4, 0x0, 0x9f, 0xff, 0xc4, 0xff, 0xff, 0xff,
    0xff, 0xff, 0x30, 0x9f, 0xff, 0xcd, 0xff, 0xfe,
    0xff, 0xff, 0xff, 0xc0, 0x9f, 0xff, 0xff, 0xc3,
    0x0, 0x19, 0xff, 0xff, 0xf2, 0x9f, 0xff, 0xfd,
    0x0, 0x0, 0x0, 0xaf, 0xff, 0xf6, 0x9f, 0xff,
    0xf5, 0x0, 0x0, 0x0, 0x3f, 0xff, 0xf8, 0x9f,
    0xff, 0xf1, 0x0, 0x0, 0x0, 0xf, 0xff, 0xf9,
    0x9f, 0xff, 0xf0, 0x0, 0x0, 0x0, 0xf, 0xff,
    0xf9, 0x9f, 0xff, 0xf0, 0x0, 0x0, 0x0, 0xf,
    0xff, 0xf9, 0x9f, 0xff, 0xf0, 0x0, 0x0, 0x0,
    0xf, 0xff, 0xf9, 0x9f, 0xff, 0xf0, 0x0, 0x0,
    0x0, 0xf, 0xff, 0xf9, 0x9f, 0xff, 0xf0, 0x0,
    0x0, 0x0, 0xf, 0xff, 0xf9, 0x9f, 0xff, 0xf0,
    0x0, 0x0, 0x0, 0xf, 0xff, 0xf9, 0x9f, 0xff,
    0xf0, 0x0, 0x0, 0x0, 0xf, 0xff, 0xf9, 0x9f,
    0xff, 0xf0, 0x0, 0x0, 0x0, 0xf, 0xff, 0xf9,
    0x9f, 0xff, 0xf0, 0x0, 0x0, 0x0, 0xf, 0xff,
    0xf9, 0x9f, 0xff, 0xf0, 0x0, 0x0, 0x0, 0xf,
    0xff, 0xf9, 0x9f, 0xff, 0xf0, 0x0, 0x0, 0x0,
    0xf, 0xff, 0xf9, 0x9f, 0xff, 0xf0, 0x0, 0x0,
    0x0, 0xf, 0xff, 0xf9,

    /* U+006F "o" */
    0x0, 0x0, 0x1, 0x6b, 0xef, 0xfe, 0xb6, 0x0,
    0x0, 0x0, 0x0, 0x0, 0x6f, 0xff, 0xff, 0xff,
    0xff, 0xe5, 0x0, 0x0, 0x0, 0x9, 0xff, 0xff,
    0xff, 0xff, 0xff, 0xff, 0x80, 0x0, 0x0, 0x7f,
    0xff, 0xff, 0xfc, 0xcf, 0xff, 0xff, 0xf6, 0x0,
    0x2, 0xff, 0xff, 0xf7, 0x0, 0x0, 0x8f, 0xff,
    0xff, 0x10, 0x9, 0xff, 0xff, 0x70, 0x0, 0x0,
    0x9, 0xff, 0xff, 0x80, 0xe, 0xff, 0xfe, 0x0,
    0x0, 0x0, 0x0, 0xef, 0xff, 0xd0, 0x3f, 0xff,
    0xf8, 0x0, 0x0, 0x0, 0x0, 0xaf, 0xff, 0xf1,
    0x5f, 0xff, 0xf5, 0x0, 0x0, 0x0, 0x0, 0x6f,
    0xff, 0xf4, 0x6f, 0xff, 0xf4, 0x0, 0x0, 0x0,
    0x0, 0x5f, 0xff, 0xf5, 0x6f, 0xff, 0xf4, 0x0,
    0x0, 0x0, 0x0, 0x5f, 0xff, 0xf5, 0x5f, 0xff,
    0xf5, 0x0, 0x0, 0x0, 0x0, 0x6f, 0xff, 0xf4,
    0x3f, 0xff, 0xf8, 0x0, 0x0, 0x0, 0x0, 0xaf,
    0xff, 0xf1, 0xf, 0xff, 0xfe, 0x0, 0x0, 0x0,
    0x0, 0xef, 0xff, 0xd0, 0x9, 0xff, 0xff, 0x70,
    0x0, 0x0, 0x9, 0xff, 0xff, 0x80, 0x2, 0xff,
    0xff, 0xf7, 0x0, 0x0, 0x8f, 0xff, 0xfe, 0x10,
    0x0, 0x6f, 0xff, 0xff, 0xfc, 0xcf, 0xff, 0xff,
    0xf5, 0x0, 0x0, 0x8, 0xff, 0xff, 0xff, 0xff,
    0xff, 0xff, 0x70, 0x0, 0x0, 0x0, 0x5f, 0xff,
    0xff, 0xff, 0xff, 0xe4, 0x0, 0x0, 0x0, 0x0,
    0x1, 0x6b, 0xef, 0xfe, 0xb6, 0x0, 0x0, 0x0,

    /* U+0070 "p" */
    0x9f, 0xff, 0xe0, 0x2, 0x9d, 0xff, 0xc8, 0x10,
    0x0, 0x9, 0xff, 0xfe, 0x5, 0xff, 0xff, 0xff,
    0xff, 0x60, 0x0, 0x9f, 0xff, 0xe3, 0xff, 0xff,
    0xff, 0xff, 0xff, 0x70, 0x9, 0xff, 0xff, 0xdf,
    0xfe, 0xce, 0xff, 0xff, 0xff, 0x30, 0x9f, 0xff,
    0xff, 0xe4, 0x0, 0x3, 0xdf, 0xff, 0xfc, 0x9,
    0xff, 0xff, 0xf2, 0x0, 0x0, 0x1, 0xef, 0xff,
    0xf3, 0x9f, 0xff, 0xf8, 0x0, 0x0, 0x0, 0x7,
    0xff, 0xff, 0x89, 0xff, 0xff, 0x30, 0x0, 0x0,
    0x0, 0x1f, 0xff, 0xfb, 0x9f, 0xff, 0xf0, 0x0,
    0x0, 0x0, 0x0, 0xef, 0xff, 0xd9, 0xff, 0xfe,
    0x0, 0x0, 0x0, 0x0, 0xc, 0xff, 0xfe, 0x9f,
    0xff, 0xe0, 0x0, 0x0, 0x0, 0x0, 0xdf, 0xff,
    0xe9, 0xff, 0xff, 0x0, 0x0, 0x0, 0x0, 0xe,
    0xff, 0xfd, 0x9f, 0xff, 0xf3, 0x0, 0x0, 0x0,
    0x1, 0xff, 0xff, 0xb9, 0xff, 0xff, 0x90, 0x0,
    0x0, 0x0, 0x7f, 0xff, 0xf8, 0x9f, 0xff, 0xff,
    0x20, 0x0, 0x0, 0x1e, 0xff, 0xff, 0x39, 0xff,
    0xff, 0xfe, 0x40, 0x0, 0x3d, 0xff, 0xff, 0xc0,
    0x9f, 0xff, 0xfd, 0xff, 0xec, 0xef, 0xff, 0xff,
    0xf3, 0x9, 0xff, 0xff, 0x3f, 0xff, 0xff, 0xff,
    0xff, 0xf7, 0x0, 0x9f, 0xff, 0xf0, 0x5f, 0xff,
    0xff, 0xff, 0xf6, 0x0, 0x9, 0xff, 0xff, 0x0,
    0x29, 0xdf, 0xfd, 0x81, 0x0, 0x0, 0x9f, 0xff,
    0xf0, 0x0, 0x0, 0x0, 0x0, 0x0, 0x0, 0x9,
    0xff, 0xff, 0x0, 0x0, 0x0, 0x0, 0x0, 0x0,
    0x0, 0x9f, 0xff, 0xf0, 0x0, 0x0, 0x0, 0x0,
    0x0, 0x0, 0x9, 0xff, 0xff, 0x0, 0x0, 0x0,
    0x0, 0x0, 0x0, 0x0, 0x9f, 0xff, 0xf0, 0x0,
    0x0, 0x0, 0x0, 0x0, 0x0, 0x9, 0xff, 0xff,
    0x0, 0x0, 0x0, 0x0, 0x0, 0x0, 0x0, 0x9f,
    0xff, 0xf0, 0x0, 0x0, 0x0, 0x0, 0x0, 0x0,
    0x0,

    /* U+0071 "q" */
    0x0, 0x0, 0x5, 0xbe, 0xfe, 0xc6, 0x0, 0x6f,
    0xff, 0xf1, 0x0, 0x2, 0xcf, 0xff, 0xff, 0xff,
    0xb0, 0x6f, 0xff, 0xf1, 0x0, 0x2e, 0xff, 0xff,
    0xff, 0xff, 0xfa, 0x6f, 0xff, 0xf1, 0x0, 0xcf,
    0xff, 0xff, 0xfc, 0xdf, 0xff, 0xcf, 0xff, 0xf1,
    0x5, 0xff, 0xff, 0xf7, 0x0, 0x1, 0x9f, 0xff,
    0xff, 0xf1, 0xc, 0xff, 0xff, 0x70, 0x0, 0x0,
    0xa, 0xff, 0xff, 0xf1, 0xf, 0xff, 0xfe, 0x0,
    0x0, 0x0, 0x1, 0xff, 0xff, 0xf1, 0x3f, 0xff,
    0xf8, 0x0, 0x0, 0x0, 0x0, 0xbf, 0xff, 0xf1,
    0x5f, 0xff, 0xf5, 0x0, 0x0, 0x0, 0x0, 0x8f,
    0xff, 0xf1, 0x6f, 0xff, 0xf4, 0x0, 0x0, 0x0,
    0x0, 0x7f, 0xff, 0xf1, 0x6f, 0xff, 0xf4, 0x0,
    0x0, 0x0, 0x0, 0x7f, 0xff, 0xf1, 0x5f, 0xff,
    0xf5, 0x0, 0x0, 0x0, 0x0, 0x8f, 0xff, 0xf1,
    0x3f, 0xff, 0xf9, 0x0, 0x0, 0x0, 0x0, 0xcf,
    0xff, 0xf1, 0xf, 0xff, 0xfe, 0x0, 0x0, 0x0,
    0x1, 0xff, 0xff, 0xf1, 0xb, 0xff, 0xff, 0x80,
    0x0, 0x0, 0xa, 0xff, 0xff, 0xf1, 0x5, 0xff,
    0xff, 0xf7, 0x0, 0x1, 0xaf, 0xff, 0xff, 0xf1,
    0x0, 0xcf, 0xff, 0xff, 0xfd, 0xdf, 0xff, 0xdf,
    0xff, 0xf1, 0x0, 0x1e, 0xff, 0xff, 0xff, 0xff,
    0xfa, 0x8f, 0xff, 0xf1, 0x0, 0x2, 0xcf, 0xff,
    0xff, 0xff, 0xb0, 0x8f, 0xff, 0xf1, 0x0, 0x0,
    0x5, 0xbe, 0xfe, 0xc5, 0x0, 0x8f, 0xff, 0xf1,
    0x0, 0x0, 0x0, 0x0, 0x0, 0x0, 0x0, 0x8f,
    0xff, 0xf1, 0x0, 0x0, 0x0, 0x0, 0x0, 0x0,
    0x0, 0x8f, 0xff, 0xf1, 0x0, 0x0, 0x0, 0x0,
    0x0, 0x0, 0x0, 0x8f, 0xff, 0xf1, 0x0, 0x0,
    0x0, 0x0, 0x0, 0x0, 0x0, 0x8f, 0xff, 0xf1,
    0x0, 0x0, 0x0, 0x0, 0x0, 0x0, 0x0, 0x8f,
    0xff, 0xf1, 0x0, 0x0, 0x0, 0x0, 0x0, 0x0,
    0x0, 0x8f, 0xff, 0xf1, 0x0, 0x0, 0x0, 0x0,
    0x0, 0x0, 0x0, 0x8f, 0xff, 0xf1,

    /* U+0072 "r" */
    0x9f, 0xff, 0xd0, 0x5, 0xce, 0xf9, 0x9f, 0xff,
    0xd0, 0xaf, 0xff, 0xf9, 0x9f, 0xff, 0xd7, 0xff,
    0xff, 0xf9, 0x9f, 0xff, 0xee, 0xff, 0xff, 0xf9,
    0x9f, 0xff, 0xff, 0xf8, 0x32, 0x32, 0x9f, 0xff,
    0xfe, 0x20, 0x0, 0x0, 0x9f, 0xff, 0xf6, 0x0,
    0x0, 0x0, 0x9f, 0xff, 0xf1, 0x0, 0x0, 0x0,
    0x9f, 0xff, 0xf0, 0x0, 0x0, 0x0, 0x9f, 0xff,
    0xf0, 0x0, 0x0, 0x0, 0x9f, 0xff, 0xf0, 0x0,
    0x0, 0x0, 0x9f, 0xff, 0xf0, 0x0, 0x0, 0x0,
    0x9f, 0xff, 0xf0, 0x0, 0x0, 0x0, 0x9f, 0xff,
    0xf0, 0x0, 0x0, 0x0, 0x9f, 0xff, 0xf0, 0x0,
    0x0, 0x0, 0x9f, 0xff, 0xf0, 0x0, 0x0, 0x0,
    0x9f, 0xff, 0xf0, 0x0, 0x0, 0x0, 0x9f, 0xff,
    0xf0, 0x0, 0x0, 0x0, 0x9f, 0xff, 0xf0, 0x0,
    0x0, 0x0, 0x9f, 0xff, 0xf0, 0x0, 0x0, 0x0,

    /* U+0073 "s" */
    0x0, 0x0, 0x17, 0xbd, 0xff, 0xeb, 0x71, 0x0,
    0x0, 0x0, 0x8, 0xff, 0xff, 0xff, 0xff, 0xff,
    0x70, 0x0, 0x0, 0xaf, 0xff, 0xff, 0xff, 0xff,
    0xff, 0xf8, 0x0, 0x4, 0xff, 0xff, 0xfb, 0x77,
    0xaf, 0xff, 0xff, 0x30, 0xb, 0xff, 0xff, 0x30,
    0x0, 0x3, 0xef, 0xff, 0xa0, 0xd, 0xff, 0xfb,
    0x0, 0x0, 0x0, 0x5b, 0x74, 0x10, 0xd, 0xff,
    0xfe, 0x0, 0x0, 0x0, 0x0, 0x0, 0x0, 0xa,
    0xff, 0xff, 0xd5, 0x10, 0x0, 0x0, 0x0, 0x0,
    0x3, 0xff, 0xff, 0xff, 0xfd, 0xa7, 0x30, 0x0,
    0x0, 0x0, 0x5f, 0xff, 0xff, 0xff, 0xff, 0xfe,
    0x70, 0x0, 0x0, 0x2, 0x9f, 0xff, 0xff, 0xff,
    0xff, 0xfc, 0x10, 0x0, 0x0, 0x0, 0x37, 0xad,
    0xff, 0xff, 0xff, 0xb0, 0x0, 0x0, 0x0, 0x0,
    0x0, 0x28, 0xff, 0xff, 0xf1, 0x0, 0x1, 0x30,
    0x0, 0x0, 0x0, 0x9f, 0xff, 0xf4, 0x3b, 0xef,
    0xf2, 0x0, 0x0, 0x0, 0x7f, 0xff, 0xf3, 0x2f,
    0xff, 0xfd, 0x20, 0x0, 0x2, 0xef, 0xff, 0xf0,
    0xa, 0xff, 0xff, 0xfb, 0x99, 0xbf, 0xff, 0xff,
    0x80, 0x1, 0xdf, 0xff, 0xff, 0xff, 0xff, 0xff,
    0xfb, 0x0, 0x0, 0x1a, 0xff, 0xff, 0xff, 0xff,
    0xff, 0x80, 0x0, 0x0, 0x0, 0x38, 0xce, 0xff,
    0xdb, 0x61, 0x0, 0x0,

    /* U+0074 "t" */
    0x0, 0x6, 0x88, 0x85, 0x0, 0x0, 0x0, 0x0,
    0xdf, 0xff, 0xb0, 0x0, 0x0, 0x0, 0xd, 0xff,
    0xfb, 0x0, 0x0, 0x0, 0x0, 0xdf, 0xff, 0xb0,
    0x0, 0x0, 0x0, 0xd, 0xff, 0xfb, 0x0, 0x0,
    0xa, 0xff, 0xff, 0xff, 0xff, 0xff, 0x80, 0xaf,
    0xff, 0xff, 0xff, 0xff, 0xf8, 0xa, 0xff, 0xff,
    0xff, 0xff, 0xff, 0x80, 0x69, 0x9f, 0xff, 0xfe,
    0x99, 0x95, 0x0, 0x0, 0xdf, 0xff, 0xb0, 0x0,
    0x0, 0x0, 0xd, 0xff, 0xfb, 0x0, 0x0, 0x0,
    0x0, 0xdf, 0xff, 0xb0, 0x0, 0x0, 0x0, 0xd,
    0xff, 0xfb, 0x0, 0x0, 0x0, 0x0, 0xdf, 0xff,
    0xb0, 0x0, 0x0, 0x0, 0xd, 0xff, 0xfb, 0x0,
    0x0, 0x0, 0x0, 0xdf, 0xff, 0xb0, 0x0, 0x0,
    0x0, 0xd, 0xff, 0xfb, 0x0, 0x0, 0x0, 0x0,
    0xdf, 0xff, 0xb0, 0x0, 0x0, 0x0, 0xd, 0xff,
    0xfb, 0x0, 0x0, 0x0, 0x0, 0xdf, 0xff, 0xc0,
    0x0, 0x0, 0x0, 0xc, 0xff, 0xff, 0x10, 0x0,
    0x0, 0x0, 0x9f, 0xff, 0xff, 0xcd, 0x60, 0x0,
    0x2, 0xff, 0xff, 0xff, 0xfa, 0x0, 0x0, 0x6,
    0xff, 0xff, 0xff, 0xd0, 0x0, 0x0, 0x3, 0x9d,
    0xff, 0xeb, 0x0,

    /* U+0075 "u" */
    0x9f, 0xff, 0xf0, 0x0, 0x0, 0x0, 0xf, 0xff,
    0xfa, 0x9f, 0xff, 0xf0, 0x0, 0x0, 0x0, 0xf,
    0xff, 0xfa, 0x9f, 0xff, 0xf0, 0x0, 0x0, 0x0,
    0xf, 0xff, 0xfa, 0x9f, 0xff, 0xf0, 0x0, 0x0,
    0x0, 0xf, 0xff, 0xfa, 0x9f, 0xff, 0xf0, 0x0,
    0x0, 0x0, 0xf, 0xff, 0xfa, 0x9f, 0xff, 0xf0,
    0x0, 0x0, 0x0, 0xf, 0xff, 0xfa, 0x9f, 0xff,
    0xf0, 0x0, 0x0, 0x0, 0xf, 0xff, 0xfa, 0x9f,
    0xff, 0xf0, 0x0, 0x0, 0x0, 0xf, 0xff, 0xfa,
    0x9f, 0xff, 0xf0, 0x0, 0x0, 0x0, 0xf, 0xff,
    0xfa, 0x9f, 0xff, 0xf0, 0x0, 0x0, 0x0, 0xf,
    0xff, 0xfa, 0x9f, 0xff, 0xf0, 0x0, 0x0, 0x0,
    0xf, 0xff, 0xfa, 0x9f, 0xff, 0xf0, 0x0, 0x0,
    0x0, 0xf, 0xff, 0xfa, 0x9f, 0xff, 0xf0, 0x0,
    0x0, 0x0, 0xf, 0xff, 0xfa, 0x8f, 0xff, 0xf3,
    0x0, 0x0, 0x0, 0x4f, 0xff, 0xfa, 0x6f, 0xff,
    0xfb, 0x0, 0x0, 0x0, 0xcf, 0xff, 0xfa, 0x2f,
    0xff, 0xff, 0xa1, 0x0, 0x3c, 0xff, 0xff, 0xfa,
    0xc, 0xff, 0xff, 0xff, 0xef, 0xff, 0xdc, 0xff,
    0xfa, 0x3, 0xff, 0xff, 0xff, 0xff, 0xff, 0x4b,
    0xff, 0xfa, 0x0, 0x4f, 0xff, 0xff, 0xff, 0xf6,
    0xb, 0xff, 0xfa, 0x0, 0x1, 0x8c, 0xff, 0xd9,
    0x20, 0xb, 0xff, 0xfa,

    /* U+0076 "v" */
    0x2f, 0xff, 0xfb, 0x0, 0x0, 0x0, 0x0, 0x8,
    0xff, 0xff, 0x40, 0xcf, 0xff, 0xf1, 0x0, 0x0,
    0x0, 0x0, 0xef, 0xff, 0xe0, 0x6, 0xff, 0xff,
    0x60, 0x0, 0x0, 0x0, 0x3f, 0xff, 0xf8, 0x0,
    0x1f, 0xff, 0xfb, 0x0, 0x0, 0x0, 0x8, 0xff,
    0xff, 0x20, 0x0, 0xaf, 0xff, 0xf1, 0x0, 0x0,
    0x0, 0xdf, 0xff, 0xc0, 0x0, 0x4, 0xff, 0xff,
    0x60, 0x0, 0x0, 0x3f, 0xff, 0xf7, 0x0, 0x0,
    0xe, 0xff, 0xfb, 0x0, 0x0, 0x8, 0xff, 0xff,
    0x10, 0x0, 0x0, 0x9f, 0xff, 0xf1, 0x0, 0x0,
    0xdf, 0xff, 0xb0, 0x0, 0x0, 0x3, 0xff, 0xff,
    0x50, 0x0, 0x2f, 0xff, 0xf5, 0x0, 0x0, 0x0,
    0xd, 0xff, 0xfb, 0x0, 0x8, 0xff, 0xff, 0x0,
    0x0, 0x0, 0x0, 0x7f, 0xff, 0xf0, 0x0, 0xdf,
    0xff, 0x90, 0x0, 0x0, 0x0, 0x1, 0xff, 0xff,
    0x50, 0x2f, 0xff, 0xf3, 0x0, 0x0, 0x0, 0x0,
    0xb, 0xff, 0xfa, 0x6, 0xff, 0xfd, 0x0, 0x0,
    0x0, 0x0, 0x0, 0x6f, 0xff, 0xe0, 0xbf, 0xff,
    0x80, 0x0, 0x0, 0x0, 0x0, 0x0, 0xff, 0xff,
    0x3f, 0xff, 0xf2, 0x0, 0x0, 0x0, 0x0, 0x0,
    0xa, 0xff, 0xfa, 0xff, 0xfc, 0x0, 0x0, 0x0,
    0x0, 0x0, 0x0, 0x4f, 0xff, 0xff, 0xff, 0x60,
    0x0, 0x0, 0x0, 0x0, 0x0, 0x0, 0xef, 0xff,
    0xff, 0xf0, 0x0, 0x0, 0x0, 0x0, 0x0, 0x0,
    0x8, 0xff, 0xff, 0xfa, 0x0, 0x0, 0x0, 0x0,
    0x0, 0x0, 0x0, 0x2f, 0xff, 0xff, 0x40, 0x0,
    0x0, 0x0,

    /* U+0077 "w" */
    0x1f, 0xff, 0xfb, 0x0, 0x0, 0x0, 0x2f, 0xff,
    0xf6, 0x0, 0x0, 0x0, 0x8f, 0xff, 0xf4, 0xc,
    0xff, 0xff, 0x0, 0x0, 0x0, 0x6f, 0xff, 0xfa,
    0x0, 0x0, 0x0, 0xcf, 0xff, 0xf0, 0x7, 0xff,
    0xff, 0x30, 0x0, 0x0, 0xaf, 0xff, 0xfe, 0x0,
    0x0, 0x0, 0xff, 0xff, 0xb0, 0x3, 0xff, 0xff,
    0x70, 0x0, 0x0, 0xef, 0xff, 0xff, 0x20, 0x0,
    0x4, 0xff, 0xff, 0x60, 0x0, 0xef, 0xff, 0xb0,
    0x0, 0x3, 0xff, 0xff, 0xff, 0x60, 0x0, 0x8,
    0xff, 0xff, 0x10, 0x0, 0x9f, 0xff, 0xf0, 0x0,
    0x7, 0xff, 0xfe, 0xff, 0xa0, 0x0, 0xc, 0xff,
    0xfd, 0x0, 0x0, 0x5f, 0xff, 0xf3, 0x0, 0xb,
    0xff, 0xda, 0xff, 0xe0, 0x0, 0xf, 0xff, 0xf8,
    0x0, 0x0, 0xf, 0xff, 0xf7, 0x0, 0xf, 0xff,
    0x96, 0xff, 0xf2, 0x0, 0x4f, 0xff, 0xf3, 0x0,
    0x0, 0xb, 0xff, 0xfa, 0x0, 0x3f, 0xff, 0x63,
    0xff, 0xf6, 0x0, 0x8f, 0xff, 0xe0, 0x0, 0x0,
    0x7, 0xff, 0xfe, 0x0, 0x7f, 0xff, 0x20, 0xef,
    0xfa, 0x0, 0xbf, 0xff, 0xa0, 0x0, 0x0, 0x2,
    0xff, 0xff, 0x20, 0xaf, 0xfe, 0x0, 0xbf, 0xfe,
    0x0, 0xff, 0xff, 0x50, 0x0, 0x0, 0x0, 0xdf,
    0xff, 0x50, 0xef, 0xfa, 0x0, 0x7f, 0xff, 0x13,
    0xff, 0xff, 0x10, 0x0, 0x0, 0x0, 0x9f, 0xff,
    0x92, 0xff, 0xf5, 0x0, 0x2f, 0xff, 0x56, 0xff,
    0xfc, 0x0, 0x0, 0x0, 0x0, 0x4f, 0xff, 0xc5,
    0xff, 0xf1, 0x0, 0xe, 0xff, 0x89, 0xff, 0xf7,
    0x0, 0x0, 0x0, 0x0, 0xf, 0xff, 0xf9, 0xff,
    0xc0, 0x0, 0x9, 0xff, 0xcc, 0xff, 0xf2, 0x0,
    0x0, 0x0, 0x0, 0xb, 0xff, 0xfe, 0xff, 0x80,
    0x0, 0x5, 0xff, 0xff, 0xff, 0xe0, 0x0, 0x0,
    0x0, 0x0, 0x6, 0xff, 0xff, 0xff, 0x30, 0x0,
    0x0, 0xff, 0xff, 0xff, 0x90, 0x0, 0x0, 0x0,
    0x0, 0x1, 0xff, 0xff, 0xff, 0x0, 0x0, 0x0,
    0xcf, 0xff, 0xff, 0x40, 0x0, 0x0, 0x0, 0x0,
    0x0, 0xdf, 0xff, 0xfa, 0x0, 0x0, 0x0, 0x7f,
    0xff, 0xff, 0x0, 0x0, 0x0, 0x0, 0x0, 0x0,
    0x8f, 0xff, 0xf6, 0x0, 0x0, 0x0, 0x3f, 0xff,
    0xfb, 0x0, 0x0, 0x0,

    /* U+0078 "x" */
    0x6, 0xff, 0xff, 0x90, 0x0, 0x0, 0x0, 0xef,
    0xff, 0xe1, 0x0, 0xcf, 0xff, 0xf3, 0x0, 0x0,
    0x8, 0xff, 0xff, 0x50, 0x0, 0x2f, 0xff, 0xfc,
    0x0, 0x0, 0x2f, 0xff, 0xfb, 0x0, 0x0, 0x8,
    0xff, 0xff, 0x50, 0x0, 0xbf, 0xff, 0xf2, 0x0,
    0x0, 0x0, 0xdf, 0xff, 0xd0, 0x4, 0xff, 0xff,
    0x70, 0x0, 0x0, 0x0, 0x4f, 0xff, 0xf6, 0xc,
    0xff, 0xfc, 0x0, 0x0, 0x0, 0x0, 0xa, 0xff,
    0xfe, 0x5f, 0xff, 0xf3, 0x0, 0x0, 0x0, 0x0,
    0x1, 0xef, 0xff, 0xff, 0xff, 0x80, 0x0, 0x0,
    0x0, 0x0, 0x0, 0x6f, 0xff, 0xff, 0xfe, 0x0,
    0x0, 0x0, 0x0, 0x0, 0x0, 0xc, 0xff, 0xff,
    0xf4, 0x0, 0x0, 0x0, 0x0, 0x0, 0x0, 0x2f,
    0xff, 0xff, 0xf7, 0x0, 0x0, 0x0, 0x0, 0x0,
    0x0, 0xbf, 0xff, 0xff, 0xff, 0x20, 0x0, 0x0,
    0x0, 0x0, 0x5, 0xff, 0xff, 0xbf, 0xff, 0xc0,
    0x0, 0x0, 0x0, 0x0, 0x1e, 0xff, 0xf8, 0x2f,
    0xff, 0xf6, 0x0, 0x0, 0x0, 0x0, 0xaf, 0xff,
    0xf1, 0xa, 0xff, 0xff, 0x10, 0x0, 0x0, 0x4,
    0xff, 0xff, 0x80, 0x1, 0xff, 0xff, 0xb0, 0x0,
    0x0, 0xd, 0xff, 0xfe, 0x0, 0x0, 0x8f, 0xff,
    0xf5, 0x0, 0x0, 0x8f, 0xff, 0xf5, 0x0, 0x0,
    0xd, 0xff, 0xfe, 0x10, 0x3, 0xff, 0xff, 0xb0,
    0x0, 0x0, 0x4, 0xff, 0xff, 0xa0, 0xc, 0xff,
    0xff, 0x20, 0x0, 0x0, 0x0, 0xbf, 0xff, 0xf4,

    /* U+0079 "y" */
    0x2f, 0xff, 0xfb, 0x0, 0x0, 0x0, 0x0, 0x8,
    0xff, 0xff, 0x40, 0xbf, 0xff, 0xf1, 0x0, 0x0,
    0x0, 0x0, 0xdf, 0xff, 0xe0, 0x5, 0xff, 0xff,
    0x60, 0x0, 0x0, 0x0, 0x3f, 0xff, 0xf8, 0x0,
    0xf, 0xff, 0xfc, 0x0, 0x0, 0x0, 0x9, 0xff,
    0xff, 0x20, 0x0, 0x9f, 0xff, 0xf1, 0x0, 0x0,
    0x0, 0xef, 0xff, 0xc0, 0x0, 0x3, 0xff, 0xff,
    0x60, 0x0, 0x0, 0x4f, 0xff, 0xf6, 0x0, 0x0,
    0xd, 0xff, 0xfc, 0x0, 0x0, 0x9, 0xff, 0xff,
    0x0, 0x0, 0x0, 0x7f, 0xff, 0xf1, 0x0, 0x0,
    0xef, 0xff, 0xa0, 0x0, 0x0, 0x1, 0xff, 0xff,
    0x60, 0x0, 0x4f, 0xff, 0xf3, 0x0, 0x0, 0x0,
    0xb, 0xff, 0xfc, 0x0, 0xa, 0xff, 0xfd, 0x0,
    0x0, 0x0, 0x0, 0x5f, 0xff, 0xf1, 0x0, 0xff,
    0xff, 0x70, 0x0, 0x0, 0x0, 0x0, 0xef, 0xff,
    0x60, 0x5f, 0xff, 0xf1, 0x0, 0x0, 0x0, 0x0,
    0x9, 0xff, 0xfb, 0x9, 0xff, 0xfb, 0x0, 0x0,
    0x0, 0x0, 0x0, 0x3f, 0xff, 0xf0, 0xef, 0xff,
    0x50, 0x0, 0x0, 0x0, 0x0, 0x0, 0xdf, 0xff,
    0x6f, 0xff, 0xe0, 0x0, 0x0, 0x0, 0x0, 0x0,
    0x7, 0xff, 0xfd, 0xff, 0xf9, 0x0, 0x0, 0x0,
    0x0, 0x0, 0x0, 0x1f, 0xff, 0xff, 0xff, 0x30,
    0x0, 0x0, 0x0, 0x0, 0x0, 0x0, 0xbf, 0xff,
    0xff, 0xc0, 0x0, 0x0, 0x0, 0x0, 0x0, 0x0,
    0x5, 0xff, 0xff, 0xf6, 0x0, 0x0, 0x0, 0x0,
    0x0, 0x0, 0x0, 0xf, 0xff, 0xff, 0x10, 0x0,
    0x0, 0x0, 0x0, 0x0, 0x0, 0x1, 0xff, 0xff,
    0xa0, 0x0, 0x0, 0x0, 0x0, 0x0, 0x0, 0x0,
    0x5f, 0xff, 0xf4, 0x0, 0x0, 0x0, 0x0, 0x0,
    0x0, 0x0, 0x1d, 0xff, 0xfd, 0x0, 0x0, 0x0,
    0x0, 0x0, 0x0, 0xcc, 0xcf, 0xff, 0xff, 0x50,
    0x0, 0x0, 0x0, 0x0, 0x0, 0x2f, 0xff, 0xff,
    0xff, 0xb0, 0x0, 0x0, 0x0, 0x0, 0x0, 0x7,
    0xff, 0xff, 0xff, 0xb0, 0x0, 0x0, 0x0, 0x0,
    0x0, 0x0, 0x7d, 0xff, 0xeb, 0x50, 0x0, 0x0,
    0x0, 0x0, 0x0, 0x0,

    /* U+007A "z" */
    0x8f, 0xff, 0xff, 0xff, 0xff, 0xff, 0xff, 0xfe,
    0x8, 0xff, 0xff, 0xff, 0xff, 0xff, 0xff, 0xff,
    0xe0, 0x8f, 0xff, 0xff, 0xff, 0xff, 0xff, 0xff,
    0xfe, 0x7, 0xee, 0xee, 0xee, 0xee, 0xef, 0xff,
    0xff, 0xa0, 0x0, 0x0, 0x0, 0x0, 0x3, 0xff,
    0xff, 0xd0, 0x0, 0x0, 0x0, 0x0, 0x1, 0xdf,
    0xff, 0xf3, 0x0, 0x0, 0x0, 0x0, 0x0, 0xbf,
    0xff, 0xf6, 0x0, 0x0, 0x0, 0x0, 0x0, 0x7f,
    0xff, 0xfa, 0x0, 0x0, 0x0, 0x0, 0x0, 0x4f,
    0xff, 0xfd, 0x0, 0x0, 0x0, 0x0, 0x0, 0x1e,
    0xff, 0xff, 0x30, 0x0, 0x0, 0x0, 0x0, 0xc,
    0xff, 0xff, 0x60, 0x0, 0x0, 0x0, 0x0, 0x9,
    0xff, 0xff, 0xa0, 0x0, 0x0, 0x0, 0x0, 0x5,
    0xff, 0xff, 0xd0, 0x0, 0x0, 0x0, 0x0, 0x2,
    0xff, 0xff, 0xf3, 0x0, 0x0, 0x0, 0x0, 0x0,
    0xdf, 0xff, 0xf6, 0x0, 0x0, 0x0, 0x0, 0x0,
    0xaf, 0xff, 0xfa, 0x0, 0x0, 0x0, 0x0, 0x0,
    0x6f, 0xff, 0xff, 0xee, 0xee, 0xee, 0xee, 0xee,
    0x3d, 0xff, 0xff, 0xff, 0xff, 0xff, 0xff, 0xff,
    0xf3, 0xdf, 0xff, 0xff, 0xff, 0xff, 0xff, 0xff,
    0xff, 0x3d, 0xff, 0xff, 0xff, 0xff, 0xff, 0xff,
    0xff, 0xf3,

    /* U+007B "{" */
    0x0, 0x0, 0x0, 0x2, 0x7b, 0xef, 0x70, 0x0,
    0x0, 0x8, 0xff, 0xff, 0xf7, 0x0, 0x0, 0x7,
    0xff, 0xff, 0xff, 0x70, 0x0, 0x1, 0xff, 0xff,
    0xfd, 0xa4, 0x0, 0x0, 0x5f, 0xff, 0xf8, 0x0,
    0x0, 0x0, 0x8, 0xff, 0xfe, 0x0, 0x0, 0x0,
    0x0, 0x9f, 0xff, 0xa0, 0x0, 0x0, 0x0, 0xa,
    0xff, 0xf9, 0x0, 0x0, 0x0, 0x0, 0xaf, 0xff,
    0x90, 0x0, 0x0, 0x0, 0xa, 0xff, 0xf9, 0x0,
    0x0, 0x0, 0x0, 0xaf, 0xff, 0x90, 0x0, 0x0,
    0x0, 0xa, 0xff, 0xf9, 0x0, 0x0, 0x0, 0x0,
    0xdf, 0xff, 0x80, 0x0, 0x0, 0x0, 0x4f, 0xff,
    0xf6, 0x0, 0x0, 0x26, 0x9f, 0xff, 0xfe, 0x0,
    0x0, 0x8, 0xff, 0xff, 0xfd, 0x30, 0x0, 0x0,
    0x8f, 0xff, 0xd5, 0x0, 0x0, 0x0, 0x8, 0xff,
    0xff, 0xb4, 0x0, 0x0, 0x0, 0x8f, 0xff, 0xff,
    0xf8, 0x0, 0x0, 0x0, 0x3, 0xcf, 0xff, 0xf3,
    0x0, 0x0, 0x0, 0x1, 0xff, 0xff, 0x70, 0x0,
    0x0, 0x0, 0xc, 0xff, 0xf9, 0x0, 0x0, 0x0,
    0x0, 0xaf, 0xff, 0x90, 0x0, 0x0, 0x0, 0xa,
    0xff, 0xf9, 0x0, 0x0, 0x0, 0x0, 0xaf, 0xff,
    0x90, 0x0, 0x0, 0x0, 0xa, 0xff, 0xf9, 0x0,
    0x0, 0x0, 0x0, 0x9f, 0xff, 0xa0, 0x0, 0x0,
    0x0, 0x8, 0xff, 0xfd, 0x0, 0x0, 0x0, 0x0,
    0x6f, 0xff, 0xf6, 0x0, 0x0, 0x0, 0x1, 0xff,
    0xff, 0xfd, 0x93, 0x0, 0x0, 0x8, 0xff, 0xff,
    0xff, 0x70, 0x0, 0x0, 0x9, 0xff, 0xff, 0xf7,
    0x0, 0x0, 0x0, 0x2, 0x8b, 0xef, 0x70,

    /* U+007C "|" */
    0x58, 0x88, 0x4a, 0xff, 0xf9, 0xaf, 0xff, 0x9a,
    0xff, 0xf9, 0xaf, 0xff, 0x9a, 0xff, 0xf9, 0xaf,
    0xff, 0x9a, 0xff, 0xf9, 0xaf, 0xff, 0x9a, 0xff,
    0xf9, 0xaf, 0xff, 0x9a, 0xff, 0xf9, 0xaf, 0xff,
    0x9a, 0xff, 0xf9, 0xaf, 0xff, 0x9a, 0xff, 0xf9,
    0xaf, 0xff, 0x9a, 0xff, 0xf9, 0xaf, 0xff, 0x9a,
    0xff, 0xf9, 0xaf, 0xff, 0x9a, 0xff, 0xf9, 0xaf,
    0xff, 0x9a, 0xff, 0xf9, 0xaf, 0xff, 0x9a, 0xff,
    0xf9, 0xaf, 0xff, 0x9a, 0xff, 0xf9, 0xaf, 0xff,
    0x9a, 0xff, 0xf9, 0xaf, 0xff, 0x9a, 0xff, 0xf9,
    0xaf, 0xff, 0x9a, 0xff, 0xf9, 0xaf, 0xff, 0x9a,
    0xff, 0xf9, 0xaf, 0xff, 0x9a, 0xff, 0xf9, 0xaf,
    0xff, 0x9a, 0xff, 0xf9, 0xaf, 0xff, 0x9a, 0xff,
    0xf9, 0xaf, 0xff, 0x9a, 0xff, 0xf9,

    /* U+007D "}" */
    0x1f, 0xec, 0x94, 0x0, 0x0, 0x0, 0x1, 0xff,
    0xff, 0xfc, 0x10, 0x0, 0x0, 0x1f, 0xff, 0xff,
    0xfd, 0x0, 0x0, 0x0, 0x9b, 0xff, 0xff, 0xf5,
    0x0, 0x0, 0x0, 0x2, 0xff, 0xff, 0xa0, 0x0,
    0x0, 0x0, 0x8, 0xff, 0xfd, 0x0, 0x0, 0x0,
    0x0, 0x5f, 0xff, 0xf0, 0x0, 0x0, 0x0, 0x3,
    0xff, 0xff, 0x0, 0x0, 0x0, 0x0, 0x3f, 0xff,
    0xf0, 0x0, 0x0, 0x0, 0x3, 0xff, 0xff, 0x0,
    0x0, 0x0, 0x0, 0x3f, 0xff, 0xf0, 0x0, 0x0,
    0x0, 0x3, 0xff, 0xff, 0x0, 0x0, 0x0, 0x0,
    0x3f, 0xff, 0xf2, 0x0, 0x0, 0x0, 0x0, 0xff,
    0xff, 0x90, 0x0, 0x0, 0x0, 0xa, 0xff, 0xff,
    0xb5, 0x30, 0x0, 0x0, 0xb, 0xff, 0xff, 0xfe,
    0x0, 0x0, 0x0, 0x4, 0xaf, 0xff, 0xe0, 0x0,
    0x0, 0x1, 0x8e, 0xff, 0xfe, 0x0, 0x0, 0x3,
    0xef, 0xff, 0xff, 0xe0, 0x0, 0x0, 0xdf, 0xff,
    0xf7, 0x20, 0x0, 0x0, 0x2f, 0xff, 0xf7, 0x0,
    0x0, 0x0, 0x3, 0xff, 0xff, 0x10, 0x0, 0x0,
    0x0, 0x3f, 0xff, 0xf0, 0x0, 0x0, 0x0, 0x3,
    0xff, 0xff, 0x0, 0x0, 0x0, 0x0, 0x3f, 0xff,
    0xf0, 0x0, 0x0, 0x0, 0x3, 0xff, 0xff, 0x0,
    0x0, 0x0, 0x0, 0x4f, 0xff, 0xf0, 0x0, 0x0,
    0x0, 0x8, 0xff, 0xfe, 0x0, 0x0, 0x0, 0x2,
    0xef, 0xff, 0xb0, 0x0, 0x0, 0x8b, 0xff, 0xff,
    0xf6, 0x0, 0x0, 0x1f, 0xff, 0xff, 0xfd, 0x0,
    0x0, 0x1, 0xff, 0xff, 0xfd, 0x10, 0x0, 0x0,
    0x1f, 0xec, 0x95, 0x0, 0x0, 0x0, 0x0,

    /* U+007E "~" */
    0x0, 0x2, 0x9d, 0xeb, 0x50, 0x0, 0x0, 0x1,
    0x33, 0x31, 0x0, 0x5f, 0xff, 0xff, 0xfb, 0x10,
    0x0, 0x5, 0xff, 0xf6, 0x2, 0xff, 0xff, 0xff,
    0xff, 0xd2, 0x0, 0x9, 0xff, 0xf5, 0x9, 0xff,
    0xff, 0xff, 0xff, 0xfe, 0x50, 0x5f, 0xff, 0xf2,
    0xe, 0xff, 0xf7, 0x3, 0xdf, 0xff, 0xff, 0xff,
    0xff, 0xd0, 0x1f, 0xff, 0xc0, 0x0, 0x1c, 0xff,
    0xff, 0xff, 0xff, 0x60, 0x2f, 0xff, 0x80, 0x0,
    0x0, 0xaf, 0xff, 0xff, 0xf9, 0x0, 0x5, 0x55,
    0x20, 0x0, 0x0, 0x4, 0xbf, 0xfc, 0x50, 0x0,

    /* U+00A0 " " */

    /* U+00A1 "¡" */
    0x1, 0xaf, 0xd6, 0x0, 0xbf, 0xff, 0xf4, 0xf,
    0xff, 0xff, 0x90, 0xff, 0xff, 0xf8, 0x7, 0xff,
    0xfe, 0x10, 0x4, 0x87, 0x10, 0x0, 0x0, 0x0,
    0x0, 0x0, 0x0, 0x0, 0x0, 0x0, 0x0, 0x0,
    0x5f, 0xff, 0xf0, 0x6, 0xff, 0xff, 0x0, 0x6f,
    0xff, 0xf0, 0x6, 0xff, 0xff, 0x0, 0x7f, 0xff,
    0xf0, 0x7, 0xff, 0xff, 0x0, 0x7f, 0xff, 0xf1,
    0x7, 0xff, 0xff, 0x10, 0x8f, 0xff, 0xf1, 0x8,
    0xff, 0xff, 0x20, 0x8f, 0xff, 0xf2, 0x9, 0xff,
    0xff, 0x20, 0x9f, 0xff, 0xf2, 0x9, 0xff, 0xff,
    0x30, 0xaf, 0xff, 0xf3, 0xa, 0xff, 0xff, 0x30,
    0xaf, 0xff, 0xf4, 0xa, 0xff, 0xff, 0x40,

    /* U+00A2 "¢" */
    0x0, 0x0, 0x0, 0x0, 0x3f, 0xe0, 0x0, 0x0,
    0x0, 0x0, 0x0, 0x0, 0x0, 0x3, 0xfe, 0x0,
    0x0, 0x0, 0x0, 0x0, 0x0, 0x0, 0x0, 0x3f,
    0xe0, 0x0, 0x0, 0x0, 0x0, 0x0, 0x0, 0x17,
    0xcf, 0xff, 0xfc, 0x71, 0x0, 0x0, 0x0, 0x0,
    0x7f, 0xff, 0xff, 0xff, 0xff, 0xf6, 0x0, 0x0,
    0x0, 0x9f, 0xff, 0xff, 0xff, 0xff, 0xff, 0xf8,
    0x0, 0x0, 0x7f, 0xff, 0xff, 0xef, 0xfe, 0xff,
    0xff, 0xf5, 0x0, 0x2f, 0xff, 0xff, 0x53, 0xfe,
    0x6, 0xff, 0xff, 0xd0, 0x9, 0xff, 0xff, 0x60,
    0x3f, 0xe0, 0x7, 0xff, 0xff, 0x40, 0xef, 0xff,
    0xe0, 0x3, 0xfe, 0x0, 0xd, 0xa7, 0x40, 0x2f,
    0xff, 0xf8, 0x0, 0x3f, 0xe0, 0x0, 0x0, 0x0,
    0x4, 0xff, 0xff, 0x50, 0x3, 0xfe, 0x0, 0x0,
    0x0, 0x0, 0x6f, 0xff, 0xf4, 0x0, 0x3f, 0xe0,
    0x0, 0x0, 0x0, 0x6, 0xff, 0xff, 0x40, 0x3,
    0xfe, 0x0, 0x0, 0x0, 0x0, 0x4f, 0xff, 0xf5,
    0x0, 0x3f, 0xe0, 0x0, 0x0, 0x0, 0x3, 0xff,
    0xff, 0x80, 0x3, 0xfe, 0x0, 0x0, 0x0, 0x0,
    0xe, 0xff, 0xfe, 0x0, 0x3f, 0xe0, 0x0, 0xec,
    0x96, 0x10, 0x9f, 0xff, 0xf6, 0x3, 0xfe, 0x0,
    0x7f, 0xff, 0xf4, 0x2, 0xff, 0xff, 0xf5, 0x3f,
    0xe0, 0x6f, 0xff, 0xfe, 0x0, 0x7, 0xff, 0xff,
    0xfe, 0xff, 0xef, 0xff, 0xff, 0x50, 0x0, 0x9,
    0xff, 0xff, 0xff, 0xff, 0xff, 0xff, 0x80, 0x0,
    0x0, 0x7, 0xff, 0xff, 0xff, 0xff, 0xff, 0x60,
    0x0, 0x0, 0x0, 0x1, 0x8c, 0xff, 0xff, 0xc7,
    0x10, 0x0, 0x0, 0x0, 0x0, 0x0, 0x3, 0xfe,
    0x0, 0x0, 0x0, 0x0, 0x0, 0x0, 0x0, 0x0,
    0x3f, 0xe0, 0x0, 0x0, 0x0, 0x0, 0x0, 0x0,
    0x0, 0x3, 0xfe, 0x0, 0x0, 0x0, 0x0,

    /* U+00A3 "£" */
    0x0, 0x0, 0x0, 0x2, 0x7c, 0xef, 0xec, 0x92,
    0x0, 0x0, 0x0, 0x0, 0x0, 0x9f, 0xff, 0xff,
    0xff, 0xff, 0x90, 0x0, 0x0, 0x0, 0xc, 0xff,
    0xff, 0xff, 0xff, 0xff, 0xfc, 0x10, 0x0, 0x0,
    0xaf, 0xff, 0xff, 0xff, 0xff, 0xff, 0xff, 0xa0,
    0x0, 0x3, 0xff, 0xff, 0xf6, 0x10, 0x15, 0xef,
    0xff, 0xf3, 0x0, 0x8, 0xff, 0xff, 0x40, 0x0,
    0x0, 0x2f, 0xff, 0xf9, 0x0, 0xb, 0xff, 0xfc,
    0x0, 0x0, 0x0, 0xa, 0xfe, 0xb7, 0x0, 0xc,
    0xff, 0xfa, 0x0, 0x0, 0x0, 0x0, 0x0, 0x0,
    0x0, 0xc, 0xff, 0xfa, 0x0, 0x0, 0x0, 0x0,
    0x0, 0x0, 0x0, 0xb, 0xff, 0xfa, 0x0, 0x0,
    0x0, 0x0, 0x0, 0x0, 0x0, 0xa, 0xff, 0xfb,
    0x0, 0x0, 0x0, 0x0, 0x0, 0x0, 0x4f, 0xff,
    0xff, 0xff, 0xff, 0xff, 0xff, 0xf2, 0x0, 0x0,
    0x4f, 0xff, 0xff, 0xff, 0xff, 0xff, 0xff, 0xf2,
    0x0, 0x0, 0x4f, 0xff, 0xff, 0xff, 0xff, 0xff,
    0xff, 0xf2, 0x0, 0x0, 0x2, 0x29, 0xff, 0xfe,
    0x22, 0x22, 0x22, 0x20, 0x0, 0x0, 0x0, 0x7,
    0xff, 0xfe, 0x0, 0x0, 0x0, 0x0, 0x0, 0x0,
    0x0, 0x6, 0xff, 0xfe, 0x0, 0x0, 0x0, 0x0,
    0x0, 0x0, 0x0, 0x6, 0xff, 0xff, 0x0, 0x0,
    0x0, 0x0, 0x0, 0x0, 0x0, 0x5, 0xff, 0xff,
    0x0, 0x0, 0x0, 0x0, 0x0, 0x0, 0x0, 0x6,
    0xff, 0xfd, 0x0, 0x0, 0x0, 0x0, 0x33, 0x33,
    0x0, 0x9, 0xff, 0xf5, 0x0, 0x0, 0x0, 0x4,
    0xff, 0xff, 0x1, 0x6f, 0xff, 0x60, 0x0, 0x0,
    0x0, 0x7, 0xff, 0xfe, 0x4f, 0xff, 0xff, 0xff,
    0xff, 0xff, 0xff, 0xff, 0xff, 0xfc, 0x4f, 0xff,
    0xff, 0xff, 0xff, 0xff, 0xff, 0xff, 0xff, 0xf6,
    0x4f, 0xff, 0xff, 0xff, 0xff, 0xff, 0xff, 0xff,
    0xff, 0xb0, 0x4f, 0xff, 0xff, 0xff, 0xff, 0xff,
    0xff, 0xff, 0xc7, 0x0,

    /* U+00A4 "¤" */
    0x0, 0x50, 0x0, 0x0, 0x0, 0x1, 0x0, 0x0,
    0x0, 0x0, 0x50, 0x0, 0x7f, 0xa0, 0x0, 0x5a,
    0xef, 0xff, 0xea, 0x40, 0x0, 0xaf, 0x70, 0x6f,
    0xff, 0xa4, 0xdf, 0xff, 0xff, 0xff, 0xff, 0xc3,
    0xaf, 0xff, 0x62, 0xef, 0xff, 0xff, 0xff, 0xff,
    0xff, 0xff, 0xff, 0xff, 0xff, 0xe2, 0x2, 0xef,
    0xff, 0xff, 0xa4, 0x10, 0x14, 0xaf, 0xff, 0xff,
    0xe2, 0x0, 0x5, 0xff, 0xfe, 0x30, 0x0, 0x0,
    0x0, 0x4f, 0xff, 0xf4, 0x0, 0x0, 0xdf, 0xfe,
    0x10, 0x0, 0x0, 0x0, 0x0, 0x2f, 0xff, 0xb0,
    0x0, 0x4f, 0xff, 0x30, 0x0, 0x0, 0x0, 0x0,
    0x0, 0x5f, 0xff, 0x30, 0xa, 0xff, 0xa0, 0x0,
    0x0, 0x0, 0x0, 0x0, 0x0, 0xcf, 0xf9, 0x0,
    0xef, 0xf4, 0x0, 0x0, 0x0, 0x0, 0x0, 0x0,
    0x6, 0xff, 0xd0, 0x1f, 0xff, 0x10, 0x0, 0x0,
    0x0, 0x0, 0x0, 0x0, 0x2f, 0xff, 0x2, 0xff,
    0xf0, 0x0, 0x0, 0x0, 0x0, 0x0, 0x0, 0x1,
    0xff, 0xf1, 0x2f, 0xff, 0x0, 0x0, 0x0, 0x0,
    0x0, 0x0, 0x0, 0x1f, 0xff, 0x11, 0xff, 0xf1,
    0x0, 0x0, 0x0, 0x0, 0x0, 0x0, 0x3, 0xff,
    0xf0, 0xe, 0xff, 0x50, 0x0, 0x0, 0x0, 0x0,
    0x0, 0x0, 0x7f, 0xfc, 0x0, 0x9f, 0xfb, 0x0,
    0x0, 0x0, 0x0, 0x0, 0x0, 0xd, 0xff, 0x80,
    0x3, 0xff, 0xf5, 0x0, 0x0, 0x0, 0x0, 0x0,
    0x7, 0xff, 0xf2, 0x0, 0xb, 0xff, 0xf3, 0x0,
    0x0, 0x0, 0x0, 0x4, 0xff, 0xfa, 0x0, 0x0,
    0xaf, 0xff, 0xf5, 0x0, 0x0, 0x0, 0x7, 0xff,
    0xff, 0xa0, 0x0, 0x9f, 0xff, 0xff, 0xfc, 0x73,
    0x34, 0x7d, 0xff, 0xff, 0xff, 0xa0, 0x7f, 0xff,
    0xef, 0xff, 0xff, 0xff, 0xff, 0xff, 0xfe, 0xef,
    0xff, 0x70, 0xcf, 0xe2, 0x2b, 0xff, 0xff, 0xff,
    0xff, 0xfa, 0x12, 0xef, 0xc1, 0x1, 0xb2, 0x0,
    0x3, 0x8c, 0xef, 0xec, 0x82, 0x0, 0x2, 0xb1,
    0x0, 0x0, 0x0, 0x0, 0x0, 0x0, 0x0, 0x0,
    0x0, 0x0, 0x0, 0x0,

    /* U+00A5 "¥" */
    0x3f, 0xff, 0xfa, 0x0, 0x0, 0x0, 0x0, 0x5f,
    0xff, 0xf8, 0xc, 0xff, 0xff, 0x10, 0x0, 0x0,
    0x0, 0xcf, 0xff, 0xf1, 0x4, 0xff, 0xff, 0x70,
    0x0, 0x0, 0x2, 0xff, 0xff, 0xa0, 0x0, 0xdf,
    0xff, 0xe0, 0x0, 0x0, 0x9, 0xff, 0xff, 0x20,
    0x0, 0x6f, 0xff, 0xf5, 0x0, 0x0, 0x1f, 0xff,
    0xfb, 0x0, 0x0, 0xe, 0xff, 0xfc, 0x0, 0x0,
    0x7f, 0xff, 0xf3, 0x0, 0x0, 0x7, 0xff, 0xff,
    0x20, 0x0, 0xdf, 0xff, 0xc0, 0x0, 0x0, 0x0,
    0xef, 0xff, 0x90, 0x4, 0xff, 0xff, 0x40, 0x0,
    0x0, 0x0, 0x8f, 0xff, 0xf1, 0xb, 0xff, 0xfd,
    0x0, 0x0, 0x0, 0x0, 0x1f, 0xff, 0xf7, 0x2f,
    0xff, 0xf5, 0x0, 0x0, 0x0, 0x0, 0x9, 0xff,
    0xfd, 0x9f, 0xff, 0xd0, 0x0, 0x0, 0x0, 0x0,
    0x2, 0xff, 0xff, 0xff, 0xff, 0x60, 0x0, 0x0,
    0x0, 0x0, 0x0, 0xaf, 0xff, 0xff, 0xfe, 0x0,
    0x0, 0x0, 0x0, 0xdf, 0xff, 0xff, 0xff, 0xff,
    0xff, 0xff, 0xfd, 0x0, 0x0, 0xdf, 0xff, 0xff,
    0xff, 0xff, 0xff, 0xff, 0xfd, 0x0, 0x0, 0xce,
    0xee, 0xee, 0xff, 0xff, 0xee, 0xee, 0xeb, 0x0,
    0x0, 0x0, 0x0, 0x3, 0xff, 0xff, 0x60, 0x0,
    0x0, 0x0, 0x0, 0x0, 0x0, 0x3, 0xff, 0xff,
    0x60, 0x0, 0x0, 0x0, 0x0, 0xdf, 0xff, 0xff,
    0xff, 0xff, 0xff, 0xff, 0xfd, 0x0, 0x0, 0xdf,
    0xff, 0xff, 0xff, 0xff, 0xff, 0xff, 0xfd, 0x0,
    0x0, 0xce, 0xee, 0xee, 0xff, 0xff, 0xee, 0xee,
    0xeb, 0x0, 0x0, 0x0, 0x0, 0x3, 0xff, 0xff,
    0x60, 0x0, 0x0, 0x0, 0x0, 0x0, 0x0, 0x3,
    0xff, 0xff, 0x60, 0x0, 0x0, 0x0, 0x0, 0x0,
    0x0, 0x3, 0xff, 0xff, 0x60, 0x0, 0x0, 0x0,
    0x0, 0x0, 0x0, 0x3, 0xff, 0xff, 0x60, 0x0,
    0x0, 0x0, 0x0, 0x0, 0x0, 0x3, 0xff, 0xff,
    0x60, 0x0, 0x0, 0x0,

    /* U+00A6 "¦" */
    0x6f, 0xff, 0xc6, 0xff, 0xfc, 0x6f, 0xff, 0xc6,
    0xff, 0xfc, 0x6f, 0xff, 0xc6, 0xff, 0xfc, 0x6f,
    0xff, 0xc6, 0xff, 0xfc, 0x6f, 0xff, 0xc6, 0xff,
    0xfc, 0x6f, 0xff, 0xc6, 0xff, 0xfc, 0x2, 0x22,
    0x10, 0x0, 0x0, 0x0, 0x0, 0x0, 0x0, 0x0,
    0x0, 0x0, 0x0, 0x0, 0x0, 0x0, 0x0, 0x6,
    0xff, 0xfc, 0x6f, 0xff, 0xc6, 0xff, 0xfc, 0x6f,
    0xff, 0xc6, 0xff, 0xfc, 0x6f, 0xff, 0xc6, 0xff,
    0xfc, 0x6f, 0xff, 0xc6, 0xff, 0xfc, 0x6f, 0xff,
    0xc6, 0xff, 0xfc, 0x6f, 0xff, 0xc1, 0x33, 0x32,

    /* U+00A7 "§" */
    0x0, 0x0, 0x4, 0xad, 0xff, 0xeb, 0x60, 0x0,
    0x0, 0x0, 0x0, 0xbf, 0xff, 0xff, 0xff, 0xfd,
    0x20, 0x0, 0x0, 0xc, 0xff, 0xff, 0xff, 0xff,
    0xff, 0xd1, 0x0, 0x0, 0x5f, 0xff, 0xff, 0xba,
    0xdf, 0xff, 0xf9, 0x0, 0x0, 0xbf, 0xff, 0xd1,
    0x0, 0x8, 0xff, 0xff, 0x10, 0x0, 0xdf, 0xff,
    0x50, 0x0, 0x0, 0xdf, 0xff, 0x40, 0x0, 0xdf,
    0xff, 0x50, 0x0, 0x0, 0x46, 0x30, 0x0, 0x0,
    0xbf, 0xff, 0xb0, 0x0, 0x0, 0x0, 0x0, 0x0,
    0x0, 0x5f, 0xff, 0xfa, 0x10, 0x0, 0x0, 0x0,
    0x0, 0x0, 0xa, 0xff, 0xff, 0xf9, 0x10, 0x0,
    0x0, 0x0, 0x0, 0x0, 0x9f, 0xff, 0xff, 0xfa,
    0x20, 0x0, 0x0, 0x0, 0x2a, 0xdf, 0xff, 0xff,
    0xff, 0xfa, 0x20, 0x0, 0x3, 0xff, 0xf9, 0x37,
    0xef, 0xff, 0xff, 0xf6, 0x0, 0xd, 0xff, 0xb0,
    0x0, 0x6, 0xdf, 0xff, 0xff, 0x60, 0x1f, 0xff,
    0x80, 0x0, 0x0, 0x5, 0xef, 0xff, 0xf1, 0x2f,
    0xff, 0x90, 0x0, 0x0, 0x0, 0xc, 0xff, 0xf7,
    0xf, 0xff, 0xf3, 0x0, 0x0, 0x0, 0x4, 0xff,
    0xfa, 0xa, 0xff, 0xff, 0x70, 0x0, 0x0, 0x1,
    0xff, 0xf9, 0x1, 0xef, 0xff, 0xfe, 0x71, 0x0,
    0x5, 0xff, 0xf4, 0x0, 0x2d, 0xff, 0xff, 0xff,
    0x82, 0x5e, 0xff, 0xa0, 0x0, 0x0, 0x8f, 0xff,
    0xff, 0xff, 0xfe, 0xc6, 0x0, 0x0, 0x0, 0x1,
    0x7e, 0xff, 0xff, 0xfe, 0x30, 0x0, 0x0, 0x0,
    0x0, 0x0, 0x6e, 0xff, 0xff, 0xf3, 0x0, 0x0,
    0x0, 0x0, 0x0, 0x0, 0x8f, 0xff, 0xfc, 0x0,
    0x0, 0x0, 0x0, 0x0, 0x0, 0x4, 0xff, 0xff,
    0x20, 0x0, 0x3, 0x74, 0x0, 0x0, 0x0, 0xef,
    0xff, 0x50, 0x5, 0xff, 0xfd, 0x0, 0x0, 0x0,
    0xef, 0xff, 0x50, 0x2, 0xff, 0xff, 0x90, 0x0,
    0x7, 0xff, 0xff, 0x20, 0x0, 0xaf, 0xff, 0xfe,
    0xbb, 0xef, 0xff, 0xfd, 0x0, 0x0, 0x1e, 0xff,
    0xff, 0xff, 0xff, 0xff, 0xf3, 0x0, 0x0, 0x2,
    0xcf, 0xff, 0xff, 0xff, 0xfd, 0x30, 0x0, 0x0,
    0x0, 0x5, 0xae, 0xff, 0xeb, 0x60, 0x0, 0x0,

    /* U+00A8 "¨" */
    0x2, 0xac, 0x60, 0x0, 0x5, 0xcb, 0x20, 0xe,
    0xff, 0xf4, 0x0, 0x4f, 0xff, 0xe0, 0x3f, 0xff,
    0xf9, 0x0, 0x8f, 0xff, 0xf3, 0x1f, 0xff, 0xf6,
    0x0, 0x6f, 0xff, 0xf1, 0x4, 0xde, 0x80, 0x0,
    0x8, 0xed, 0x50,

    /* U+00A9 "©" */
    0x0, 0x0, 0x0, 0x0, 0x1, 0x6a, 0xdf, 0xff,
    0xda, 0x60, 0x0, 0x0, 0x0, 0x0, 0x0, 0x0,
    0x0, 0x1, 0x9f, 0xff, 0xff, 0xff, 0xff, 0xff,
    0x80, 0x0, 0x0, 0x0, 0x0, 0x0, 0x0, 0x5f,
    0xff, 0xff, 0xff, 0xff, 0xff, 0xff, 0xfe, 0x40,
    0x0, 0x0, 0x0, 0x0, 0x8, 0xff, 0xff, 0xff,
    0xfe, 0xde, 0xff, 0xff, 0xff, 0xf7, 0x0, 0x0,
    0x0, 0x0, 0x8f, 0xff, 0xff, 0xa5, 0x0, 0x0,
    0x5, 0xbf, 0xff, 0xff, 0x70, 0x0, 0x0, 0x5,
    0xff, 0xff, 0xd3, 0x0, 0x0, 0x0, 0x0, 0x4,
    0xef, 0xff, 0xf4, 0x0, 0x0, 0x1f, 0xff, 0xfb,
    0x0, 0x4, 0xbe, 0xfe, 0xb5, 0x0, 0x1c, 0xff,
    0xfe, 0x0, 0x0, 0x9f, 0xff, 0xd0, 0x0, 0xbf,
    0xff, 0xff, 0xff, 0xc1, 0x1, 0xef, 0xff, 0x70,
    0x1, 0xff, 0xff, 0x20, 0xc, 0xff, 0xff, 0xff,
    0xff, 0xfd, 0x10, 0x4f, 0xff, 0xf0, 0x7, 0xff,
    0xfa, 0x0, 0x9f, 0xff, 0xe9, 0x68, 0xef, 0xff,
    0xa0, 0xb, 0xff, 0xf5, 0xb, 0xff, 0xf4, 0x1,
    0xff, 0xfc, 0x10, 0x0, 0xc, 0xff, 0xf2, 0x5,
    0xff, 0xf9, 0xe, 0xff, 0xf0, 0x7, 0xff, 0xf2,
    0x0, 0x0, 0x2, 0xff, 0xf6, 0x1, 0xff, 0xfc,
    0xf, 0xff, 0xd0, 0xa, 0xff, 0xb0, 0x0, 0x0,
    0x0, 0x0, 0x0, 0x0, 0xff, 0xfe, 0xf, 0xff,
    0xc0, 0xc, 0xff, 0x90, 0x0, 0x0, 0x0, 0x0,
    0x0, 0x0, 0xdf, 0xff, 0xf, 0xff, 0xd0, 0xa,
    0xff, 0xb0, 0x0, 0x0, 0x0, 0x0, 0x0, 0x0,
    0xff, 0xfe, 0xe, 0xff, 0xf0, 0x7, 0xff, 0xf2,
    0x0, 0x0, 0x5, 0xff, 0xf3, 0x1, 0xff, 0xfc,
    0xb, 0xff, 0xf4, 0x1, 0xff, 0xfc, 0x10, 0x0,
    0x1d, 0xff, 0xf0, 0x5, 0xff, 0xf9, 0x7, 0xff,
    0xfa, 0x0, 0x9f, 0xff, 0xe9, 0x68, 0xef, 0xff,
    0x80, 0xb, 0xff, 0xf5, 0x1, 0xff, 0xff, 0x20,
    0xc, 0xff, 0xff, 0xff, 0xff, 0xfc, 0x0, 0x4f,
    0xff, 0xf0, 0x0, 0x9f, 0xff, 0xd0, 0x0, 0xbf,
    0xff, 0xff, 0xff, 0xb1, 0x1, 0xef, 0xff, 0x70,
    0x0, 0x1f, 0xff, 0xfb, 0x0, 0x4, 0xbe, 0xfe,
    0xb5, 0x0, 0x1c, 0xff, 0xfe, 0x0, 0x0, 0x5,
    0xff, 0xff, 0xd3, 0x0, 0x0, 0x0, 0x0, 0x4,
    0xef, 0xff, 0xf4, 0x0, 0x0, 0x0, 0x8f, 0xff,
    0xff, 0xa4, 0x0, 0x0, 0x5, 0xbf, 0xff, 0xff,
    0x70, 0x0, 0x0, 0x0, 0x8, 0xff, 0xff, 0xff,
    0xfe, 0xde, 0xff, 0xff, 0xff, 0xf7, 0x0, 0x0,
    0x0, 0x0, 0x0, 0x5f, 0xff, 0xff, 0xff, 0xff,
    0xff, 0xff, 0xfe, 0x40, 0x0, 0x0, 0x0, 0x0,
    0x0, 0x1, 0x9f, 0xff, 0xff, 0xff, 0xff, 0xff,
    0x80, 0x0, 0x0, 0x0, 0x0, 0x0, 0x0, 0x0,
    0x1, 0x6a, 0xdf, 0xff, 0xda, 0x60, 0x0, 0x0,
    0x0, 0x0,

    /* U+00AA "ª" */
    0x0, 0x3, 0x9c, 0xef, 0xea, 0x50, 0x0, 0x0,
    0xaf, 0xff, 0xff, 0xff, 0xfd, 0x20, 0xb, 0xff,
    0xff, 0xed, 0xff, 0xff, 0xd0, 0x4f, 0xff, 0xc2,
    0x0, 0xa, 0xff, 0xf6, 0x2, 0x47, 0x10, 0x0,
    0x2, 0xff, 0xf9, 0x0, 0x0, 0x0, 0x0, 0x7,
    0xff, 0xfa, 0x0, 0x4, 0x8a, 0xce, 0xff, 0xff,
    0xfa, 0x5, 0xef, 0xff, 0xff, 0xff, 0xff, 0xfa,
    0x5f, 0xff, 0xfc, 0x96, 0x42, 0xff, 0xfa, 0xcf,
    0xff, 0x30, 0x0, 0x1, 0xff, 0xfa, 0xef, 0xfb,
    0x0, 0x0, 0x5, 0xff, 0xfa, 0xef, 0xfe, 0x20,
    0x0, 0x4e, 0xff, 0xfa, 0x9f, 0xff, 0xfc, 0xbe,
    0xff, 0xff, 0xfa, 0x1c, 0xff, 0xff, 0xff, 0xf4,
    0xef, 0xfa, 0x0, 0x6c, 0xff, 0xea, 0x20, 0xef,
    0xfa,

    /* U+00AB "«" */
    0x0, 0x0, 0x0, 0x6, 0xaa, 0xaa, 0x30, 0x7,
    0xaa, 0xaa, 0x20, 0x0, 0x0, 0x4, 0xff, 0xff,
    0xa0, 0x6, 0xff, 0xff, 0x80, 0x0, 0x0, 0x3,
    0xff, 0xff, 0xc0, 0x4, 0xff, 0xff, 0xb0, 0x0,
    0x0, 0x1, 0xef, 0xff, 0xe1, 0x2, 0xff, 0xff,
    0xd0, 0x0, 0x0, 0x0, 0xcf, 0xff, 0xf3, 0x1,
    0xdf, 0xff, 0xe1, 0x0, 0x0, 0x0, 0xaf, 0xff,
    0xf5, 0x0, 0xcf, 0xff, 0xf3, 0x0, 0x0, 0x0,
    0x8f, 0xff, 0xf8, 0x0, 0xaf, 0xff, 0xf6, 0x0,
    0x0, 0x0, 0x5f, 0xff, 0xfa, 0x0, 0x7f, 0xff,
    0xf8, 0x0, 0x0, 0x0, 0x2f, 0xff, 0xfe, 0x0,
    0x4f, 0xff, 0xfc, 0x0, 0x0, 0x0, 0x0, 0xaf,
    0xff, 0xf6, 0x0, 0xcf, 0xff, 0xf4, 0x0, 0x0,
    0x0, 0x0, 0xcf, 0xff, 0xf3, 0x1, 0xdf, 0xff,
    0xf2, 0x0, 0x0, 0x0, 0x1, 0xef, 0xff, 0xe2,
    0x2, 0xef, 0xff, 0xd1, 0x0, 0x0, 0x0, 0x2,
    0xff, 0xff, 0xd0, 0x4, 0xff, 0xff, 0xb0, 0x0,
    0x0, 0x0, 0x4, 0xff, 0xff, 0xb0, 0x6, 0xff,
    0xff, 0x90, 0x0, 0x0, 0x0, 0x6, 0xff, 0xff,
    0x80, 0x8, 0xff, 0xff, 0x60, 0x0, 0x0, 0x0,
    0x9, 0xff, 0xff, 0x60, 0xb, 0xff, 0xff, 0x40,
    0x0, 0x0, 0x0, 0xb, 0xff, 0xff, 0x30, 0xd,
    0xff, 0xfe, 0x20,

    /* U+00AC "¬" */
    0x2c, 0xcc, 0xcc, 0xcc, 0xcc, 0xcc, 0xcc, 0xcc,
    0x42, 0xff, 0xff, 0xff, 0xff, 0xff, 0xff, 0xff,
    0xf5, 0x2f, 0xff, 0xff, 0xff, 0xff, 0xff, 0xff,
    0xff, 0x52, 0xff, 0xff, 0xff, 0xff, 0xff, 0xff,
    0xff, 0xf5, 0x0, 0x0, 0x0, 0x0, 0x0, 0x0,
    0xaf, 0xff, 0x50, 0x0, 0x0, 0x0, 0x0, 0x0,
    0xa, 0xff, 0xf5, 0x0, 0x0, 0x0, 0x0, 0x0,
    0x0, 0xaf, 0xff, 0x50, 0x0, 0x0, 0x0, 0x0,
    0x0, 0xa, 0xff, 0xf5, 0x0, 0x0, 0x0, 0x0,
    0x0, 0x0, 0x58, 0x88, 0x20,

    /* U+00AE "®" */
    0x0, 0x0, 0x0, 0x0, 0x47, 0x99, 0x74, 0x0,
    0x0, 0x0, 0x0, 0x0, 0x0, 0x1, 0x9f, 0xff,
    0xff, 0xff, 0xe8, 0x0, 0x0, 0x0, 0x0, 0x0,
    0x4e, 0xff, 0xff, 0xff, 0xff, 0xff, 0xe3, 0x0,
    0x0, 0x0, 0x5, 0xff, 0xfd, 0x62, 0x0, 0x27,
    0xef, 0xff, 0x40, 0x0, 0x0, 0x3f, 0xff, 0x80,
    0x0, 0x0, 0x0, 0x9, 0xff, 0xe2, 0x0, 0x0,
    0xdf, 0xf6, 0x0, 0x0, 0x0, 0x0, 0x0, 0x7f,
    0xfb, 0x0, 0x5, 0xff, 0x90, 0xb, 0xff, 0xff,
    0xe9, 0x0, 0xb, 0xff, 0x40, 0xb, 0xff, 0x10,
    0xb, 0xfd, 0xbb, 0xff, 0xb0, 0x2, 0xff, 0xa0,
    0xf, 0xfa, 0x0, 0xb, 0xf9, 0x0, 0x8f, 0xf0,
    0x0, 0xcf, 0xe0, 0x2f, 0xf6, 0x0, 0xb, 0xf9,
    0x0, 0x8f, 0xf0, 0x0, 0x8f, 0xf0, 0x4f, 0xf5,
    0x0, 0xb, 0xfd, 0x9a, 0xff, 0x90, 0x0, 0x7f,
    0xf2, 0x3f, 0xf6, 0x0, 0xb, 0xff, 0xff, 0xfc,
    0x0, 0x0, 0x7f, 0xf1, 0x1f, 0xf8, 0x0, 0xb,
    0xf9, 0x6, 0xff, 0x10, 0x0, 0xaf, 0xf0, 0xd,
    0xfd, 0x0, 0xb, 0xf9, 0x0, 0xef, 0x80, 0x0,
    0xff, 0xb0, 0x8, 0xff, 0x50, 0xb, 0xf9, 0x0,
    0x8f, 0xf1, 0x7, 0xff, 0x60, 0x1, 0xff, 0xf2,
    0x3, 0x52, 0x0, 0x5, 0x51, 0x3f, 0xfe, 0x0,
    0x0, 0x7f, 0xfd, 0x20, 0x0, 0x0, 0x0, 0x4,
    0xef, 0xf5, 0x0, 0x0, 0xa, 0xff, 0xf7, 0x10,
    0x0, 0x1, 0x8f, 0xff, 0x80, 0x0, 0x0, 0x0,
    0x9f, 0xff, 0xfc, 0xaa, 0xcf, 0xff, 0xf8, 0x0,
    0x0, 0x0, 0x0, 0x6, 0xef, 0xff, 0xff, 0xff,
    0xfd, 0x40, 0x0, 0x0, 0x0, 0x0, 0x0, 0x5,
    0xad, 0xff, 0xda, 0x50, 0x0, 0x0, 0x0,

    /* U+00AF "¯" */
    0x11, 0x11, 0x11, 0x11, 0x11, 0xe, 0xff, 0xff,
    0xff, 0xff, 0xf2, 0xef, 0xff, 0xff, 0xff, 0xff,
    0x2e, 0xff, 0xff, 0xff, 0xff, 0xf2,

    /* U+00B0 "°" */
    0x0, 0x0, 0x3, 0x42, 0x0, 0x0, 0x0, 0x1,
    0x9f, 0xff, 0xfd, 0x40, 0x0, 0x2, 0xdf, 0xff,
    0xff, 0xff, 0x80, 0x0, 0xcf, 0xff, 0xff, 0xff,
    0xff, 0x50, 0x5f, 0xff, 0xa2, 0x5, 0xef, 0xfd,
    0xb, 0xff, 0xc0, 0x0, 0x4, 0xff, 0xf3, 0xdf,
    0xf7, 0x0, 0x0, 0xe, 0xff, 0x5d, 0xff, 0x70,
    0x0, 0x0, 0xff, 0xf4, 0xaf, 0xfe, 0x10, 0x0,
    0x7f, 0xff, 0x24, 0xff, 0xfd, 0x65, 0x9f, 0xff,
    0xb0, 0xa, 0xff, 0xff, 0xff, 0xff, 0xf2, 0x0,
    0xa, 0xff, 0xff, 0xff, 0xe4, 0x0, 0x0, 0x4,
    0xbe, 0xfd, 0x81, 0x0, 0x0,

    /* U+00B1 "±" */
    0x0, 0x0, 0x0, 0xd, 0xff, 0xf1, 0x0, 0x0,
    0x0, 0x0, 0x0, 0x0, 0xd, 0xff, 0xf1, 0x0,
    0x0, 0x0, 0x0, 0x0, 0x0, 0xd, 0xff, 0xf1,
    0x0, 0x0, 0x0, 0x0, 0x0, 0x0, 0xd, 0xff,
    0xf1, 0x0, 0x0, 0x0, 0x0, 0x0, 0x0, 0xd,
    0xff, 0xf1, 0x0, 0x0, 0x0, 0xaf, 0xff, 0xff,
    0xff, 0xff, 0xff, 0xff, 0xff, 0xfd, 0xaf, 0xff,
    0xff, 0xff, 0xff, 0xff, 0xff, 0xff, 0xfd, 0xaf,
    0xff, 0xff, 0xff, 0xff, 0xff, 0xff, 0xff, 0xfd,
    0x7c, 0xcc, 0xcc, 0xcf, 0xff, 0xfc, 0xcc, 0xcc,
    0xca, 0x0, 0x0, 0x0, 0xd, 0xff, 0xf1, 0x0,
    0x0, 0x0, 0x0, 0x0, 0x0, 0xd, 0xff, 0xf1,
    0x0, 0x0, 0x0, 0x0, 0x0, 0x0, 0xd, 0xff,
    0xf1, 0x0, 0x0, 0x0, 0x0, 0x0, 0x0, 0xd,
    0xff, 0xf1, 0x0, 0x0, 0x0, 0x0, 0x0, 0x0,
    0x3, 0x33, 0x30, 0x0, 0x0, 0x0, 0x0, 0x0,
    0x0, 0x0, 0x0, 0x0, 0x0, 0x0, 0x0, 0x8d,
    0xdd, 0xdd, 0xdd, 0xdd, 0xdd, 0xdd, 0xdd, 0xdb,
    0xaf, 0xff, 0xff, 0xff, 0xff, 0xff, 0xff, 0xff,
    0xfd, 0xaf, 0xff, 0xff, 0xff, 0xff, 0xff, 0xff,
    0xff, 0xfd, 0xaf, 0xff, 0xff, 0xff, 0xff, 0xff,
    0xff, 0xff, 0xfd,

    /* U+00B2 "²" */
    0x0, 0x5, 0xbe, 0xff, 0xea, 0x50, 0x0, 0x1,
    0xbf, 0xff, 0xff, 0xff, 0xfc, 0x10, 0xa, 0xff,
    0xff, 0xee, 0xff, 0xff, 0xb0, 0x1f, 0xff, 0xc1,
    0x0, 0x3e, 0xff, 0xf1, 0x17, 0x77, 0x30, 0x0,
    0x9, 0xff, 0xf1, 0x0, 0x0, 0x0, 0x0, 0x1d,
    0xff, 0xd0, 0x0, 0x0, 0x0, 0x2, 0xdf, 0xff,
    0x50, 0x0, 0x0, 0x0, 0x6f, 0xff, 0xf6, 0x0,
    0x0, 0x0, 0x1b, 0xff, 0xfd, 0x30, 0x0, 0x0,
    0x5, 0xef, 0xff, 0x70, 0x0, 0x0, 0x1, 0xaf,
    0xff, 0xc2, 0x0, 0x0, 0x0, 0xe, 0xff, 0xff,
    0xff, 0xff, 0xff, 0xf8, 0xf, 0xff, 0xff, 0xff,
    0xff, 0xff, 0xf8, 0xf, 0xff, 0xff, 0xff, 0xff,
    0xff, 0xf8,

    /* U+00B3 "³" */
    0x0, 0x3, 0x9d, 0xef, 0xec, 0x81, 0x0, 0x0,
    0x9, 0xff, 0xff, 0xff, 0xff, 0xf5, 0x0, 0x8,
    0xff, 0xff, 0xff, 0xff, 0xff, 0xf2, 0x0, 0xbd,
    0xdc, 0x30, 0x1, 0x9f, 0xff, 0x50, 0x0, 0x0,
    0x0, 0x0, 0x2b, 0xff, 0xe1, 0x0, 0x0, 0x0,
    0x9f, 0xff, 0xfd, 0x92, 0x0, 0x0, 0x0, 0x9,
    0xff, 0xff, 0xc8, 0x10, 0x0, 0x0, 0x0, 0x24,
    0x58, 0xef, 0xff, 0x40, 0x0, 0x0, 0x0, 0x0,
    0x3, 0xff, 0xfd, 0x2, 0x99, 0x95, 0x0, 0x0,
    0x1f, 0xff, 0xf0, 0x1f, 0xff, 0xf6, 0x10, 0x3b,
    0xff, 0xfd, 0x0, 0x8f, 0xff, 0xff, 0xff, 0xff,
    0xff, 0x50, 0x0, 0x8f, 0xff, 0xff, 0xff, 0xff,
    0x60, 0x0, 0x0, 0x28, 0xde, 0xfe, 0xc8, 0x10,
    0x0,

    /* U+00B4 "´" */
    0x0, 0x4, 0x66, 0x64, 0x0, 0xf, 0xff, 0xf4,
    0x0, 0x7f, 0xff, 0x90, 0x0, 0xef, 0xfe, 0x0,
    0x5, 0xff, 0xf4, 0x0, 0xc, 0xff, 0x90, 0x0,

    /* U+00B5 "µ" */
    0x9f, 0xff, 0xf0, 0x0, 0x0, 0x0, 0xf, 0xff,
    0xfa, 0x0, 0x9f, 0xff, 0xf0, 0x0, 0x0, 0x0,
    0xf, 0xff, 0xfa, 0x0, 0x9f, 0xff, 0xf0, 0x0,
    0x0, 0x0, 0xf, 0xff, 0xfa, 0x0, 0x9f, 0xff,
    0xf0, 0x0, 0x0, 0x0, 0xf, 0xff, 0xfa, 0x0,
    0x9f, 0xff, 0xf0, 0x0, 0x0, 0x0, 0xf, 0xff,
    0xfa, 0x0, 0x9f, 0xff, 0xf0, 0x0, 0x0, 0x0,
    0xf, 0xff, 0xfa, 0x0, 0x9f, 0xff, 0xf0, 0x0,
    0x0, 0x0, 0xf, 0xff, 0xfa, 0x0, 0x9f, 0xff,
    0xf0, 0x0, 0x0, 0x0, 0xf, 0xff, 0xfa, 0x0,
    0x9f, 0xff, 0xf0, 0x0, 0x0, 0x0, 0xf, 0xff,
    0xfa, 0x0, 0x9f, 0xff, 0xf0, 0x0, 0x0, 0x0,
    0xf, 0xff, 0xfa, 0x0, 0x9f, 0xff, 0xf0, 0x0,
    0x0, 0x0, 0xf, 0xff, 0xfa, 0x0, 0x9f, 0xff,
    0xf0, 0x0, 0x0, 0x0, 0xf, 0xff, 0xfa, 0x0,
    0x9f, 0xff, 0xf0, 0x0, 0x0, 0x0, 0xf, 0xff,
    0xfa, 0x0, 0x9f, 0xff, 0xf2, 0x0, 0x0, 0x0,
    0x1f, 0xff, 0xfa, 0x0, 0x9f, 0xff, 0xf8, 0x0,
    0x0, 0x0, 0x7f, 0xff, 0xfa, 0x0, 0x9f, 0xff,
    0xff, 0x50, 0x0, 0x4, 0xff, 0xff, 0xfb, 0x0,
    0x9f, 0xff, 0xff, 0xfc, 0x98, 0xcf, 0xff, 0xff,
    0xff, 0xa7, 0x9f, 0xff, 0xfd, 0xff, 0xff, 0xff,
    0xf7, 0xff, 0xff, 0xff, 0x9f, 0xff, 0xf3, 0xff,
    0xff, 0xff, 0x80, 0xaf, 0xff, 0xff, 0x9f, 0xff,
    0xf0, 0x2a, 0xef, 0xb5, 0x0, 0x6, 0xce, 0xff,
    0x9f, 0xff, 0xf0, 0x0, 0x0, 0x0, 0x0, 0x0,
    0x0, 0x0, 0x9f, 0xff, 0xf0, 0x0, 0x0, 0x0,
    0x0, 0x0, 0x0, 0x0, 0x9f, 0xff, 0xf0, 0x0,
    0x0, 0x0, 0x0, 0x0, 0x0, 0x0, 0x9f, 0xff,
    0xf0, 0x0, 0x0, 0x0, 0x0, 0x0, 0x0, 0x0,
    0x9f, 0xff, 0xf0, 0x0, 0x0, 0x0, 0x0, 0x0,
    0x0, 0x0, 0x9f, 0xff, 0xf0, 0x0, 0x0, 0x0,
    0x0, 0x0, 0x0, 0x0, 0x9f, 0xff, 0xf0, 0x0,
    0x0, 0x0, 0x0, 0x0, 0x0, 0x0,

    /* U+00B6 "¶" */
    0x0, 0x0, 0x5, 0xad, 0xff, 0xff, 0xff, 0xff,
    0xff, 0x0, 0x2, 0xdf, 0xff, 0xff, 0xff, 0xff,
    0xff, 0xff, 0x0, 0x4f, 0xff, 0xff, 0xff, 0xff,
    0xff, 0xff, 0xff, 0x1, 0xef, 0xff, 0xff, 0xff,
    0xfb, 0xbb, 0xff, 0xff, 0xa, 0xff, 0xff, 0xff,
    0xff, 0xd0, 0x0, 0xff, 0xff, 0xf, 0xff, 0xff,
    0xff, 0xff, 0xd0, 0x0, 0xff, 0xff, 0x4f, 0xff,
    0xff, 0xff, 0xff, 0xd0, 0x0, 0xff, 0xff, 0x6f,
    0xff, 0xff, 0xff, 0xff, 0xd0, 0x0, 0xff, 0xff,
    0x6f, 0xff, 0xff, 0xff, 0xff, 0xd0, 0x0, 0xff,
    0xff, 0x5f, 0xff, 0xff, 0xff, 0xff, 0xd0, 0x0,
    0xff, 0xff, 0x2f, 0xff, 0xff, 0xff, 0xff, 0xd0,
    0x0, 0xff, 0xff, 0xd, 0xff, 0xff, 0xff, 0xff,
    0xd0, 0x0, 0xff, 0xff, 0x5, 0xff, 0xff, 0xff,
    0xff, 0xd0, 0x0, 0xff, 0xff, 0x0, 0x9f, 0xff,
    0xff, 0xff, 0xd0, 0x0, 0xff, 0xff, 0x0, 0x8,
    0xff, 0xff, 0xff, 0xd0, 0x0, 0xff, 0xff, 0x0,
    0x0, 0x4b, 0xff, 0xff, 0xd0, 0x0, 0xff, 0xff,
    0x0, 0x0, 0x0, 0x13, 0x56, 0x50, 0x0, 0xff,
    0xff, 0x0, 0x0, 0x0, 0x0, 0x0, 0x0, 0x0,
    0xff, 0xff, 0x0, 0x0, 0x0, 0x0, 0x0, 0x0,
    0x0, 0xff, 0xff, 0x0, 0x0, 0x0, 0x0, 0x0,
    0x0, 0x0, 0xff, 0xff, 0x0, 0x0, 0x0, 0x0,
    0x0, 0x0, 0x0, 0xff, 0xff, 0x0, 0x0, 0x0,
    0x0, 0x0, 0x0, 0x0, 0xff, 0xff, 0x0, 0x0,
    0x0, 0x0, 0x0, 0x0, 0x0, 0xff, 0xff, 0x0,
    0x0, 0x0, 0x0, 0x0, 0x0, 0x0, 0xff, 0xff,
    0x0, 0x0, 0x0, 0x0, 0x0, 0x0, 0x0, 0xff,
    0xff, 0x0, 0x0, 0x0, 0x0, 0x0, 0x0, 0x0,
    0xff, 0xff,

    /* U+00B7 "·" */
    0x0, 0x49, 0x71, 0x0, 0x7f, 0xff, 0xe1, 0xf,
    0xff, 0xff, 0x60, 0xff, 0xff, 0xf7, 0xb, 0xff,
    0xff, 0x30, 0x1a, 0xfd, 0x50,

    /* U+00B8 "¸" */
    0x2, 0xfd, 0x0, 0x0, 0x5, 0xfc, 0x0, 0x0,
    0x7, 0xfe, 0x95, 0x0, 0x9, 0xff, 0xff, 0xa0,
    0x0, 0x0, 0xbf, 0xf0, 0x0, 0x1, 0xbf, 0xf1,
    0x5f, 0xff, 0xff, 0xc0, 0x5f, 0xff, 0xea, 0x10,

    /* U+00B9 "¹" */
    0x0, 0x6, 0xef, 0xff, 0x90, 0x4d, 0xff, 0xff,
    0xf9, 0x1f, 0xff, 0xff, 0xff, 0x92, 0xff, 0xb4,
    0xff, 0xf9, 0x2d, 0x40, 0x2f, 0xff, 0x90, 0x0,
    0x2, 0xff, 0xf9, 0x0, 0x0, 0x2f, 0xff, 0x90,
    0x0, 0x2, 0xff, 0xf9, 0x0, 0x0, 0x2f, 0xff,
    0x90, 0x0, 0x2, 0xff, 0xf9, 0x0, 0x0, 0x2f,
    0xff, 0x90, 0x0, 0x2, 0xff, 0xf9, 0x0, 0x0,
    0x2f, 0xff, 0x90, 0x0, 0x2, 0xff, 0xf9,

    /* U+00BA "º" */
    0x0, 0x0, 0x5b, 0xdf, 0xec, 0x82, 0x0, 0x0,
    0x0, 0x2d, 0xff, 0xff, 0xff, 0xff, 0x70, 0x0,
    0x1, 0xef, 0xff, 0xff, 0xff, 0xff, 0xf9, 0x0,
    0xb, 0xff, 0xfc, 0x30, 0x16, 0xff, 0xff, 0x40,
    0x3f, 0xff, 0xd0, 0x0, 0x0, 0x5f, 0xff, 0xb0,
    0x8f, 0xff, 0x60, 0x0, 0x0, 0xd, 0xff, 0xf1,
    0xaf, 0xff, 0x30, 0x0, 0x0, 0xa, 0xff, 0xf3,
    0xbf, 0xff, 0x10, 0x0, 0x0, 0x8, 0xff, 0xf4,
    0xaf, 0xff, 0x30, 0x0, 0x0, 0xa, 0xff, 0xf3,
    0x8f, 0xff, 0x60, 0x0, 0x0, 0xd, 0xff, 0xf1,
    0x3f, 0xff, 0xd0, 0x0, 0x0, 0x5f, 0xff, 0xb0,
    0xc, 0xff, 0xfb, 0x30, 0x16, 0xff, 0xff, 0x50,
    0x1, 0xef, 0xff, 0xff, 0xff, 0xff, 0xf9, 0x0,
    0x0, 0x2d, 0xff, 0xff, 0xff, 0xff, 0x80, 0x0,
    0x0, 0x0, 0x5b, 0xdf, 0xec, 0x82, 0x0, 0x0,

    /* U+00BB "»" */
    0x4a, 0xaa, 0xa6, 0x0, 0x5a, 0xaa, 0xa4, 0x0,
    0x0, 0x0, 0x0, 0xaf, 0xff, 0xf4, 0x0, 0xcf,
    0xff, 0xf3, 0x0, 0x0, 0x0, 0x0, 0xcf, 0xff,
    0xf2, 0x1, 0xef, 0xff, 0xe1, 0x0, 0x0, 0x0,
    0x1, 0xef, 0xff, 0xd1, 0x3, 0xff, 0xff, 0xc0,
    0x0, 0x0, 0x0, 0x3, 0xff, 0xff, 0xc0, 0x5,
    0xff, 0xff, 0xa0, 0x0, 0x0, 0x0, 0x5, 0xff,
    0xff, 0xa0, 0x7, 0xff, 0xff, 0x80, 0x0, 0x0,
    0x0, 0x8, 0xff, 0xff, 0x70, 0xa, 0xff, 0xff,
    0x50, 0x0, 0x0, 0x0, 0xb, 0xff, 0xff, 0x50,
    0xc, 0xff, 0xff, 0x30, 0x0, 0x0, 0x0, 0xe,
    0xff, 0xff, 0x10, 0x1f, 0xff, 0xfe, 0x0, 0x0,
    0x0, 0x6, 0xff, 0xff, 0xa0, 0x8, 0xff, 0xff,
    0x80, 0x0, 0x0, 0x4, 0xff, 0xff, 0xc0, 0x6,
    0xff, 0xff, 0xa0, 0x0, 0x0, 0x2, 0xef, 0xff,
    0xd1, 0x3, 0xff, 0xff, 0xc0, 0x0, 0x0, 0x1,
    0xdf, 0xff, 0xe2, 0x1, 0xef, 0xff, 0xe1, 0x0,
    0x0, 0x0, 0xbf, 0xff, 0xf4, 0x0, 0xdf, 0xff,
    0xf2, 0x0, 0x0, 0x0, 0x9f, 0xff, 0xf6, 0x0,
    0xbf, 0xff, 0xf4, 0x0, 0x0, 0x0, 0x6f, 0xff,
    0xf8, 0x0, 0x8f, 0xff, 0xf6, 0x0, 0x0, 0x0,
    0x4f, 0xff, 0xfb, 0x0, 0x5f, 0xff, 0xf9, 0x0,
    0x0, 0x0, 0x0,

    /* U+00BC "¼" */
    0x0, 0x6f, 0xff, 0xf2, 0x0, 0x0, 0x0, 0x0,
    0x0, 0x0, 0xbf, 0xfa, 0x0, 0x0, 0xa, 0xff,
    0xff, 0xf2, 0x0, 0x0, 0x0, 0x0, 0x0, 0x6,
    0xff, 0xe1, 0x0, 0x0, 0x9f, 0xff, 0xff, 0xf2,
    0x0, 0x0, 0x0, 0x0, 0x0, 0x2f, 0xff, 0x40,
    0x0, 0x0, 0x9f, 0xa3, 0xff, 0xf2, 0x0, 0x0,
    0x0, 0x0, 0x0, 0xcf, 0xf9, 0x0, 0x0, 0x0,
    0x97, 0x3, 0xff, 0xf2, 0x0, 0x0, 0x0, 0x0,
    0x8, 0xff, 0xd0, 0x0, 0x0, 0x0, 0x10, 0x3,
    0xff, 0xf2, 0x0, 0x0, 0x0, 0x0, 0x3f, 0xff,
    0x30, 0x0, 0x0, 0x0, 0x0, 0x3, 0xff, 0xf2,
    0x0, 0x0, 0x0, 0x0, 0xdf, 0xf8, 0x0, 0x0,
    0x0, 0x0, 0x0, 0x3, 0xff, 0xf2, 0x0, 0x0,
    0x0, 0x9, 0xff, 0xd0, 0x0, 0x0, 0x0, 0x0,
    0x0, 0x3, 0xff, 0xf2, 0x0, 0x0, 0x0, 0x4f,
    0xff, 0x20, 0x0, 0x0, 0x0, 0x0, 0x0, 0x3,
    0xff, 0xf2, 0x0, 0x0, 0x1, 0xef, 0xf7, 0x0,
    0x0, 0x0, 0x0, 0x0, 0x0, 0x3, 0xff, 0xf2,
    0x0, 0x0, 0xa, 0xff, 0xc0, 0x0, 0x0, 0x0,
    0x0, 0x0, 0x0, 0x3, 0xff, 0xf2, 0x0, 0x0,
    0x5f, 0xff, 0x10, 0x0, 0x0, 0x33, 0x33, 0x0,
    0x0, 0x3, 0xff, 0xf2, 0x0, 0x1, 0xef, 0xf6,
    0x0, 0x0, 0xa, 0xff, 0xff, 0x0, 0x0, 0x3,
    0xff, 0xf2, 0x0, 0xb, 0xff, 0xa0, 0x0, 0x0,
    0x3f, 0xff, 0xff, 0x0, 0x0, 0x1, 0x88, 0x81,
    0x0, 0x6f, 0xfe, 0x10, 0x0, 0x0, 0xdf, 0xff,
    0xff, 0x0, 0x0, 0x0, 0x0, 0x0, 0x2, 0xff,
    0xf4, 0x0, 0x0, 0x6, 0xff, 0xef, 0xff, 0x0,
    0x0, 0x0, 0x0, 0x0, 0xc, 0xff, 0x90, 0x0,
    0x0, 0x1e, 0xff, 0x4f, 0xff, 0x0, 0x0, 0x0,
    0x0, 0x0, 0x8f, 0xfd, 0x0, 0x0, 0x0, 0x9f,
    0xf9, 0x2f, 0xff, 0x0, 0x0, 0x0, 0x0, 0x3,
    0xff, 0xf3, 0x0, 0x0, 0x3, 0xff, 0xf1, 0x2f,
    0xff, 0x0, 0x0, 0x0, 0x0, 0xd, 0xff, 0x80,
    0x0, 0x0, 0xc, 0xff, 0x70, 0x2f, 0xff, 0x0,
    0x0, 0x0, 0x0, 0x9f, 0xfd, 0x0, 0x0, 0x0,
    0x6f, 0xfd, 0x0, 0x2f, 0xff, 0x0, 0x0, 0x0,
    0x4, 0xff, 0xf2, 0x0, 0x0, 0x0, 0xdf, 0xfd,
    0xbb, 0xcf, 0xff, 0xb7, 0x0, 0x0, 0x1e, 0xff,
    0x70, 0x0, 0x0, 0x0, 0xef, 0xff, 0xff, 0xff,
    0xff, 0xfa, 0x0, 0x0, 0xaf, 0xfc, 0x0, 0x0,
    0x0, 0x0, 0xef, 0xff, 0xff, 0xff, 0xff, 0xfa,
    0x0, 0x5, 0xff, 0xf1, 0x0, 0x0, 0x0, 0x0,
    0x0, 0x0, 0x0, 0x3f, 0xff, 0x0, 0x0, 0x1e,
    0xff, 0x60, 0x0, 0x0, 0x0, 0x0, 0x0, 0x0,
    0x0, 0x3f, 0xff, 0x0,

    /* U+00BD "½" */
    0x0, 0x7, 0x88, 0x81, 0x0, 0x0, 0x0, 0x0,
    0x0, 0x0, 0x48, 0x87, 0x0, 0x0, 0x0, 0x2d,
    0xff, 0xff, 0x20, 0x0, 0x0, 0x0, 0x0, 0x0,
    0x2f, 0xff, 0x50, 0x0, 0x0, 0x4f, 0xff, 0xff,
    0xf2, 0x0, 0x0, 0x0, 0x0, 0x0, 0xc, 0xff,
    0xa0, 0x0, 0x0, 0x9, 0xff, 0xaf, 0xff, 0x20,
    0x0, 0x0, 0x0, 0x0, 0x7, 0xff, 0xe1, 0x0,
    0x0, 0x0, 0x9e, 0x43, 0xff, 0xf2, 0x0, 0x0,
    0x0, 0x0, 0x2, 0xff, 0xf4, 0x0, 0x0, 0x0,
    0x6, 0x10, 0x3f, 0xff, 0x20, 0x0, 0x0, 0x0,
    0x0, 0xcf, 0xf9, 0x0, 0x0, 0x0, 0x0, 0x0,
    0x3, 0xff, 0xf2, 0x0, 0x0, 0x0, 0x0, 0x7f,
    0xfe, 0x0, 0x0, 0x0, 0x0, 0x0, 0x0, 0x3f,
    0xff, 0x20, 0x0, 0x0, 0x0, 0x2f, 0xff, 0x40,
    0x0, 0x0, 0x0, 0x0, 0x0, 0x3, 0xff, 0xf2,
    0x0, 0x0, 0x0, 0xd, 0xff, 0x90, 0x0, 0x0,
    0x0, 0x0, 0x0, 0x0, 0x3f, 0xff, 0x20, 0x0,
    0x0, 0x8, 0xff, 0xd0, 0x0, 0x0, 0x0, 0x0,
    0x0, 0x0, 0x3, 0xff, 0xf2, 0x0, 0x0, 0x3,
    0xff, 0xf3, 0x0, 0x0, 0x0, 0x0, 0x0, 0x0,
    0x0, 0x3f, 0xff, 0x20, 0x0, 0x0, 0xdf, 0xf8,
    0x0, 0x0, 0x0, 0x0, 0x0, 0x0, 0x0, 0x3,
    0xff, 0xf2, 0x0, 0x0, 0x8f, 0xfd, 0x0, 0x0,
    0x5, 0x89, 0x85, 0x0, 0x0, 0x0, 0x3f, 0xff,
    0x20, 0x0, 0x3f, 0xff, 0x30, 0x0, 0x3e, 0xff,
    0xff, 0xfd, 0x30, 0x0, 0x3, 0xff, 0xf2, 0x0,
    0xd, 0xff, 0x80, 0x0, 0x1f, 0xff, 0xff, 0xff,
    0xfe, 0x10, 0x0, 0x0, 0x0, 0x0, 0x9, 0xff,
    0xc0, 0x0, 0x7, 0xff, 0xe3, 0x4, 0xff, 0xf8,
    0x0, 0x0, 0x0, 0x0, 0x4, 0xff, 0xf2, 0x0,
    0x0, 0x36, 0x64, 0x0, 0xa, 0xff, 0xa0, 0x0,
    0x0, 0x0, 0x0, 0xef, 0xf7, 0x0, 0x0, 0x0,
    0x0, 0x0, 0x0, 0xbf, 0xf8, 0x0, 0x0, 0x0,
    0x0, 0xaf, 0xfc, 0x0, 0x0, 0x0, 0x0, 0x0,
    0x0, 0x4f, 0xff, 0x10, 0x0, 0x0, 0x0, 0x4f,
    0xff, 0x20, 0x0, 0x0, 0x0, 0x0, 0x0, 0x3f,
    0xff, 0x70, 0x0, 0x0, 0x0, 0x1e, 0xff, 0x70,
    0x0, 0x0, 0x0, 0x0, 0x0, 0x3e, 0xff, 0xa0,
    0x0, 0x0, 0x0, 0xa, 0xff, 0xc0, 0x0, 0x0,
    0x0, 0x0, 0x0, 0x3e, 0xff, 0xb0, 0x0, 0x0,
    0x0, 0x5, 0xff, 0xf2, 0x0, 0x0, 0x0, 0x0,
    0x0, 0x3f, 0xff, 0xc0, 0x0, 0x0, 0x0, 0x1,
    0xef, 0xf6, 0x0, 0x0, 0x0, 0x0, 0x0, 0x3f,
    0xff, 0xc0, 0x0, 0x0, 0x0, 0x0, 0xbf, 0xfb,
    0x0, 0x0, 0x0, 0x0, 0x0, 0x2f, 0xff, 0xfd,
    0xdd, 0xdd, 0xb0, 0x0, 0x6f, 0xff, 0x10, 0x0,
    0x0, 0x0, 0x0, 0x6, 0xff, 0xff, 0xff, 0xff,
    0xfd, 0x0, 0x1f, 0xff, 0x50, 0x0, 0x0, 0x0,
    0x0, 0x0, 0x6f, 0xff, 0xff, 0xff, 0xff, 0xd0,

    /* U+00BE "¾" */
    0x0, 0x2, 0x8a, 0xa8, 0x30, 0x0, 0x0, 0x0,
    0x0, 0x0, 0x0, 0x9, 0xbb, 0x50, 0x0, 0x0,
    0xa, 0xff, 0xff, 0xff, 0x90, 0x0, 0x0, 0x0,
    0x0, 0x0, 0x7, 0xff, 0xe0, 0x0, 0x0, 0xa,
    0xff, 0xff, 0xff, 0xff, 0x60, 0x0, 0x0, 0x0,
    0x0, 0x2, 0xff, 0xf4, 0x0, 0x0, 0x1, 0xff,
    0xf8, 0x11, 0xbf, 0xfd, 0x0, 0x0, 0x0, 0x0,
    0x0, 0xcf, 0xf9, 0x0, 0x0, 0x0, 0x15, 0x54,
    0x0, 0x4, 0xff, 0xf0, 0x0, 0x0, 0x0, 0x0,
    0x8f, 0xfd, 0x0, 0x0, 0x0, 0x0, 0x0, 0x0,
    0x0, 0x7f, 0xfd, 0x0, 0x0, 0x0, 0x0, 0x3f,
    0xff, 0x30, 0x0, 0x0, 0x0, 0x0, 0x0, 0x57,
    0xaf, 0xff, 0x40, 0x0, 0x0, 0x0, 0xd, 0xff,
    0x90, 0x0, 0x0, 0x0, 0x0, 0x0, 0xc, 0xff,
    0xfc, 0x30, 0x0, 0x0, 0x0, 0x8, 0xff, 0xd0,
    0x0, 0x0, 0x0, 0x0, 0x0, 0x0, 0xcf, 0xff,
    0xfe, 0x50, 0x0, 0x0, 0x3, 0xff, 0xf3, 0x0,
    0x0, 0x0, 0x0, 0x0, 0x0, 0x0, 0x1, 0xaf,
    0xff, 0x20, 0x0, 0x0, 0xdf, 0xf8, 0x0, 0x0,
    0x0, 0x0, 0x0, 0x0, 0x0, 0x0, 0x0, 0xff,
    0xf8, 0x0, 0x0, 0x8f, 0xfd, 0x0, 0x0, 0x0,
    0x0, 0x0, 0x0, 0x0, 0x0, 0x0, 0xf, 0xff,
    0x90, 0x0, 0x3f, 0xff, 0x30, 0x0, 0x0, 0x0,
    0x0, 0x0, 0x7f, 0xff, 0x50, 0x19, 0xff, 0xf6,
    0x0, 0xd, 0xff, 0x80, 0x0, 0x0, 0x0, 0x0,
    0x0, 0x1, 0xff, 0xff, 0xff, 0xff, 0xfe, 0x0,
    0x9, 0xff, 0xd0, 0x0, 0x0, 0xc, 0xff, 0xfa,
    0x0, 0x4, 0xef, 0xff, 0xff, 0xfd, 0x20, 0x4,
    0xff, 0xf3, 0x0, 0x0, 0x6, 0xff, 0xff, 0xa0,
    0x0, 0x0, 0x6a, 0xcc, 0xa5, 0x0, 0x0, 0xdf,
    0xf8, 0x0, 0x0, 0x1, 0xef, 0xff, 0xfa, 0x0,
    0x0, 0x0, 0x0, 0x0, 0x0, 0x0, 0x9f, 0xfc,
    0x0, 0x0, 0x0, 0xaf, 0xfe, 0xff, 0xa0, 0x0,
    0x0, 0x0, 0x0, 0x0, 0x0, 0x4f, 0xff, 0x20,
    0x0, 0x0, 0x3f, 0xfe, 0x7f, 0xfa, 0x0, 0x0,
    0x0, 0x0, 0x0, 0x0, 0xe, 0xff, 0x70, 0x0,
    0x0, 0xd, 0xff, 0x56, 0xff, 0xa0, 0x0, 0x0,
    0x0, 0x0, 0x0, 0x9, 0xff, 0xc0, 0x0, 0x0,
    0x7, 0xff, 0xc0, 0x6f, 0xfa, 0x0, 0x0, 0x0,
    0x0, 0x0, 0x4, 0xff, 0xf2, 0x0, 0x0, 0x1,
    0xff, 0xf3, 0x6, 0xff, 0xa0, 0x0, 0x0, 0x0,
    0x0, 0x1, 0xef, 0xf7, 0x0, 0x0, 0x0, 0xaf,
    0xf9, 0x0, 0x6f, 0xfa, 0x0, 0x0, 0x0, 0x0,
    0x0, 0xaf, 0xfc, 0x0, 0x0, 0x0, 0x2f, 0xff,
    0xcb, 0xbd, 0xff, 0xeb, 0x40, 0x0, 0x0, 0x0,
    0x5f, 0xff, 0x20, 0x0, 0x0, 0x3, 0xff, 0xff,
    0xff, 0xff, 0xff, 0xf6, 0x0, 0x0, 0x0, 0x1e,
    0xff, 0x60, 0x0, 0x0, 0x0, 0x3f, 0xff, 0xff,
    0xff, 0xff, 0xff, 0x60, 0x0, 0x0, 0xa, 0xff,
    0xc0, 0x0, 0x0, 0x0, 0x0, 0x0, 0x0, 0x0,
    0x8f, 0xfa, 0x0, 0x0, 0x0, 0x5, 0xff, 0xf2,
    0x0, 0x0, 0x0, 0x0, 0x0, 0x0, 0x0, 0x8,
    0xff, 0xa0, 0x0,

    /* U+00BF "¿" */
    0x0, 0x0, 0x0, 0x2, 0xbf, 0xd4, 0x0, 0x0,
    0x0, 0x0, 0x0, 0x0, 0xd, 0xff, 0xff, 0x20,
    0x0, 0x0, 0x0, 0x0, 0x0, 0x3f, 0xff, 0xff,
    0x60, 0x0, 0x0, 0x0, 0x0, 0x0, 0x1f, 0xff,
    0xff, 0x50, 0x0, 0x0, 0x0, 0x0, 0x0, 0x9,
    0xff, 0xfd, 0x0, 0x0, 0x0, 0x0, 0x0, 0x0,
    0x0, 0x58, 0x60, 0x0, 0x0, 0x0, 0x0, 0x0,
    0x0, 0x0, 0x0, 0x0, 0x0, 0x0, 0x0, 0x0,
    0x0, 0x0, 0x0, 0x0, 0x0, 0x0, 0x0, 0x0,
    0x0, 0x0, 0x0, 0x4, 0xaa, 0xa7, 0x0, 0x0,
    0x0, 0x0, 0x0, 0x0, 0x8, 0xff, 0xfb, 0x0,
    0x0, 0x0, 0x0, 0x0, 0x0, 0xa, 0xff, 0xfa,
    0x0, 0x0, 0x0, 0x0, 0x0, 0x0, 0x1f, 0xff,
    0xf7, 0x0, 0x0, 0x0, 0x0, 0x0, 0x1, 0xdf,
    0xff, 0xf3, 0x0, 0x0, 0x0, 0x0, 0x0, 0x5e,
    0xff, 0xff, 0xb0, 0x0, 0x0, 0x0, 0x0, 0x9,
    0xff, 0xff, 0xfd, 0x10, 0x0, 0x0, 0x0, 0x0,
    0xaf, 0xff, 0xff, 0x90, 0x0, 0x0, 0x0, 0x0,
    0x6, 0xff, 0xff, 0xf5, 0x0, 0x0, 0x0, 0x0,
    0x0, 0xd, 0xff, 0xff, 0x40, 0x0, 0x0, 0x0,
    0x0, 0x0, 0x2f, 0xff, 0xfb, 0x0, 0x0, 0x0,
    0x0, 0x0, 0x0, 0x4f, 0xff, 0xf7, 0x0, 0x0,
    0x0, 0x15, 0x55, 0x50, 0x3f, 0xff, 0xf7, 0x0,
    0x0, 0x0, 0x7f, 0xff, 0xf1, 0x1f, 0xff, 0xfd,
    0x0, 0x0, 0x0, 0xdf, 0xff, 0xe0, 0xd, 0xff,
    0xff, 0xb1, 0x0, 0x2b, 0xff, 0xff, 0x90, 0x5,
    0xff, 0xff, 0xff, 0xdd, 0xff, 0xff, 0xff, 0x20,
    0x0, 0x8f, 0xff, 0xff, 0xff, 0xff, 0xff, 0xf4,
    0x0, 0x0, 0x6, 0xef, 0xff, 0xff, 0xff, 0xfd,
    0x40, 0x0, 0x0, 0x0, 0x16, 0xbd, 0xff, 0xda,
    0x50, 0x0, 0x0,

    /* U+00C0 "À" */
    0x0, 0x0, 0x0, 0x0, 0x66, 0x66, 0x20, 0x0,
    0x0, 0x0, 0x0, 0x0, 0x0, 0x0, 0x0, 0x0,
    0x0, 0x8f, 0xff, 0xc0, 0x0, 0x0, 0x0, 0x0,
    0x0, 0x0, 0x0, 0x0, 0x0, 0x0, 0xd, 0xff,
    0xf3, 0x0, 0x0, 0x0, 0x0, 0x0, 0x0, 0x0,
    0x0, 0x0, 0x0, 0x3, 0xff, 0xfa, 0x0, 0x0,
    0x0, 0x0, 0x0, 0x0, 0x0, 0x0, 0x0, 0x0,
    0x0, 0x8f, 0xff, 0x10, 0x0, 0x0, 0x0, 0x0,
    0x0, 0x0, 0x0, 0x0, 0x0, 0x0, 0xd, 0xff,
    0x80, 0x0, 0x0, 0x0, 0x0, 0x0, 0x0, 0x0,
    0x0, 0x0, 0x0, 0x0, 0x0, 0x0, 0x0, 0x0,
    0x0, 0x0, 0x0, 0x0, 0x0, 0x0, 0x0, 0x0,
    0x0, 0x0, 0x0, 0x0, 0x0, 0x0, 0x0, 0x0,
    0x0, 0x0, 0x0, 0x0, 0x0, 0x0, 0x0, 0x0,
    0x0, 0x0, 0x0, 0x0, 0x0, 0x0, 0x0, 0x0,
    0x0, 0x2, 0xff, 0xff, 0xff, 0x20, 0x0, 0x0,
    0x0, 0x0, 0x0, 0x0, 0x0, 0x0, 0x8, 0xff,
    0xff, 0xff, 0x80, 0x0, 0x0, 0x0, 0x0, 0x0,
    0x0, 0x0, 0x0, 0xd, 0xff, 0xff, 0xff, 0xe0,
    0x0, 0x0, 0x0, 0x0, 0x0, 0x0, 0x0, 0x0,
    0x3f, 0xff, 0xff, 0xff, 0xf3, 0x0, 0x0, 0x0,
    0x0, 0x0, 0x0, 0x0, 0x0, 0x9f, 0xff, 0xbd,
    0xff, 0xf9, 0x0, 0x0, 0x0, 0x0, 0x0, 0x0,
    0x0, 0x0, 0xef, 0xff, 0x78, 0xff, 0xfe, 0x0,
    0x0, 0x0, 0x0, 0x0, 0x0, 0x0, 0x4, 0xff,
    0xff, 0x34, 0xff, 0xff, 0x50, 0x0, 0x0, 0x0,
    0x0, 0x0, 0x0, 0xa, 0xff, 0xff, 0x0, 0xff,
    0xff, 0xa0, 0x0, 0x0, 0x0, 0x0, 0x0, 0x0,
    0xf, 0xff, 0xfb, 0x0, 0xbf, 0xff, 0xf1, 0x0,
    0x0, 0x0, 0x0, 0x0, 0x0, 0x5f, 0xff, 0xf6,
    0x0, 0x6f, 0xff, 0xf6, 0x0, 0x0, 0x0, 0x0,
    0x0, 0x0, 0xaf, 0xff, 0xf2, 0x0, 0x2f, 0xff,
    0xfc, 0x0, 0x0, 0x0, 0x0, 0x0, 0x0, 0xff,
    0xff, 0xd0, 0x0, 0xd, 0xff, 0xff, 0x10, 0x0,
    0x0, 0x0, 0x0, 0x6, 0xff, 0xff, 0x80, 0x0,
    0x8, 0xff, 0xff, 0x70, 0x0, 0x0, 0x0, 0x0,
    0xb, 0xff, 0xff, 0x30, 0x0, 0x3, 0xff, 0xff,
    0xd0, 0x0, 0x0, 0x0, 0x0, 0x1f, 0xff, 0xfe,
    0x0, 0x0, 0x0, 0xdf, 0xff, 0xf3, 0x0, 0x0,
    0x0, 0x0, 0x7f, 0xff, 0xf9, 0x0, 0x0, 0x0,
    0x8f, 0xff, 0xf8, 0x0, 0x0, 0x0, 0x0, 0xcf,
    0xff, 0xff, 0xff, 0xff, 0xff, 0xff, 0xff, 0xfe,
    0x0, 0x0, 0x0, 0x2, 0xff, 0xff, 0xff, 0xff,
    0xff, 0xff, 0xff, 0xff, 0xff, 0x40, 0x0, 0x0,
    0x7, 0xff, 0xff, 0xff, 0xff, 0xff, 0xff, 0xff,
    0xff, 0xff, 0xa0, 0x0, 0x0, 0xd, 0xff, 0xff,
    0xdc, 0xcc, 0xcc, 0xcc, 0xcc, 0xff, 0xff, 0xf0,
    0x0, 0x0, 0x3f, 0xff, 0xfe, 0x0, 0x0, 0x0,
    0x0, 0x0, 0xcf, 0xff, 0xf5, 0x0, 0x0, 0x8f,
    0xff, 0xf9, 0x0, 0x0, 0x0, 0x0, 0x0, 0x6f,
    0xff, 0xfb, 0x0, 0x0, 0xef, 0xff, 0xf3, 0x0,
    0x0, 0x0, 0x0, 0x0, 0x1f, 0xff, 0xff, 0x10,
    0x4, 0xff, 0xff, 0xd0, 0x0, 0x0, 0x0, 0x0,
    0x0, 0xb, 0xff, 0xff, 0x60, 0x9, 0xff, 0xff,
    0x80, 0x0, 0x0, 0x0, 0x0, 0x0, 0x5, 0xff,
    0xff, 0xc0, 0xe, 0xff, 0xff, 0x30, 0x0, 0x0,
    0x0, 0x0, 0x0, 0x0, 0xff, 0xff, 0xf2,

    /* U+00C1 "Á" */
    0x0, 0x0, 0x0, 0x0, 0x0, 0x0, 0x2, 0x66,
    0x66, 0x0, 0x0, 0x0, 0x0, 0x0, 0x0, 0x0,
    0x0, 0x0, 0x0, 0xa, 0xff, 0xf9, 0x0, 0x0,
    0x0, 0x0, 0x0, 0x0, 0x0, 0x0, 0x0, 0x0,
    0x1f, 0xff, 0xe1, 0x0, 0x0, 0x0, 0x0, 0x0,
    0x0, 0x0, 0x0, 0x0, 0x0, 0x8f, 0xff, 0x40,
    0x0, 0x0, 0x0, 0x0, 0x0, 0x0, 0x0, 0x0,
    0x0, 0x0, 0xef, 0xfa, 0x0, 0x0, 0x0, 0x0,
    0x0, 0x0, 0x0, 0x0, 0x0, 0x0, 0x6, 0xff,
    0xe1, 0x0, 0x0, 0x0, 0x0, 0x0, 0x0, 0x0,
    0x0, 0x0, 0x0, 0x0, 0x0, 0x0, 0x0, 0x0,
    0x0, 0x0, 0x0, 0x0, 0x0, 0x0, 0x0, 0x0,
    0x0, 0x0, 0x0, 0x0, 0x0, 0x0, 0x0, 0x0,
    0x0, 0x0, 0x0, 0x0, 0x0, 0x0, 0x0, 0x0,
    0x0, 0x0, 0x0, 0x0, 0x0, 0x0, 0x0, 0x0,
    0x0, 0x2, 0xff, 0xff, 0xff, 0x20, 0x0, 0x0,
    0x0, 0x0, 0x0, 0x0, 0x0, 0x0, 0x8, 0xff,
    0xff, 0xff, 0x80, 0x0, 0x0, 0x0, 0x0, 0x0,
    0x0, 0x0, 0x0, 0xd, 0xff, 0xff, 0xff, 0xe0,
    0x0, 0x0, 0x0, 0x0, 0x0, 0x0, 0x0, 0x0,
    0x3f, 0xff, 0xff, 0xff, 0xf3, 0x0, 0x0, 0x0,
    0x0, 0x0, 0x0, 0x0, 0x0, 0x9f, 0xff, 0xbd,
    0xff, 0xf9, 0x0, 0x0, 0x0, 0x0, 0x0, 0x0,
    0x0, 0x0, 0xef, 0xff, 0x78, 0xff, 0xfe, 0x0,
    0x0, 0x0, 0x0, 0x0, 0x0, 0x0, 0x4, 0xff,
    0xff, 0x34, 0xff, 0xff, 0x50, 0x0, 0x0, 0x0,
    0x0, 0x0, 0x0, 0xa, 0xff, 0xff, 0x0, 0xff,
    0xff, 0xa0, 0x0, 0x0, 0x0, 0x0, 0x0, 0x0,
    0xf, 0xff, 0xfb, 0x0, 0xbf, 0xff, 0xf1, 0x0,
    0x0, 0x0, 0x0, 0x0, 0x0, 0x5f, 0xff, 0xf6,
    0x0, 0x6f, 0xff, 0xf6, 0x0, 0x0, 0x0, 0x0,
    0x0, 0x0, 0xaf, 0xff, 0xf2, 0x0, 0x2f, 0xff,
    0xfc, 0x0, 0x0, 0x0, 0x0, 0x0, 0x0, 0xff,
    0xff, 0xd0, 0x0, 0xd, 0xff, 0xff, 0x10, 0x0,
    0x0, 0x0, 0x0, 0x6, 0xff, 0xff, 0x80, 0x0,
    0x8, 0xff, 0xff, 0x70, 0x0, 0x0, 0x0, 0x0,
    0xb, 0xff, 0xff, 0x30, 0x0, 0x3, 0xff, 0xff,
    0xd0, 0x0, 0x0, 0x0, 0x0, 0x1f, 0xff, 0xfe,
    0x0, 0x0, 0x0, 0xdf, 0xff, 0xf3, 0x0, 0x0,
    0x0, 0x0, 0x7f, 0xff, 0xf9, 0x0, 0x0, 0x0,
    0x8f, 0xff, 0xf8, 0x0, 0x0, 0x0, 0x0, 0xcf,
    0xff, 0xff, 0xff, 0xff, 0xff, 0xff, 0xff, 0xfe,
    0x0, 0x0, 0x0, 0x2, 0xff, 0xff, 0xff, 0xff,
    0xff, 0xff, 0xff, 0xff, 0xff, 0x40, 0x0, 0x0,
    0x7, 0xff, 0xff, 0xff, 0xff, 0xff, 0xff, 0xff,
    0xff, 0xff, 0xa0, 0x0, 0x0, 0xd, 0xff, 0xff,
    0xdc, 0xcc, 0xcc, 0xcc, 0xcc, 0xff, 0xff, 0xf0,
    0x0, 0x0, 0x3f, 0xff, 0xfe, 0x0, 0x0, 0x0,
    0x0, 0x0, 0xcf, 0xff, 0xf5, 0x0, 0x0, 0x8f,
    0xff, 0xf9, 0x0, 0x0, 0x0, 0x0, 0x0, 0x6f,
    0xff, 0xfb, 0x0, 0x0, 0xef, 0xff, 0xf3, 0x0,
    0x0, 0x0, 0x0, 0x0, 0x1f, 0xff, 0xff, 0x10,
    0x4, 0xff, 0xff, 0xd0, 0x0, 0x0, 0x0, 0x0,
    0x0, 0xb, 0xff, 0xff, 0x60, 0x9, 0xff, 0xff,
    0x80, 0x0, 0x0, 0x0, 0x0, 0x0, 0x5, 0xff,
    0xff, 0xc0, 0xe, 0xff, 0xff, 0x30, 0x0, 0x0,
    0x0, 0x0, 0x0, 0x0, 0xff, 0xff, 0xf2,

    /* U+00C2 "Â" */
    0x0, 0x0, 0x0, 0x0, 0x0, 0x7, 0x88, 0x71,
    0x0, 0x0, 0x0, 0x0, 0x0, 0x0, 0x0, 0x0,
    0x0, 0x0, 0xaf, 0xff, 0xfb, 0x0, 0x0, 0x0,
    0x0, 0x0, 0x0, 0x0, 0x0, 0x0, 0x9, 0xff,
    0xff, 0xff, 0xa0, 0x0, 0x0, 0x0, 0x0, 0x0,
    0x0, 0x0, 0x0, 0x7f, 0xff, 0x86, 0xff, 0xf8,
    0x0, 0x0, 0x0, 0x0, 0x0, 0x0, 0x0, 0x5,
    0xff, 0xfb, 0x0, 0x9f, 0xff, 0x50, 0x0, 0x0,
    0x0, 0x0, 0x0, 0x0, 0x4f, 0xff, 0xd1, 0x0,
    0xc, 0xff, 0xf4, 0x0, 0x0, 0x0, 0x0, 0x0,
    0x0, 0x0, 0x0, 0x0, 0x0, 0x0, 0x0, 0x0,
    0x0, 0x0, 0x0, 0x0, 0x0, 0x0, 0x0, 0x0,
    0x0, 0x0, 0x0, 0x0, 0x0, 0x0, 0x0, 0x0,
    0x0, 0x0, 0x0, 0x0, 0x0, 0x0, 0x0, 0x0,
    0x0, 0x0, 0x0, 0x0, 0x0, 0x0, 0x0, 0x0,
    0x0, 0x2, 0xff, 0xff, 0xff, 0x20, 0x0, 0x0,
    0x0, 0x0, 0x0, 0x0, 0x0, 0x0, 0x8, 0xff,
    0xff, 0xff, 0x80, 0x0, 0x0, 0x0, 0x0, 0x0,
    0x0, 0x0, 0x0, 0xd, 0xff, 0xff, 0xff, 0xe0,
    0x0, 0x0, 0x0, 0x0, 0x0, 0x0, 0x0, 0x0,
    0x3f, 0xff, 0xff, 0xff, 0xf3, 0x0, 0x0, 0x0,
    0x0, 0x0, 0x0, 0x0, 0x0, 0x9f, 0xff, 0xbd,
    0xff, 0xf9, 0x0, 0x0, 0x0, 0x0, 0x0, 0x0,
    0x0, 0x0, 0xef, 0xff, 0x78, 0xff, 0xfe, 0x0,
    0x0, 0x0, 0x0, 0x0, 0x0, 0x0, 0x4, 0xff,
    0xff, 0x34, 0xff, 0xff, 0x50, 0x0, 0x0, 0x0,
    0x0, 0x0, 0x0, 0xa, 0xff, 0xff, 0x0, 0xff,
    0xff, 0xa0, 0x0, 0x0, 0x0, 0x0, 0x0, 0x0,
    0xf, 0xff, 0xfb, 0x0, 0xbf, 0xff, 0xf1, 0x0,
    0x0, 0x0, 0x0, 0x0, 0x0, 0x5f, 0xff, 0xf6,
    0x0, 0x6f, 0xff, 0xf6, 0x0, 0x0, 0x0, 0x0,
    0x0, 0x0, 0xaf, 0xff, 0xf2, 0x0, 0x2f, 0xff,
    0xfc, 0x0, 0x0, 0x0, 0x0, 0x0, 0x0, 0xff,
    0xff, 0xd0, 0x0, 0xd, 0xff, 0xff, 0x10, 0x0,
    0x0, 0x0, 0x0, 0x6, 0xff, 0xff, 0x80, 0x0,
    0x8, 0xff, 0xff, 0x70, 0x0, 0x0, 0x0, 0x0,
    0xb, 0xff, 0xff, 0x30, 0x0, 0x3, 0xff, 0xff,
    0xd0, 0x0, 0x0, 0x0, 0x0, 0x1f, 0xff, 0xfe,
    0x0, 0x0, 0x0, 0xdf, 0xff, 0xf3, 0x0, 0x0,
    0x0, 0x0, 0x7f, 0xff, 0xf9, 0x0, 0x0, 0x0,
    0x8f, 0xff, 0xf8, 0x0, 0x0, 0x0, 0x0, 0xcf,
    0xff, 0xff, 0xff, 0xff, 0xff, 0xff, 0xff, 0xfe,
    0x0, 0x0, 0x0, 0x2, 0xff, 0xff, 0xff, 0xff,
    0xff, 0xff, 0xff, 0xff, 0xff, 0x40, 0x0, 0x0,
    0x7, 0xff, 0xff, 0xff, 0xff, 0xff, 0xff, 0xff,
    0xff, 0xff, 0xa0, 0x0, 0x0, 0xd, 0xff, 0xff,
    0xdc, 0xcc, 0xcc, 0xcc, 0xcc, 0xff, 0xff, 0xf0,
    0x0, 0x0, 0x3f, 0xff, 0xfe, 0x0, 0x0, 0x0,
    0x0, 0x0, 0xcf, 0xff, 0xf5, 0x0, 0x0, 0x8f,
    0xff, 0xf9, 0x0, 0x0, 0x0, 0x0, 0x0, 0x6f,
    0xff, 0xfb, 0x0, 0x0, 0xef, 0xff, 0xf3, 0x0,
    0x0, 0x0, 0x0, 0x0, 0x1f, 0xff, 0xff, 0x10,
    0x4, 0xff, 0xff, 0xd0, 0x0, 0x0, 0x0, 0x0,
    0x0, 0xb, 0xff, 0xff, 0x60, 0x9, 0xff, 0xff,
    0x80, 0x0, 0x0, 0x0, 0x0, 0x0, 0x5, 0xff,
    0xff, 0xc0, 0xe, 0xff, 0xff, 0x30, 0x0, 0x0,
    0x0, 0x0, 0x0, 0x0, 0xff, 0xff, 0xf2,

    /* U+00C3 "Ã" */
    0x0, 0x0, 0x0, 0x0, 0x7, 0xba, 0x40, 0x0,
    0x9b, 0x90, 0x0, 0x0, 0x0, 0x0, 0x0, 0x0,
    0x0, 0xbf, 0xff, 0xfa, 0x23, 0xff, 0xa0, 0x0,
    0x0, 0x0, 0x0, 0x0, 0x0, 0x4, 0xff, 0xff,
    0xff, 0xff, 0xff, 0x60, 0x0, 0x0, 0x0, 0x0,
    0x0, 0x0, 0x8, 0xff, 0x52, 0xaf, 0xff, 0xfd,
    0x0, 0x0, 0x0, 0x0, 0x0, 0x0, 0x0, 0x7,
    0xbb, 0x0, 0x3, 0x9b, 0x81, 0x0, 0x0, 0x0,
    0x0, 0x0, 0x0, 0x0, 0x0, 0x0, 0x0, 0x0,
    0x0, 0x0, 0x0, 0x0, 0x0, 0x0, 0x0, 0x0,
    0x0, 0x0, 0x0, 0x0, 0x0, 0x0, 0x0, 0x0,
    0x0, 0x0, 0x0, 0x0, 0x0, 0x0, 0x0, 0x0,
    0x0, 0x0, 0x0, 0x0, 0x0, 0x0, 0x0, 0x0,
    0x0, 0x0, 0x0, 0x0, 0x2, 0xff, 0xff, 0xff,
    0x20, 0x0, 0x0, 0x0, 0x0, 0x0, 0x0, 0x0,
    0x0, 0x8, 0xff, 0xff, 0xff, 0x80, 0x0, 0x0,
    0x0, 0x0, 0x0, 0x0, 0x0, 0x0, 0xd, 0xff,
    0xff, 0xff, 0xe0, 0x0, 0x0, 0x0, 0x0, 0x0,
    0x0, 0x0, 0x0, 0x3f, 0xff, 0xff, 0xff, 0xf3,
    0x0, 0x0, 0x0, 0x0, 0x0, 0x0, 0x0, 0x0,
    0x9f, 0xff, 0xbd, 0xff, 0xf9, 0x0, 0x0, 0x0,
    0x0, 0x0, 0x0, 0x0, 0x0, 0xef, 0xff, 0x78,
    0xff, 0xfe, 0x0, 0x0, 0x0, 0x0, 0x0, 0x0,
    0x0, 0x4, 0xff, 0xff, 0x34, 0xff, 0xff, 0x50,
    0x0, 0x0, 0x0, 0x0, 0x0, 0x0, 0xa, 0xff,
    0xff, 0x0, 0xff, 0xff, 0xa0, 0x0, 0x0, 0x0,
    0x0, 0x0, 0x0, 0xf, 0xff, 0xfb, 0x0, 0xbf,
    0xff, 0xf1, 0x0, 0x0, 0x0, 0x0, 0x0, 0x0,
    0x5f, 0xff, 0xf6, 0x0, 0x6f, 0xff, 0xf6, 0x0,
    0x0, 0x0, 0x0, 0x0, 0x0, 0xaf, 0xff, 0xf2,
    0x0, 0x2f, 0xff, 0xfc, 0x0, 0x0, 0x0, 0x0,
    0x0, 0x0, 0xff, 0xff, 0xd0, 0x0, 0xd, 0xff,
    0xff, 0x10, 0x0, 0x0, 0x0, 0x0, 0x6, 0xff,
    0xff, 0x80, 0x0, 0x8, 0xff, 0xff, 0x70, 0x0,
    0x0, 0x0, 0x0, 0xb, 0xff, 0xff, 0x30, 0x0,
    0x3, 0xff, 0xff, 0xd0, 0x0, 0x0, 0x0, 0x0,
    0x1f, 0xff, 0xfe, 0x0, 0x0, 0x0, 0xdf, 0xff,
    0xf3, 0x0, 0x0, 0x0, 0x0, 0x7f, 0xff, 0xf9,
    0x0, 0x0, 0x0, 0x8f, 0xff, 0xf8, 0x0, 0x0,
    0x0, 0x0, 0xcf, 0xff, 0xff, 0xff, 0xff, 0xff,
    0xff, 0xff, 0xfe, 0x0, 0x0, 0x0, 0x2, 0xff,
    0xff, 0xff, 0xff, 0xff, 0xff, 0xff, 0xff, 0xff,
    0x40, 0x0, 0x0, 0x7, 0xff, 0xff, 0xff, 0xff,
    0xff, 0xff, 0xff, 0xff, 0xff, 0xa0, 0x0, 0x0,
    0xd, 0xff, 0xff, 0xdc, 0xcc, 0xcc, 0xcc, 0xcc,
    0xff, 0xff, 0xf0, 0x0, 0x0, 0x3f, 0xff, 0xfe,
    0x0, 0x0, 0x0, 0x0, 0x0, 0xcf, 0xff, 0xf5,
    0x0, 0x0, 0x8f, 0xff, 0xf9, 0x0, 0x0, 0x0,
    0x0, 0x0, 0x6f, 0xff, 0xfb, 0x0, 0x0, 0xef,
    0xff, 0xf3, 0x0, 0x0, 0x0, 0x0, 0x0, 0x1f,
    0xff, 0xff, 0x10, 0x4, 0xff, 0xff, 0xd0, 0x0,
    0x0, 0x0, 0x0, 0x0, 0xb, 0xff, 0xff, 0x60,
    0x9, 0xff, 0xff, 0x80, 0x0, 0x0, 0x0, 0x0,
    0x0, 0x5, 0xff, 0xff, 0xc0, 0xe, 0xff, 0xff,
    0x30, 0x0, 0x0, 0x0, 0x0, 0x0, 0x0, 0xff,
    0xff, 0xf2,

    /* U+00C4 "Ä" */
    0x0, 0x0, 0x0, 0x4, 0xdf, 0x90, 0x0, 0x8,
    0xee, 0x50, 0x0, 0x0, 0x0, 0x0, 0x0, 0x0,
    0xe, 0xff, 0xf7, 0x0, 0x5f, 0xff, 0xf2, 0x0,
    0x0, 0x0, 0x0, 0x0, 0x0, 0x2f, 0xff, 0xfa,
    0x0, 0x7f, 0xff, 0xf4, 0x0, 0x0, 0x0, 0x0,
    0x0, 0x0, 0xd, 0xff, 0xf5, 0x0, 0x3f, 0xff,
    0xe1, 0x0, 0x0, 0x0, 0x0, 0x0, 0x0, 0x2,
    0xac, 0x60, 0x0, 0x5, 0xbb, 0x30, 0x0, 0x0,
    0x0, 0x0, 0x0, 0x0, 0x0, 0x0, 0x0, 0x0,
    0x0, 0x0, 0x0, 0x0, 0x0, 0x0, 0x0, 0x0,
    0x0, 0x0, 0x0, 0x0, 0x0, 0x0, 0x0, 0x0,
    0x0, 0x0, 0x0, 0x0, 0x0, 0x0, 0x0, 0x0,
    0x0, 0x0, 0x0, 0x0, 0x0, 0x0, 0x0, 0x0,
    0x0, 0x0, 0x0, 0x0, 0x2, 0xff, 0xff, 0xff,
    0x20, 0x0, 0x0, 0x0, 0x0, 0x0, 0x0, 0x0,
    0x0, 0x8, 0xff, 0xff, 0xff, 0x80, 0x0, 0x0,
    0x0, 0x0, 0x0, 0x0, 0x0, 0x0, 0xd, 0xff,
    0xff, 0xff, 0xe0, 0x0, 0x0, 0x0, 0x0, 0x0,
    0x0, 0x0, 0x0, 0x3f, 0xff, 0xff, 0xff, 0xf3,
    0x0, 0x0, 0x0, 0x0, 0x0, 0x0, 0x0, 0x0,
    0x9f, 0xff, 0xbd, 0xff, 0xf9, 0x0, 0x0, 0x0,
    0x0, 0x0, 0x0, 0x0, 0x0, 0xef, 0xff, 0x78,
    0xff, 0xfe, 0x0, 0x0, 0x0, 0x0, 0x0, 0x0,
    0x0, 0x4, 0xff, 0xff, 0x34, 0xff, 0xff, 0x50,
    0x0, 0x0, 0x0, 0x0, 0x0, 0x0, 0xa, 0xff,
    0xff, 0x0, 0xff, 0xff, 0xa0, 0x0, 0x0, 0x0,
    0x0, 0x0, 0x0, 0xf, 0xff, 0xfb, 0x0, 0xbf,
    0xff, 0xf1, 0x0, 0x0, 0x0, 0x0, 0x0, 0x0,
    0x5f, 0xff, 0xf6, 0x0, 0x6f, 0xff, 0xf6, 0x0,
    0x0, 0x0, 0x0, 0x0, 0x0, 0xaf, 0xff, 0xf2,
    0x0, 0x2f, 0xff, 0xfc, 0x0, 0x0, 0x0, 0x0,
    0x0, 0x0, 0xff, 0xff, 0xd0, 0x0, 0xd, 0xff,
    0xff, 0x10, 0x0, 0x0, 0x0, 0x0, 0x6, 0xff,
    0xff, 0x80, 0x0, 0x8, 0xff, 0xff, 0x70, 0x0,
    0x0, 0x0, 0x0, 0xb, 0xff, 0xff, 0x30, 0x0,
    0x3, 0xff, 0xff, 0xd0, 0x0, 0x0, 0x0, 0x0,
    0x1f, 0xff, 0xfe, 0x0, 0x0, 0x0, 0xdf, 0xff,
    0xf3, 0x0, 0x0, 0x0, 0x0, 0x7f, 0xff, 0xf9,
    0x0, 0x0, 0x0, 0x8f, 0xff, 0xf8, 0x0, 0x0,
    0x0, 0x0, 0xcf, 0xff, 0xff, 0xff, 0xff, 0xff,
    0xff, 0xff, 0xfe, 0x0, 0x0, 0x0, 0x2, 0xff,
    0xff, 0xff, 0xff, 0xff, 0xff, 0xff, 0xff, 0xff,
    0x40, 0x0, 0x0, 0x7, 0xff, 0xff, 0xff, 0xff,
    0xff, 0xff, 0xff, 0xff, 0xff, 0xa0, 0x0, 0x0,
    0xd, 0xff, 0xff, 0xdc, 0xcc, 0xcc, 0xcc, 0xcc,
    0xff, 0xff, 0xf0, 0x0, 0x0, 0x3f, 0xff, 0xfe,
    0x0, 0x0, 0x0, 0x0, 0x0, 0xcf, 0xff, 0xf5,
    0x0, 0x0, 0x8f, 0xff, 0xf9, 0x0, 0x0, 0x0,
    0x0, 0x0, 0x6f, 0xff, 0xfb, 0x0, 0x0, 0xef,
    0xff, 0xf3, 0x0, 0x0, 0x0, 0x0, 0x0, 0x1f,
    0xff, 0xff, 0x10, 0x4, 0xff, 0xff, 0xd0, 0x0,
    0x0, 0x0, 0x0, 0x0, 0xb, 0xff, 0xff, 0x60,
    0x9, 0xff, 0xff, 0x80, 0x0, 0x0, 0x0, 0x0,
    0x0, 0x5, 0xff, 0xff, 0xc0, 0xe, 0xff, 0xff,
    0x30, 0x0, 0x0, 0x0, 0x0, 0x0, 0x0, 0xff,
    0xff, 0xf2,

    /* U+00C5 "Å" */
    0x0, 0x0, 0x0, 0x0, 0x0, 0x5c, 0xff, 0xc6,
    0x0, 0x0, 0x0, 0x0, 0x0, 0x0, 0x0, 0x0,
    0x0, 0x8, 0xff, 0xff, 0xff, 0xa0, 0x0, 0x0,
    0x0, 0x0, 0x0, 0x0, 0x0, 0x0, 0x3f, 0xfe,
    0x65, 0xdf, 0xf5, 0x0, 0x0, 0x0, 0x0, 0x0,
    0x0, 0x0, 0x0, 0x9f, 0xf3, 0x0, 0x1f, 0xfb,
    0x0, 0x0, 0x0, 0x0, 0x0, 0x0, 0x0, 0x0,
    0xaf, 0xf0, 0x0, 0xd, 0xfd, 0x0, 0x0, 0x0,
    0x0, 0x0, 0x0, 0x0, 0x0, 0x8f, 0xf3, 0x0,
    0x1f, 0xfb, 0x0, 0x0, 0x0, 0x0, 0x0, 0x0,
    0x0, 0x0, 0x3f, 0xfe, 0x65, 0xdf, 0xf5, 0x0,
    0x0, 0x0, 0x0, 0x0, 0x0, 0x0, 0x0, 0x7,
    0xff, 0xff, 0xff, 0x90, 0x0, 0x0, 0x0, 0x0,
    0x0, 0x0, 0x0, 0x0, 0x0, 0x4c, 0xff, 0xc6,
    0x0, 0x0, 0x0, 0x0, 0x0, 0x0, 0x0, 0x0,
    0x0, 0x0, 0x0, 0x0, 0x0, 0x0, 0x0, 0x0,
    0x0, 0x0, 0x0, 0x0, 0x0, 0x0, 0x2, 0xff,
    0xff, 0xff, 0x20, 0x0, 0x0, 0x0, 0x0, 0x0,
    0x0, 0x0, 0x0, 0x8, 0xff, 0xff, 0xff, 0x80,
    0x0, 0x0, 0x0, 0x0, 0x0, 0x0, 0x0, 0x0,
    0xd, 0xff, 0xff, 0xff, 0xe0, 0x0, 0x0, 0x0,
    0x0, 0x0, 0x0, 0x0, 0x0, 0x3f, 0xff, 0xff,
    0xff, 0xf3, 0x0, 0x0, 0x0, 0x0, 0x0, 0x0,
    0x0, 0x0, 0x9f, 0xff, 0xbd, 0xff, 0xf9, 0x0,
    0x0, 0x0, 0x0, 0x0, 0x0, 0x0, 0x0, 0xef,
    0xff, 0x78, 0xff, 0xfe, 0x0, 0x0, 0x0, 0x0,
    0x0, 0x0, 0x0, 0x4, 0xff, 0xff, 0x34, 0xff,
    0xff, 0x50, 0x0, 0x0, 0x0, 0x0, 0x0, 0x0,
    0xa, 0xff, 0xff, 0x0, 0xff, 0xff, 0xa0, 0x0,
    0x0, 0x0, 0x0, 0x0, 0x0, 0xf, 0xff, 0xfb,
    0x0, 0xbf, 0xff, 0xf1, 0x0, 0x0, 0x0, 0x0,
    0x0, 0x0, 0x5f, 0xff, 0xf6, 0x0, 0x6f, 0xff,
    0xf6, 0x0, 0x0, 0x0, 0x0, 0x0, 0x0, 0xaf,
    0xff, 0xf2, 0x0, 0x2f, 0xff, 0xfc, 0x0, 0x0,
    0x0, 0x0, 0x0, 0x0, 0xff, 0xff, 0xd0, 0x0,
    0xd, 0xff, 0xff, 0x10, 0x0, 0x0, 0x0, 0x0,
    0x6, 0xff, 0xff, 0x80, 0x0, 0x8, 0xff, 0xff,
    0x70, 0x0, 0x0, 0x0, 0x0, 0xb, 0xff, 0xff,
    0x30, 0x0, 0x3, 0xff, 0xff, 0xd0, 0x0, 0x0,
    0x0, 0x0, 0x1f, 0xff, 0xfe, 0x0, 0x0, 0x0,
    0xdf, 0xff, 0xf3, 0x0, 0x0, 0x0, 0x0, 0x7f,
    0xff, 0xf9, 0x0, 0x0, 0x0, 0x8f, 0xff, 0xf8,
    0x0, 0x0, 0x0, 0x0, 0xcf, 0xff, 0xff, 0xff,
    0xff, 0xff, 0xff, 0xff, 0xfe, 0x0, 0x0, 0x0,
    0x2, 0xff, 0xff, 0xff, 0xff, 0xff, 0xff, 0xff,
    0xff, 0xff, 0x40, 0x0, 0x0, 0x7, 0xff, 0xff,
    0xff, 0xff, 0xff, 0xff, 0xff, 0xff, 0xff, 0xa0,
    0x0, 0x0, 0xd, 0xff, 0xff, 0xdc, 0xcc, 0xcc,
    0xcc, 0xcc, 0xff, 0xff, 0xf0, 0x0, 0x0, 0x3f,
    0xff, 0xfe, 0x0, 0x0, 0x0, 0x0, 0x0, 0xcf,
    0xff, 0xf5, 0x0, 0x0, 0x8f, 0xff, 0xf9, 0x0,
    0x0, 0x0, 0x0, 0x0, 0x6f, 0xff, 0xfb, 0x0,
    0x0, 0xef, 0xff, 0xf3, 0x0, 0x0, 0x0, 0x0,
    0x0, 0x1f, 0xff, 0xff, 0x10, 0x4, 0xff, 0xff,
    0xd0, 0x0, 0x0, 0x0, 0x0, 0x0, 0xb, 0xff,
    0xff, 0x60, 0x9, 0xff, 0xff, 0x80, 0x0, 0x0,
    0x0, 0x0, 0x0, 0x5, 0xff, 0xff, 0xc0, 0xe,
    0xff, 0xff, 0x30, 0x0, 0x0, 0x0, 0x0, 0x0,
    0x0, 0xff, 0xff, 0xf2,

    /* U+00C6 "Æ" */
    0x0, 0x0, 0x0, 0x0, 0x0, 0x0, 0x9f, 0xff,
    0xff, 0xff, 0xff, 0xff, 0xff, 0xff, 0xff, 0xff,
    0xff, 0x40, 0x0, 0x0, 0x0, 0x0, 0x0, 0x1f,
    0xff, 0xff, 0xff, 0xff, 0xff, 0xff, 0xff, 0xff,
    0xff, 0xff, 0xf4, 0x0, 0x0, 0x0, 0x0, 0x0,
    0x8, 0xff, 0xff, 0xff, 0xff, 0xff, 0xff, 0xff,
    0xff, 0xff, 0xff, 0xff, 0x40, 0x0, 0x0, 0x0,
    0x0, 0x0, 0xef, 0xff, 0xd0, 0x7f, 0xff, 0xff,
    0xff, 0xff, 0xff, 0xff, 0xff, 0xf4, 0x0, 0x0,
    0x0, 0x0, 0x0, 0x6f, 0xff, 0xf6, 0x7, 0xff,
    0xff, 0x0, 0x0, 0x0, 0x0, 0x0, 0x0, 0x0,
    0x0, 0x0, 0x0, 0x0, 0xd, 0xff, 0xfe, 0x0,
    0x7f, 0xff, 0xf0, 0x0, 0x0, 0x0, 0x0, 0x0,
    0x0, 0x0, 0x0, 0x0, 0x0, 0x5, 0xff, 0xff,
    0x80, 0x7, 0xff, 0xff, 0x0, 0x0, 0x0, 0x0,
    0x0, 0x0, 0x0, 0x0, 0x0, 0x0, 0x0, 0xcf,
    0xff, 0xf1, 0x0, 0x7f, 0xff, 0xf0, 0x0, 0x0,
    0x0, 0x0, 0x0, 0x0, 0x0, 0x0, 0x0, 0x0,
    0x3f, 0xff, 0xfa, 0x0, 0x7, 0xff, 0xff, 0x0,
    0x0, 0x0, 0x0, 0x0, 0x0, 0x0, 0x0, 0x0,
    0x0, 0xa, 0xff, 0xff, 0x30, 0x0, 0x7f, 0xff,
    0xf0, 0x0, 0x0, 0x0, 0x0, 0x0, 0x0, 0x0,
    0x0, 0x0, 0x2, 0xff, 0xff, 0xc0, 0x0, 0x7,
    0xff, 0xff, 0x0, 0x0, 0x0, 0x0, 0x0, 0x0,
    0x0, 0x0, 0x0, 0x0, 0x9f, 0xff, 0xf5, 0x0,
    0x0, 0x7f, 0xff, 0xff, 0xff, 0xff, 0xff, 0xff,
    0xff, 0x70, 0x0, 0x0, 0x0, 0x1f, 0xff, 0xfe,
    0x0, 0x0, 0x7, 0xff, 0xff, 0xff, 0xff, 0xff,
    0xff, 0xff, 0xf7, 0x0, 0x0, 0x0, 0x7, 0xff,
    0xff, 0x70, 0x0, 0x0, 0x7f, 0xff, 0xff, 0xff,
    0xff, 0xff, 0xff, 0xff, 0x70, 0x0, 0x0, 0x0,
    0xef, 0xff, 0xf1, 0x0, 0x0, 0x7, 0xff, 0xff,
    0xee, 0xee, 0xee, 0xee, 0xee, 0xe6, 0x0, 0x0,
    0x0, 0x6f, 0xff, 0xf9, 0x0, 0x0, 0x0, 0x7f,
    0xff, 0xf0, 0x0, 0x0, 0x0, 0x0, 0x0, 0x0,
    0x0, 0x0, 0xd, 0xff, 0xff, 0xff, 0xff, 0xff,
    0xff, 0xff, 0xff, 0x0, 0x0, 0x0, 0x0, 0x0,
    0x0, 0x0, 0x0, 0x4, 0xff, 0xff, 0xff, 0xff,
    0xff, 0xff, 0xff, 0xff, 0xf0, 0x0, 0x0, 0x0,
    0x0, 0x0, 0x0, 0x0, 0x0, 0xbf, 0xff, 0xff,
    0xff, 0xff, 0xff, 0xff, 0xff, 0xff, 0x0, 0x0,
    0x0, 0x0, 0x0, 0x0, 0x0, 0x0, 0x3f, 0xff,
    0xfe, 0x88, 0x88, 0x88, 0x88, 0xbf, 0xff, 0xf0,
    0x0, 0x0, 0x0, 0x0, 0x0, 0x0, 0x0, 0xa,
    0xff, 0xff, 0x70, 0x0, 0x0, 0x0, 0x7, 0xff,
    0xff, 0x0, 0x0, 0x0, 0x0, 0x0, 0x0, 0x0,
    0x1, 0xff, 0xff, 0xf0, 0x0, 0x0, 0x0, 0x0,
    0x7f, 0xff, 0xf0, 0x0, 0x0, 0x0, 0x0, 0x0,
    0x0, 0x0, 0x8f, 0xff, 0xf9, 0x0, 0x0, 0x0,
    0x0, 0x7, 0xff, 0xff, 0xff, 0xff, 0xff, 0xff,
    0xff, 0xff, 0x60, 0xf, 0xff, 0xff, 0x20, 0x0,
    0x0, 0x0, 0x0, 0x7f, 0xff, 0xff, 0xff, 0xff,
    0xff, 0xff, 0xff, 0xf6, 0x7, 0xff, 0xff, 0xb0,
    0x0, 0x0, 0x0, 0x0, 0x7, 0xff, 0xff, 0xff,
    0xff, 0xff, 0xff, 0xff, 0xff, 0x60, 0xef, 0xff,
    0xf4, 0x0, 0x0, 0x0, 0x0, 0x0, 0x7f, 0xff,
    0xff, 0xff, 0xff, 0xff, 0xff, 0xff, 0xf6,

    /* U+00C7 "Ç" */
    0x0, 0x0, 0x0, 0x0, 0x49, 0xce, 0xff, 0xeb,
    0x72, 0x0, 0x0, 0x0, 0x0, 0x0, 0x0, 0x5d,
    0xff, 0xff, 0xff, 0xff, 0xff, 0xa1, 0x0, 0x0,
    0x0, 0x0, 0xa, 0xff, 0xff, 0xff, 0xff, 0xff,
    0xff, 0xff, 0x50, 0x0, 0x0, 0x0, 0xcf, 0xff,
    0xff, 0xff, 0xff, 0xff, 0xff, 0xff, 0xf5, 0x0,
    0x0, 0xa, 0xff, 0xff, 0xff, 0x95, 0x44, 0x6b,
    0xff, 0xff, 0xff, 0x30, 0x0, 0x4f, 0xff, 0xff,
    0xa1, 0x0, 0x0, 0x0, 0x3d, 0xff, 0xff, 0xc0,
    0x0, 0xdf, 0xff, 0xf9, 0x0, 0x0, 0x0, 0x0,
    0x1, 0xef, 0xff, 0xf3, 0x4, 0xff, 0xff, 0xd0,
    0x0, 0x0, 0x0, 0x0, 0x0, 0x5f, 0xff, 0xf8,
    0x9, 0xff, 0xff, 0x50, 0x0, 0x0, 0x0, 0x0,
    0x0, 0xc, 0xdd, 0xda, 0xd, 0xff, 0xff, 0x0,
    0x0, 0x0, 0x0, 0x0, 0x0, 0x0, 0x0, 0x0,
    0xf, 0xff, 0xfc, 0x0, 0x0, 0x0, 0x0, 0x0,
    0x0, 0x0, 0x0, 0x0, 0x1f, 0xff, 0xf9, 0x0,
    0x0, 0x0, 0x0, 0x0, 0x0, 0x0, 0x0, 0x0,
    0x2f, 0xff, 0xf8, 0x0, 0x0, 0x0, 0x0, 0x0,
    0x0, 0x0, 0x0, 0x0, 0x2f, 0xff, 0xf8, 0x0,
    0x0, 0x0, 0x0, 0x0, 0x0, 0x0, 0x0, 0x0,
    0x1f, 0xff, 0xf9, 0x0, 0x0, 0x0, 0x0, 0x0,
    0x0, 0x0, 0x0, 0x0, 0xf, 0xff, 0xfb, 0x0,
    0x0, 0x0, 0x0, 0x0, 0x0, 0x0, 0x0, 0x0,
    0xd, 0xff, 0xff, 0x0, 0x0, 0x0, 0x0, 0x0,
    0x0, 0x0, 0x0, 0x0, 0x9, 0xff, 0xff, 0x50,
    0x0, 0x0, 0x0, 0x0, 0x0, 0xd, 0xdd, 0xda,
    0x4, 0xff, 0xff, 0xd0, 0x0, 0x0, 0x0, 0x0,
    0x0, 0x5f, 0xff, 0xf8, 0x0, 0xdf, 0xff, 0xf9,
    0x0, 0x0, 0x0, 0x0, 0x1, 0xef, 0xff, 0xf3,
    0x0, 0x5f, 0xff, 0xff, 0xa1, 0x0, 0x0, 0x0,
    0x3d, 0xff, 0xff, 0xb0, 0x0, 0xa, 0xff, 0xff,
    0xff, 0x95, 0x44, 0x6b, 0xff, 0xff, 0xff, 0x20,
    0x0, 0x0, 0xcf, 0xff, 0xff, 0xff, 0xff, 0xff,
    0xff, 0xff, 0xf4, 0x0, 0x0, 0x0, 0xa, 0xff,
    0xff, 0xff, 0xff, 0xff, 0xff, 0xfe, 0x40, 0x0,
    0x0, 0x0, 0x0, 0x5d, 0xff, 0xff, 0xff, 0xff,
    0xff, 0xa1, 0x0, 0x0, 0x0, 0x0, 0x0, 0x0,
    0x49, 0xcf, 0xff, 0xeb, 0x72, 0x0, 0x0, 0x0,
    0x0, 0x0, 0x0, 0x0, 0x0, 0x6, 0xfb, 0x0,
    0x0, 0x0, 0x0, 0x0, 0x0, 0x0, 0x0, 0x0,
    0x0, 0x9, 0xfe, 0xa6, 0x0, 0x0, 0x0, 0x0,
    0x0, 0x0, 0x0, 0x0, 0x0, 0x9, 0xde, 0xff,
    0xa0, 0x0, 0x0, 0x0, 0x0, 0x0, 0x0, 0x0,
    0x0, 0x0, 0x0, 0xbf, 0xf0, 0x0, 0x0, 0x0,
    0x0, 0x0, 0x0, 0x0, 0x0, 0x0, 0x1, 0xdf,
    0xf0, 0x0, 0x0, 0x0, 0x0, 0x0, 0x0, 0x0,
    0x0, 0x6f, 0xff, 0xff, 0xb0, 0x0, 0x0, 0x0,
    0x0, 0x0, 0x0, 0x0, 0x0, 0x6f, 0xff, 0xd9,
    0x10, 0x0, 0x0, 0x0,

    /* U+00C8 "È" */
    0x0, 0x0, 0x56, 0x66, 0x30, 0x0, 0x0, 0x0,
    0x0, 0x0, 0x0, 0x6f, 0xff, 0xd0, 0x0, 0x0,
    0x0, 0x0, 0x0, 0x0, 0xb, 0xff, 0xf5, 0x0,
    0x0, 0x0, 0x0, 0x0, 0x0, 0x2, 0xff, 0xfc,
    0x0, 0x0, 0x0, 0x0, 0x0, 0x0, 0x0, 0x6f,
    0xff, 0x30, 0x0, 0x0, 0x0, 0x0, 0x0, 0x0,
    0xc, 0xff, 0xa0, 0x0, 0x0, 0x0, 0x0, 0x0,
    0x0, 0x0, 0x0, 0x0, 0x0, 0x0, 0x0, 0x0,
    0x0, 0x0, 0x0, 0x0, 0x0, 0x0, 0x0, 0x0,
    0x0, 0x0, 0x0, 0x0, 0x0, 0x0, 0x0, 0x0,
    0x0, 0x5f, 0xff, 0xff, 0xff, 0xff, 0xff, 0xff,
    0xff, 0xfa, 0x5f, 0xff, 0xff, 0xff, 0xff, 0xff,
    0xff, 0xff, 0xfa, 0x5f, 0xff, 0xff, 0xff, 0xff,
    0xff, 0xff, 0xff, 0xfa, 0x5f, 0xff, 0xff, 0xff,
    0xff, 0xff, 0xff, 0xff, 0xfa, 0x5f, 0xff, 0xf5,
    0x0, 0x0, 0x0, 0x0, 0x0, 0x0, 0x5f, 0xff,
    0xf5, 0x0, 0x0, 0x0, 0x0, 0x0, 0x0, 0x5f,
    0xff, 0xf5, 0x0, 0x0, 0x0, 0x0, 0x0, 0x0,
    0x5f, 0xff, 0xf5, 0x0, 0x0, 0x0, 0x0, 0x0,
    0x0, 0x5f, 0xff, 0xf5, 0x0, 0x0, 0x0, 0x0,
    0x0, 0x0, 0x5f, 0xff, 0xf5, 0x0, 0x0, 0x0,
    0x0, 0x0, 0x0, 0x5f, 0xff, 0xf5, 0x0, 0x0,
    0x0, 0x0, 0x0, 0x0, 0x5f, 0xff, 0xff, 0xff,
    0xff, 0xff, 0xff, 0xff, 0xb0, 0x5f, 0xff, 0xff,
    0xff, 0xff, 0xff, 0xff, 0xff, 0xb0, 0x5f, 0xff,
    0xff, 0xff, 0xff, 0xff, 0xff, 0xff, 0xb0, 0x5f,
    0xff, 0xfe, 0xee, 0xee, 0xee, 0xee, 0xee, 0xa0,
    0x5f, 0xff, 0xf5, 0x0, 0x0, 0x0, 0x0, 0x0,
    0x0, 0x5f, 0xff, 0xf5, 0x0, 0x0, 0x0, 0x0,
    0x0, 0x0, 0x5f, 0xff, 0xf5, 0x0, 0x0, 0x0,
    0x0, 0x0, 0x0, 0x5f, 0xff, 0xf5, 0x0, 0x0,
    0x0, 0x0, 0x0, 0x0, 0x5f, 0xff, 0xf5, 0x0,
    0x0, 0x0, 0x0, 0x0, 0x0, 0x5f, 0xff, 0xf5,
    0x0, 0x0, 0x0, 0x0, 0x0, 0x0, 0x5f, 0xff,
    0xf5, 0x0, 0x0, 0x0, 0x0, 0x0, 0x0, 0x5f,
    0xff, 0xff, 0xff, 0xff, 0xff, 0xff, 0xff, 0xfb,
    0x5f, 0xff, 0xff, 0xff, 0xff, 0xff, 0xff, 0xff,
    0xfb, 0x5f, 0xff, 0xff, 0xff, 0xff, 0xff, 0xff,
    0xff, 0xfb, 0x5f, 0xff, 0xff, 0xff, 0xff, 0xff,
    0xff, 0xff, 0xfb,

    /* U+00C9 "É" */
    0x0, 0x0, 0x0, 0x0, 0x1, 0x66, 0x66, 0x10,
    0x0, 0x0, 0x0, 0x0, 0x0, 0x8, 0xff, 0xfb,
    0x0, 0x0, 0x0, 0x0, 0x0, 0x0, 0xe, 0xff,
    0xf1, 0x0, 0x0, 0x0, 0x0, 0x0, 0x0, 0x6f,
    0xff, 0x60, 0x0, 0x0, 0x0, 0x0, 0x0, 0x0,
    0xdf, 0xfc, 0x0, 0x0, 0x0, 0x0, 0x0, 0x0,
    0x5, 0xff, 0xf2, 0x0, 0x0, 0x0, 0x0, 0x0,
    0x0, 0x0, 0x0, 0x0, 0x0, 0x0, 0x0, 0x0,
    0x0, 0x0, 0x0, 0x0, 0x0, 0x0, 0x0, 0x0,
    0x0, 0x0, 0x0, 0x0, 0x0, 0x0, 0x0, 0x0,
    0x0, 0x5f, 0xff, 0xff, 0xff, 0xff, 0xff, 0xff,
    0xff, 0xfa, 0x5f, 0xff, 0xff, 0xff, 0xff, 0xff,
    0xff, 0xff, 0xfa, 0x5f, 0xff, 0xff, 0xff, 0xff,
    0xff, 0xff, 0xff, 0xfa, 0x5f, 0xff, 0xff, 0xff,
    0xff, 0xff, 0xff, 0xff, 0xfa, 0x5f, 0xff, 0xf5,
    0x0, 0x0, 0x0, 0x0, 0x0, 0x0, 0x5f, 0xff,
    0xf5, 0x0, 0x0, 0x0, 0x0, 0x0, 0x0, 0x5f,
    0xff, 0xf5, 0x0, 0x0, 0x0, 0x0, 0x0, 0x0,
    0x5f, 0xff, 0xf5, 0x0, 0x0, 0x0, 0x0, 0x0,
    0x0, 0x5f, 0xff, 0xf5, 0x0, 0x0, 0x0, 0x0,
    0x0, 0x0, 0x5f, 0xff, 0xf5, 0x0, 0x0, 0x0,
    0x0, 0x0, 0x0, 0x5f, 0xff, 0xf5, 0x0, 0x0,
    0x0, 0x0, 0x0, 0x0, 0x5f, 0xff, 0xff, 0xff,
    0xff, 0xff, 0xff, 0xff, 0xb0, 0x5f, 0xff, 0xff,
    0xff, 0xff, 0xff, 0xff, 0xff, 0xb0, 0x5f, 0xff,
    0xff, 0xff, 0xff, 0xff, 0xff, 0xff, 0xb0, 0x5f,
    0xff, 0xfe, 0xee, 0xee, 0xee, 0xee, 0xee, 0xa0,
    0x5f, 0xff, 0xf5, 0x0, 0x0, 0x0, 0x0, 0x0,
    0x0, 0x5f, 0xff, 0xf5, 0x0, 0x0, 0x0, 0x0,
    0x0, 0x0, 0x5f, 0xff, 0xf5, 0x0, 0x0, 0x0,
    0x0, 0x0, 0x0, 0x5f, 0xff, 0xf5, 0x0, 0x0,
    0x0, 0x0, 0x0, 0x0, 0x5f, 0xff, 0xf5, 0x0,
    0x0, 0x0, 0x0, 0x0, 0x0, 0x5f, 0xff, 0xf5,
    0x0, 0x0, 0x0, 0x0, 0x0, 0x0, 0x5f, 0xff,
    0xf5, 0x0, 0x0, 0x0, 0x0, 0x0, 0x0, 0x5f,
    0xff, 0xff, 0xff, 0xff, 0xff, 0xff, 0xff, 0xfb,
    0x5f, 0xff, 0xff, 0xff, 0xff, 0xff, 0xff, 0xff,
    0xfb, 0x5f, 0xff, 0xff, 0xff, 0xff, 0xff, 0xff,
    0xff, 0xfb, 0x5f, 0xff, 0xff, 0xff, 0xff, 0xff,
    0xff, 0xff, 0xfb,

    /* U+00CA "Ê" */
    0x0, 0x0, 0x0, 0x6, 0x88, 0x82, 0x0, 0x0,
    0x0, 0x0, 0x0, 0x0, 0x8f, 0xff, 0xfd, 0x10,
    0x0, 0x0, 0x0, 0x0, 0x6, 0xff, 0xff, 0xff,
    0xc0, 0x0, 0x0, 0x0, 0x0, 0x5f, 0xff, 0xa4,
    0xff, 0xfa, 0x0, 0x0, 0x0, 0x3, 0xff, 0xfd,
    0x0, 0x7f, 0xff, 0x80, 0x0, 0x0, 0x2e, 0xff,
    0xf2, 0x0, 0xb, 0xff, 0xf6, 0x0, 0x0, 0x0,
    0x0, 0x0, 0x0, 0x0, 0x0, 0x0, 0x0, 0x0,
    0x0, 0x0, 0x0, 0x0, 0x0, 0x0, 0x0, 0x0,
    0x0, 0x0, 0x0, 0x0, 0x0, 0x0, 0x0, 0x0,
    0x0, 0x5f, 0xff, 0xff, 0xff, 0xff, 0xff, 0xff,
    0xff, 0xfa, 0x5f, 0xff, 0xff, 0xff, 0xff, 0xff,
    0xff, 0xff, 0xfa, 0x5f, 0xff, 0xff, 0xff, 0xff,
    0xff, 0xff, 0xff, 0xfa, 0x5f, 0xff, 0xff, 0xff,
    0xff, 0xff, 0xff, 0xff, 0xfa, 0x5f, 0xff, 0xf5,
    0x0, 0x0, 0x0, 0x0, 0x0, 0x0, 0x5f, 0xff,
    0xf5, 0x0, 0x0, 0x0, 0x0, 0x0, 0x0, 0x5f,
    0xff, 0xf5, 0x0, 0x0, 0x0, 0x0, 0x0, 0x0,
    0x5f, 0xff, 0xf5, 0x0, 0x0, 0x0, 0x0, 0x0,
    0x0, 0x5f, 0xff, 0xf5, 0x0, 0x0, 0x0, 0x0,
    0x0, 0x0, 0x5f, 0xff, 0xf5, 0x0, 0x0, 0x0,
    0x0, 0x0, 0x0, 0x5f, 0xff, 0xf5, 0x0, 0x0,
    0x0, 0x0, 0x0, 0x0, 0x5f, 0xff, 0xff, 0xff,
    0xff, 0xff, 0xff, 0xff, 0xb0, 0x5f, 0xff, 0xff,
    0xff, 0xff, 0xff, 0xff, 0xff, 0xb0, 0x5f, 0xff,
    0xff, 0xff, 0xff, 0xff, 0xff, 0xff, 0xb0, 0x5f,
    0xff, 0xfe, 0xee, 0xee, 0xee, 0xee, 0xee, 0xa0,
    0x5f, 0xff, 0xf5, 0x0, 0x0, 0x0, 0x0, 0x0,
    0x0, 0x5f, 0xff, 0xf5, 0x0, 0x0, 0x0, 0x0,
    0x0, 0x0, 0x5f, 0xff, 0xf5, 0x0, 0x0, 0x0,
    0x0, 0x0, 0x0, 0x5f, 0xff, 0xf5, 0x0, 0x0,
    0x0, 0x0, 0x0, 0x0, 0x5f, 0xff, 0xf5, 0x0,
    0x0, 0x0, 0x0, 0x0, 0x0, 0x5f, 0xff, 0xf5,
    0x0, 0x0, 0x0, 0x0, 0x0, 0x0, 0x5f, 0xff,
    0xf5, 0x0, 0x0, 0x0, 0x0, 0x0, 0x0, 0x5f,
    0xff, 0xff, 0xff, 0xff, 0xff, 0xff, 0xff, 0xfb,
    0x5f, 0xff, 0xff, 0xff, 0xff, 0xff, 0xff, 0xff,
    0xfb, 0x5f, 0xff, 0xff, 0xff, 0xff, 0xff, 0xff,
    0xff, 0xfb, 0x5f, 0xff, 0xff, 0xff, 0xff, 0xff,
    0xff, 0xff, 0xfb,

    /* U+00CB "Ë" */
    0x0, 0x3, 0xcf, 0xa0, 0x0, 0x6, 0xee, 0x70,
    0x0, 0x0, 0xd, 0xff, 0xf9, 0x0, 0x3f, 0xff,
    0xf3, 0x0, 0x0, 0xf, 0xff, 0xfc, 0x0, 0x6f,
    0xff, 0xf6, 0x0, 0x0, 0xc, 0xff, 0xf7, 0x0,
    0x2f, 0xff, 0xf2, 0x0, 0x0, 0x1, 0x9c, 0x70,
    0x0, 0x4, 0xbb, 0x40, 0x0, 0x0, 0x0, 0x0,
    0x0, 0x0, 0x0, 0x0, 0x0, 0x0, 0x0, 0x0,
    0x0, 0x0, 0x0, 0x0, 0x0, 0x0, 0x0, 0x0,
    0x0, 0x0, 0x0, 0x0, 0x0, 0x0, 0x0, 0x0,
    0x5f, 0xff, 0xff, 0xff, 0xff, 0xff, 0xff, 0xff,
    0xfa, 0x5f, 0xff, 0xff, 0xff, 0xff, 0xff, 0xff,
    0xff, 0xfa, 0x5f, 0xff, 0xff, 0xff, 0xff, 0xff,
    0xff, 0xff, 0xfa, 0x5f, 0xff, 0xff, 0xff, 0xff,
    0xff, 0xff, 0xff, 0xfa, 0x5f, 0xff, 0xf5, 0x0,
    0x0, 0x0, 0x0, 0x0, 0x0, 0x5f, 0xff, 0xf5,
    0x0, 0x0, 0x0, 0x0, 0x0, 0x0, 0x5f, 0xff,
    0xf5, 0x0, 0x0, 0x0, 0x0, 0x0, 0x0, 0x5f,
    0xff, 0xf5, 0x0, 0x0, 0x0, 0x0, 0x0, 0x0,
    0x5f, 0xff, 0xf5, 0x0, 0x0, 0x0, 0x0, 0x0,
    0x0, 0x5f, 0xff, 0xf5, 0x0, 0x0, 0x0, 0x0,
    0x0, 0x0, 0x5f, 0xff, 0xf5, 0x0, 0x0, 0x0,
    0x0, 0x0, 0x0, 0x5f, 0xff, 0xff, 0xff, 0xff,
    0xff, 0xff, 0xff, 0xb0, 0x5f, 0xff, 0xff, 0xff,
    0xff, 0xff, 0xff, 0xff, 0xb0, 0x5f, 0xff, 0xff,
    0xff, 0xff, 0xff, 0xff, 0xff, 0xb0, 0x5f, 0xff,
    0xfe, 0xee, 0xee, 0xee, 0xee, 0xee, 0xa0, 0x5f,
    0xff, 0xf5, 0x0, 0x0, 0x0, 0x0, 0x0, 0x0,
    0x5f, 0xff, 0xf5, 0x0, 0x0, 0x0, 0x0, 0x0,
    0x0, 0x5f, 0xff, 0xf5, 0x0, 0x0, 0x0, 0x0,
    0x0, 0x0, 0x5f, 0xff, 0xf5, 0x0, 0x0, 0x0,
    0x0, 0x0, 0x0, 0x5f, 0xff, 0xf5, 0x0, 0x0,
    0x0, 0x0, 0x0, 0x0, 0x5f, 0xff, 0xf5, 0x0,
    0x0, 0x0, 0x0, 0x0, 0x0, 0x5f, 0xff, 0xf5,
    0x0, 0x0, 0x0, 0x0, 0x0, 0x0, 0x5f, 0xff,
    0xff, 0xff, 0xff, 0xff, 0xff, 0xff, 0xfb, 0x5f,
    0xff, 0xff, 0xff, 0xff, 0xff, 0xff, 0xff, 0xfb,
    0x5f, 0xff, 0xff, 0xff, 0xff, 0xff, 0xff, 0xff,
    0xfb, 0x5f, 0xff, 0xff, 0xff, 0xff, 0xff, 0xff,
    0xff, 0xfb,

    /* U+00CC "Ì" */
    0x6, 0x66, 0x62, 0x0, 0x0, 0x9f, 0xff, 0xa0,
    0x0, 0x0, 0xdf, 0xff, 0x20, 0x0, 0x4, 0xff,
    0xf9, 0x0, 0x0, 0x9, 0xff, 0xf1, 0x0, 0x0,
    0xe, 0xff, 0x70, 0x0, 0x0, 0x0, 0x0, 0x0,
    0x0, 0x0, 0x0, 0x0, 0x0, 0x0, 0x0, 0x0,
    0x0, 0x0, 0x5f, 0xff, 0xf5, 0x0, 0x5, 0xff,
    0xff, 0x50, 0x0, 0x5f, 0xff, 0xf5, 0x0, 0x5,
    0xff, 0xff, 0x50, 0x0, 0x5f, 0xff, 0xf5, 0x0,
    0x5, 0xff, 0xff, 0x50, 0x0, 0x5f, 0xff, 0xf5,
    0x0, 0x5, 0xff, 0xff, 0x50, 0x0, 0x5f, 0xff,
    0xf5, 0x0, 0x5, 0xff, 0xff, 0x50, 0x0, 0x5f,
    0xff, 0xf5, 0x0, 0x5, 0xff, 0xff, 0x50, 0x0,
    0x5f, 0xff, 0xf5, 0x0, 0x5, 0xff, 0xff, 0x50,
    0x0, 0x5f, 0xff, 0xf5, 0x0, 0x5, 0xff, 0xff,
    0x50, 0x0, 0x5f, 0xff, 0xf5, 0x0, 0x5, 0xff,
    0xff, 0x50, 0x0, 0x5f, 0xff, 0xf5, 0x0, 0x5,
    0xff, 0xff, 0x50, 0x0, 0x5f, 0xff, 0xf5, 0x0,
    0x5, 0xff, 0xff, 0x50, 0x0, 0x5f, 0xff, 0xf5,
    0x0, 0x5, 0xff, 0xff, 0x50, 0x0, 0x5f, 0xff,
    0xf5, 0x0, 0x5, 0xff, 0xff, 0x50,

    /* U+00CD "Í" */
    0x0, 0x2, 0x66, 0x66, 0x0, 0x0, 0xbf, 0xff,
    0x80, 0x0, 0x2f, 0xff, 0xd0, 0x0, 0x9, 0xff,
    0xf3, 0x0, 0x1, 0xff, 0xf8, 0x0, 0x0, 0x8f,
    0xfd, 0x0, 0x0, 0x0, 0x0, 0x0, 0x0, 0x0,
    0x0, 0x0, 0x0, 0x0, 0x0, 0x0, 0x0, 0x0,
    0x5, 0xff, 0xff, 0x50, 0x0, 0x5f, 0xff, 0xf5,
    0x0, 0x5, 0xff, 0xff, 0x50, 0x0, 0x5f, 0xff,
    0xf5, 0x0, 0x5, 0xff, 0xff, 0x50, 0x0, 0x5f,
    0xff, 0xf5, 0x0, 0x5, 0xff, 0xff, 0x50, 0x0,
    0x5f, 0xff, 0xf5, 0x0, 0x5, 0xff, 0xff, 0x50,
    0x0, 0x5f, 0xff, 0xf5, 0x0, 0x5, 0xff, 0xff,
    0x50, 0x0, 0x5f, 0xff, 0xf5, 0x0, 0x5, 0xff,
    0xff, 0x50, 0x0, 0x5f, 0xff, 0xf5, 0x0, 0x5,
    0xff, 0xff, 0x50, 0x0, 0x5f, 0xff, 0xf5, 0x0,
    0x5, 0xff, 0xff, 0x50, 0x0, 0x5f, 0xff, 0xf5,
    0x0, 0x5, 0xff, 0xff, 0x50, 0x0, 0x5f, 0xff,
    0xf5, 0x0, 0x5, 0xff, 0xff, 0x50, 0x0, 0x5f,
    0xff, 0xf5, 0x0, 0x5, 0xff, 0xff, 0x50, 0x0,
    0x5f, 0xff, 0xf5, 0x0, 0x5, 0xff, 0xff, 0x50,
    0x0, 0x5f, 0xff, 0xf5, 0x0, 0x0,

    /* U+00CE "Î" */
    0x0, 0x0, 0x7, 0x88, 0x70, 0x0, 0x0, 0x0,
    0x0, 0xbf, 0xff, 0xfb, 0x0, 0x0, 0x0, 0xa,
    0xff, 0xff, 0xff, 0x90, 0x0, 0x0, 0x8f, 0xff,
    0x77, 0xff, 0xf7, 0x0, 0x6, 0xff, 0xfa, 0x0,
    0xaf, 0xff, 0x50, 0x5f, 0xff, 0xd0, 0x0, 0xd,
    0xff, 0xf3, 0x0, 0x0, 0x0, 0x0, 0x0, 0x0,
    0x0, 0x0, 0x0, 0x0, 0x0, 0x0, 0x0, 0x0,
    0x0, 0x0, 0x0, 0x0, 0x0, 0x0, 0x0, 0x0,
    0x0, 0x5f, 0xff, 0xf5, 0x0, 0x0, 0x0, 0x0,
    0x5f, 0xff, 0xf5, 0x0, 0x0, 0x0, 0x0, 0x5f,
    0xff, 0xf5, 0x0, 0x0, 0x0, 0x0, 0x5f, 0xff,
    0xf5, 0x0, 0x0, 0x0, 0x0, 0x5f, 0xff, 0xf5,
    0x0, 0x0, 0x0, 0x0, 0x5f, 0xff, 0xf5, 0x0,
    0x0, 0x0, 0x0, 0x5f, 0xff, 0xf5, 0x0, 0x0,
    0x0, 0x0, 0x5f, 0xff, 0xf5, 0x0, 0x0, 0x0,
    0x0, 0x5f, 0xff, 0xf5, 0x0, 0x0, 0x0, 0x0,
    0x5f, 0xff, 0xf5, 0x0, 0x0, 0x0, 0x0, 0x5f,
    0xff, 0xf5, 0x0, 0x0, 0x0, 0x0, 0x5f, 0xff,
    0xf5, 0x0, 0x0, 0x0, 0x0, 0x5f, 0xff, 0xf5,
    0x0, 0x0, 0x0, 0x0, 0x5f, 0xff, 0xf5, 0x0,
    0x0, 0x0, 0x0, 0x5f, 0xff, 0xf5, 0x0, 0x0,
    0x0, 0x0, 0x5f, 0xff, 0xf5, 0x0, 0x0, 0x0,
    0x0, 0x5f, 0xff, 0xf5, 0x0, 0x0, 0x0, 0x0,
    0x5f, 0xff, 0xf5, 0x0, 0x0, 0x0, 0x0, 0x5f,
    0xff, 0xf5, 0x0, 0x0, 0x0, 0x0, 0x5f, 0xff,
    0xf5, 0x0, 0x0, 0x0, 0x0, 0x5f, 0xff, 0xf5,
    0x0, 0x0, 0x0, 0x0, 0x5f, 0xff, 0xf5, 0x0,
    0x0, 0x0, 0x0, 0x5f, 0xff, 0xf5, 0x0, 0x0,
    0x0, 0x0, 0x5f, 0xff, 0xf5, 0x0, 0x0, 0x0,
    0x0, 0x5f, 0xff, 0xf5, 0x0, 0x0, 0x0, 0x0,
    0x5f, 0xff, 0xf5, 0x0, 0x0,

    /* U+00CF "Ï" */
    0x4, 0xde, 0x80, 0x0, 0x9, 0xed, 0x40, 0x1f,
    0xff, 0xf5, 0x0, 0x6f, 0xff, 0xf1, 0x3f, 0xff,
    0xf8, 0x0, 0x9f, 0xff, 0xf3, 0xe, 0xff, 0xf4,
    0x0, 0x5f, 0xff, 0xe0, 0x2, 0xab, 0x50, 0x0,
    0x6, 0xba, 0x20, 0x0, 0x0, 0x0, 0x0, 0x0,
    0x0, 0x0, 0x0, 0x0, 0x0, 0x0, 0x0, 0x0,
    0x0, 0x0, 0x0, 0x0, 0x0, 0x0, 0x0, 0x0,
    0x0, 0x0, 0x5f, 0xff, 0xf5, 0x0, 0x0, 0x0,
    0x0, 0x5f, 0xff, 0xf5, 0x0, 0x0, 0x0, 0x0,
    0x5f, 0xff, 0xf5, 0x0, 0x0, 0x0, 0x0, 0x5f,
    0xff, 0xf5, 0x0, 0x0, 0x0, 0x0, 0x5f, 0xff,
    0xf5, 0x0, 0x0, 0x0, 0x0, 0x5f, 0xff, 0xf5,
    0x0, 0x0, 0x0, 0x0, 0x5f, 0xff, 0xf5, 0x0,
    0x0, 0x0, 0x0, 0x5f, 0xff, 0xf5, 0x0, 0x0,
    0x0, 0x0, 0x5f, 0xff, 0xf5, 0x0, 0x0, 0x0,
    0x0, 0x5f, 0xff, 0xf5, 0x0, 0x0, 0x0, 0x0,
    0x5f, 0xff, 0xf5, 0x0, 0x0, 0x0, 0x0, 0x5f,
    0xff, 0xf5, 0x0, 0x0, 0x0, 0x0, 0x5f, 0xff,
    0xf5, 0x0, 0x0, 0x0, 0x0, 0x5f, 0xff, 0xf5,
    0x0, 0x0, 0x0, 0x0, 0x5f, 0xff, 0xf5, 0x0,
    0x0, 0x0, 0x0, 0x5f, 0xff, 0xf5, 0x0, 0x0,
    0x0, 0x0, 0x5f, 0xff, 0xf5, 0x0, 0x0, 0x0,
    0x0, 0x5f, 0xff, 0xf5, 0x0, 0x0, 0x0, 0x0,
    0x5f, 0xff, 0xf5, 0x0, 0x0, 0x0, 0x0, 0x5f,
    0xff, 0xf5, 0x0, 0x0, 0x0, 0x0, 0x5f, 0xff,
    0xf5, 0x0, 0x0, 0x0, 0x0, 0x5f, 0xff, 0xf5,
    0x0, 0x0, 0x0, 0x0, 0x5f, 0xff, 0xf5, 0x0,
    0x0, 0x0, 0x0, 0x5f, 0xff, 0xf5, 0x0, 0x0,
    0x0, 0x0, 0x5f, 0xff, 0xf5, 0x0, 0x0, 0x0,
    0x0, 0x5f, 0xff, 0xf5, 0x0, 0x0,

    /* U+00D0 "Ð" */
    0x0, 0x5, 0xff, 0xff, 0xff, 0xff, 0xff, 0xec,
    0x84, 0x0, 0x0, 0x0, 0x0, 0x0, 0x5, 0xff,
    0xff, 0xff, 0xff, 0xff, 0xff, 0xff, 0xd5, 0x0,
    0x0, 0x0, 0x0, 0x5, 0xff, 0xff, 0xff, 0xff,
    0xff, 0xff, 0xff, 0xff, 0xb1, 0x0, 0x0, 0x0,
    0x5, 0xff, 0xff, 0xff, 0xff, 0xff, 0xff, 0xff,
    0xff, 0xfd, 0x10, 0x0, 0x0, 0x5, 0xff, 0xff,
    0x71, 0x11, 0x12, 0x48, 0xdf, 0xff, 0xff, 0xb0,
    0x0, 0x0, 0x5, 0xff, 0xff, 0x60, 0x0, 0x0,
    0x0, 0x6, 0xff, 0xff, 0xf6, 0x0, 0x0, 0x5,
    0xff, 0xff, 0x60, 0x0, 0x0, 0x0, 0x0, 0x5f,
    0xff, 0xfe, 0x0, 0x0, 0x5, 0xff, 0xff, 0x60,
    0x0, 0x0, 0x0, 0x0, 0x9, 0xff, 0xff, 0x50,
    0x0, 0x5, 0xff, 0xff, 0x60, 0x0, 0x0, 0x0,
    0x0, 0x2, 0xff, 0xff, 0xa0, 0x0, 0x5, 0xff,
    0xff, 0x60, 0x0, 0x0, 0x0, 0x0, 0x0, 0xdf,
    0xff, 0xe0, 0x0, 0x5, 0xff, 0xff, 0x60, 0x0,
    0x0, 0x0, 0x0, 0x0, 0x9f, 0xff, 0xf0, 0xaf,
    0xff, 0xff, 0xff, 0xff, 0xff, 0xff, 0x60, 0x0,
    0x0, 0x7f, 0xff, 0xf2, 0xaf, 0xff, 0xff, 0xff,
    0xff, 0xff, 0xff, 0x60, 0x0, 0x0, 0x6f, 0xff,
    0xf3, 0xaf, 0xff, 0xff, 0xff, 0xff, 0xff, 0xff,
    0x60, 0x0, 0x0, 0x6f, 0xff, 0xf3, 0x35, 0x5a,
    0xff, 0xff, 0xb5, 0x55, 0x55, 0x20, 0x0, 0x0,
    0x7f, 0xff, 0xf2, 0x0, 0x5, 0xff, 0xff, 0x60,
    0x0, 0x0, 0x0, 0x0, 0x0, 0x9f, 0xff, 0xf0,
    0x0, 0x5, 0xff, 0xff, 0x60, 0x0, 0x0, 0x0,
    0x0, 0x0, 0xdf, 0xff, 0xe0, 0x0, 0x5, 0xff,
    0xff, 0x60, 0x0, 0x0, 0x0, 0x0, 0x2, 0xff,
    0xff, 0xa0, 0x0, 0x5, 0xff, 0xff, 0x60, 0x0,
    0x0, 0x0, 0x0, 0xa, 0xff, 0xff, 0x50, 0x0,
    0x5, 0xff, 0xff, 0x60, 0x0, 0x0, 0x0, 0x0,
    0x5f, 0xff, 0xfe, 0x0, 0x0, 0x5, 0xff, 0xff,
    0x60, 0x0, 0x0, 0x0, 0x7, 0xff, 0xff, 0xf6,
    0x0, 0x0, 0x5, 0xff, 0xff, 0x71, 0x11, 0x12,
    0x48, 0xef, 0xff, 0xff, 0xb0, 0x0, 0x0, 0x5,
    0xff, 0xff, 0xff, 0xff, 0xff, 0xff, 0xff, 0xff,
    0xfd, 0x10, 0x0, 0x0, 0x5, 0xff, 0xff, 0xff,
    0xff, 0xff, 0xff, 0xff, 0xff, 0xb0, 0x0, 0x0,
    0x0, 0x5, 0xff, 0xff, 0xff, 0xff, 0xff, 0xff,
    0xff, 0xd5, 0x0, 0x0, 0x0, 0x0, 0x5, 0xff,
    0xff, 0xff, 0xff, 0xff, 0xeb, 0x83, 0x0, 0x0,
    0x0, 0x0,

    /* U+00D1 "Ñ" */
    0x0, 0x0, 0x0, 0x2, 0x9b, 0x81, 0x0, 0x2b,
    0xb4, 0x0, 0x0, 0x0, 0x0, 0x0, 0x2, 0xff,
    0xff, 0xf6, 0x8, 0xff, 0x40, 0x0, 0x0, 0x0,
    0x0, 0x0, 0xaf, 0xff, 0xff, 0xff, 0xff, 0xf0,
    0x0, 0x0, 0x0, 0x0, 0x0, 0xe, 0xfe, 0x14,
    0xdf, 0xff, 0xf7, 0x0, 0x0, 0x0, 0x0, 0x0,
    0x0, 0xbb, 0x70, 0x0, 0x6a, 0xa5, 0x0, 0x0,
    0x0, 0x0, 0x0, 0x0, 0x0, 0x0, 0x0, 0x0,
    0x0, 0x0, 0x0, 0x0, 0x0, 0x0, 0x0, 0x0,
    0x0, 0x0, 0x0, 0x0, 0x0, 0x0, 0x0, 0x0,
    0x0, 0x0, 0x0, 0x0, 0x0, 0x0, 0x0, 0x0,
    0x0, 0x0, 0x0, 0x0, 0x5f, 0xff, 0xff, 0x40,
    0x0, 0x0, 0x0, 0x0, 0x1, 0xff, 0xff, 0xb5,
    0xff, 0xff, 0xfd, 0x0, 0x0, 0x0, 0x0, 0x0,
    0x1f, 0xff, 0xfb, 0x5f, 0xff, 0xff, 0xf8, 0x0,
    0x0, 0x0, 0x0, 0x1, 0xff, 0xff, 0xb5, 0xff,
    0xff, 0xff, 0xf2, 0x0, 0x0, 0x0, 0x0, 0x1f,
    0xff, 0xfb, 0x5f, 0xff, 0xff, 0xff, 0xc0, 0x0,
    0x0, 0x0, 0x1, 0xff, 0xff, 0xb5, 0xff, 0xff,
    0xff, 0xff, 0x60, 0x0, 0x0, 0x0, 0x1f, 0xff,
    0xfb, 0x5f, 0xff, 0xf9, 0xff, 0xff, 0x10, 0x0,
    0x0, 0x1, 0xff, 0xff, 0xb5, 0xff, 0xff, 0x3e,
    0xff, 0xfa, 0x0, 0x0, 0x0, 0x1f, 0xff, 0xfb,
    0x5f, 0xff, 0xf3, 0x7f, 0xff, 0xf5, 0x0, 0x0,
    0x1, 0xff, 0xff, 0xb5, 0xff, 0xff, 0x40, 0xef,
    0xff, 0xe0, 0x0, 0x0, 0x1f, 0xff, 0xfb, 0x5f,
    0xff, 0xf5, 0x5, 0xff, 0xff, 0x90, 0x0, 0x1,
    0xff, 0xff, 0xb5, 0xff, 0xff, 0x60, 0xc, 0xff,
    0xff, 0x30, 0x0, 0x1f, 0xff, 0xfb, 0x5f, 0xff,
    0xf6, 0x0, 0x2f, 0xff, 0xfd, 0x0, 0x1, 0xff,
    0xff, 0xb5, 0xff, 0xff, 0x60, 0x0, 0x8f, 0xff,
    0xf7, 0x0, 0xf, 0xff, 0xfb, 0x5f, 0xff, 0xf6,
    0x0, 0x0, 0xdf, 0xff, 0xf2, 0x0, 0xff, 0xff,
    0xb5, 0xff, 0xff, 0x60, 0x0, 0x4, 0xff, 0xff,
    0xb0, 0xf, 0xff, 0xfb, 0x5f, 0xff, 0xf6, 0x0,
    0x0, 0xa, 0xff, 0xff, 0x40, 0xff, 0xff, 0xb5,
    0xff, 0xff, 0x60, 0x0, 0x0, 0x1e, 0xff, 0xfd,
    0xf, 0xff, 0xfb, 0x5f, 0xff, 0xf6, 0x0, 0x0,
    0x0, 0x6f, 0xff, 0xf5, 0xef, 0xff, 0xb5, 0xff,
    0xff, 0x60, 0x0, 0x0, 0x0, 0xbf, 0xff, 0xcd,
    0xff, 0xfb, 0x5f, 0xff, 0xf6, 0x0, 0x0, 0x0,
    0x2, 0xff, 0xff, 0xff, 0xff, 0xb5, 0xff, 0xff,
    0x60, 0x0, 0x0, 0x0, 0x7, 0xff, 0xff, 0xff,
    0xfb, 0x5f, 0xff, 0xf6, 0x0, 0x0, 0x0, 0x0,
    0xd, 0xff, 0xff, 0xff, 0xb5, 0xff, 0xff, 0x60,
    0x0, 0x0, 0x0, 0x0, 0x3f, 0xff, 0xff, 0xfb,
    0x5f, 0xff, 0xf6, 0x0, 0x0, 0x0, 0x0, 0x0,
    0x9f, 0xff, 0xff, 0xb5, 0xff, 0xff, 0x60, 0x0,
    0x0, 0x0, 0x0, 0x0, 0xef, 0xff, 0xfb,

    /* U+00D2 "Ò" */
    0x0, 0x0, 0x0, 0x1, 0x66, 0x66, 0x10, 0x0,
    0x0, 0x0, 0x0, 0x0, 0x0, 0x0, 0x0, 0x0,
    0xb, 0xff, 0xf8, 0x0, 0x0, 0x0, 0x0, 0x0,
    0x0, 0x0, 0x0, 0x0, 0x0, 0x2f, 0xff, 0xe0,
    0x0, 0x0, 0x0, 0x0, 0x0, 0x0, 0x0, 0x0,
    0x0, 0x0, 0x6f, 0xff, 0x60, 0x0, 0x0, 0x0,
    0x0, 0x0, 0x0, 0x0, 0x0, 0x0, 0x0, 0xcf,
    0xfd, 0x0, 0x0, 0x0, 0x0, 0x0, 0x0, 0x0,
    0x0, 0x0, 0x0, 0x2, 0xff, 0xf5, 0x0, 0x0,
    0x0, 0x0, 0x0, 0x0, 0x0, 0x0, 0x0, 0x0,
    0x0, 0x0, 0x0, 0x0, 0x0, 0x0, 0x0, 0x0,
    0x0, 0x0, 0x0, 0x0, 0x0, 0x0, 0x0, 0x0,
    0x0, 0x0, 0x0, 0x0, 0x0, 0x0, 0x0, 0x0,
    0x0, 0x0, 0x0, 0x0, 0x0, 0x0, 0x0, 0x0,
    0x0, 0x0, 0x0, 0x0, 0x4, 0x9c, 0xef, 0xfe,
    0xb7, 0x20, 0x0, 0x0, 0x0, 0x0, 0x0, 0x0,
    0x5d, 0xff, 0xff, 0xff, 0xff, 0xff, 0xb2, 0x0,
    0x0, 0x0, 0x0, 0x0, 0xaf, 0xff, 0xff, 0xff,
    0xff, 0xff, 0xff, 0xf6, 0x0, 0x0, 0x0, 0x0,
    0xbf, 0xff, 0xff, 0xff, 0xff, 0xff, 0xff, 0xff,
    0xf7, 0x0, 0x0, 0x0, 0x9f, 0xff, 0xff, 0xf9,
    0x54, 0x46, 0xbf, 0xff, 0xff, 0xf4, 0x0, 0x0,
    0x4f, 0xff, 0xff, 0xa1, 0x0, 0x0, 0x0, 0x3d,
    0xff, 0xff, 0xe0, 0x0, 0xd, 0xff, 0xff, 0x90,
    0x0, 0x0, 0x0, 0x0, 0x1d, 0xff, 0xff, 0x70,
    0x4, 0xff, 0xff, 0xd0, 0x0, 0x0, 0x0, 0x0,
    0x0, 0x3f, 0xff, 0xfe, 0x0, 0x9f, 0xff, 0xf5,
    0x0, 0x0, 0x0, 0x0, 0x0, 0x0, 0xbf, 0xff,
    0xf4, 0xd, 0xff, 0xff, 0x0, 0x0, 0x0, 0x0,
    0x0, 0x0, 0x5, 0xff, 0xff, 0x80, 0xff, 0xff,
    0xc0, 0x0, 0x0, 0x0, 0x0, 0x0, 0x0, 0x1f,
    0xff, 0xfa, 0x1f, 0xff, 0xf9, 0x0, 0x0, 0x0,
    0x0, 0x0, 0x0, 0x0, 0xff, 0xff, 0xc2, 0xff,
    0xff, 0x80, 0x0, 0x0, 0x0, 0x0, 0x0, 0x0,
    0xe, 0xff, 0xfd, 0x2f, 0xff, 0xf8, 0x0, 0x0,
    0x0, 0x0, 0x0, 0x0, 0x0, 0xef, 0xff, 0xd1,
    0xff, 0xff, 0x90, 0x0, 0x0, 0x0, 0x0, 0x0,
    0x0, 0xf, 0xff, 0xfc, 0xf, 0xff, 0xfc, 0x0,
    0x0, 0x0, 0x0, 0x0, 0x0, 0x1, 0xff, 0xff,
    0xa0, 0xdf, 0xff, 0xf0, 0x0, 0x0, 0x0, 0x0,
    0x0, 0x0, 0x5f, 0xff, 0xf8, 0x9, 0xff, 0xff,
    0x50, 0x0, 0x0, 0x0, 0x0, 0x0, 0xb, 0xff,
    0xff, 0x40, 0x4f, 0xff, 0xfd, 0x0, 0x0, 0x0,
    0x0, 0x0, 0x3, 0xff, 0xff, 0xe0, 0x0, 0xdf,
    0xff, 0xf9, 0x0, 0x0, 0x0, 0x0, 0x1, 0xdf,
    0xff, 0xf8, 0x0, 0x4, 0xff, 0xff, 0xfa, 0x10,
    0x0, 0x0, 0x3, 0xdf, 0xff, 0xfe, 0x10, 0x0,
    0xa, 0xff, 0xff, 0xff, 0x95, 0x44, 0x6b, 0xff,
    0xff, 0xff, 0x50, 0x0, 0x0, 0xb, 0xff, 0xff,
    0xff, 0xff, 0xff, 0xff, 0xff, 0xff, 0x70, 0x0,
    0x0, 0x0, 0xa, 0xff, 0xff, 0xff, 0xff, 0xff,
    0xff, 0xff, 0x60, 0x0, 0x0, 0x0, 0x0, 0x5,
    0xdf, 0xff, 0xff, 0xff, 0xff, 0xfb, 0x20, 0x0,
    0x0, 0x0, 0x0, 0x0, 0x0, 0x49, 0xce, 0xff,
    0xeb, 0x72, 0x0, 0x0, 0x0, 0x0,

    /* U+00D3 "Ó" */
    0x0, 0x0, 0x0, 0x0, 0x0, 0x0, 0x3, 0x66,
    0x65, 0x0, 0x0, 0x0, 0x0, 0x0, 0x0, 0x0,
    0x0, 0x0, 0x0, 0xdf, 0xff, 0x60, 0x0, 0x0,
    0x0, 0x0, 0x0, 0x0, 0x0, 0x0, 0x0, 0x4f,
    0xff, 0xb0, 0x0, 0x0, 0x0, 0x0, 0x0, 0x0,
    0x0, 0x0, 0x0, 0xc, 0xff, 0xf1, 0x0, 0x0,
    0x0, 0x0, 0x0, 0x0, 0x0, 0x0, 0x0, 0x3,
    0xff, 0xf6, 0x0, 0x0, 0x0, 0x0, 0x0, 0x0,
    0x0, 0x0, 0x0, 0x0, 0xaf, 0xfc, 0x0, 0x0,
    0x0, 0x0, 0x0, 0x0, 0x0, 0x0, 0x0, 0x0,
    0x0, 0x0, 0x0, 0x0, 0x0, 0x0, 0x0, 0x0,
    0x0, 0x0, 0x0, 0x0, 0x0, 0x0, 0x0, 0x0,
    0x0, 0x0, 0x0, 0x0, 0x0, 0x0, 0x0, 0x0,
    0x0, 0x0, 0x0, 0x0, 0x0, 0x0, 0x0, 0x0,
    0x0, 0x0, 0x0, 0x0, 0x4, 0x9c, 0xef, 0xfe,
    0xb7, 0x20, 0x0, 0x0, 0x0, 0x0, 0x0, 0x0,
    0x5d, 0xff, 0xff, 0xff, 0xff, 0xff, 0xb2, 0x0,
    0x0, 0x0, 0x0, 0x0, 0xaf, 0xff, 0xff, 0xff,
    0xff, 0xff, 0xff, 0xf6, 0x0, 0x0, 0x0, 0x0,
    0xbf, 0xff, 0xff, 0xff, 0xff, 0xff, 0xff, 0xff,
    0xf7, 0x0, 0x0, 0x0, 0x9f, 0xff, 0xff, 0xf9,
    0x54, 0x46, 0xbf, 0xff, 0xff, 0xf4, 0x0, 0x0,
    0x4f, 0xff, 0xff, 0xa1, 0x0, 0x0, 0x0, 0x3d,
    0xff, 0xff, 0xe0, 0x0, 0xd, 0xff, 0xff, 0x90,
    0x0, 0x0, 0x0, 0x0, 0x1d, 0xff, 0xff, 0x70,
    0x4, 0xff, 0xff, 0xd0, 0x0, 0x0, 0x0, 0x0,
    0x0, 0x3f, 0xff, 0xfe, 0x0, 0x9f, 0xff, 0xf5,
    0x0, 0x0, 0x0, 0x0, 0x0, 0x0, 0xbf, 0xff,
    0xf4, 0xd, 0xff, 0xff, 0x0, 0x0, 0x0, 0x0,
    0x0, 0x0, 0x5, 0xff, 0xff, 0x80, 0xff, 0xff,
    0xc0, 0x0, 0x0, 0x0, 0x0, 0x0, 0x0, 0x1f,
    0xff, 0xfa, 0x1f, 0xff, 0xf9, 0x0, 0x0, 0x0,
    0x0, 0x0, 0x0, 0x0, 0xff, 0xff, 0xc2, 0xff,
    0xff, 0x80, 0x0, 0x0, 0x0, 0x0, 0x0, 0x0,
    0xe, 0xff, 0xfd, 0x2f, 0xff, 0xf8, 0x0, 0x0,
    0x0, 0x0, 0x0, 0x0, 0x0, 0xef, 0xff, 0xd1,
    0xff, 0xff, 0x90, 0x0, 0x0, 0x0, 0x0, 0x0,
    0x0, 0xf, 0xff, 0xfc, 0xf, 0xff, 0xfc, 0x0,
    0x0, 0x0, 0x0, 0x0, 0x0, 0x1, 0xff, 0xff,
    0xa0, 0xdf, 0xff, 0xf0, 0x0, 0x0, 0x0, 0x0,
    0x0, 0x0, 0x5f, 0xff, 0xf8, 0x9, 0xff, 0xff,
    0x50, 0x0, 0x0, 0x0, 0x0, 0x0, 0xb, 0xff,
    0xff, 0x40, 0x4f, 0xff, 0xfd, 0x0, 0x0, 0x0,
    0x0, 0x0, 0x3, 0xff, 0xff, 0xe0, 0x0, 0xdf,
    0xff, 0xf9, 0x0, 0x0, 0x0, 0x0, 0x1, 0xdf,
    0xff, 0xf8, 0x0, 0x4, 0xff, 0xff, 0xfa, 0x10,
    0x0, 0x0, 0x3, 0xdf, 0xff, 0xfe, 0x10, 0x0,
    0xa, 0xff, 0xff, 0xff, 0x95, 0x44, 0x6b, 0xff,
    0xff, 0xff, 0x50, 0x0, 0x0, 0xb, 0xff, 0xff,
    0xff, 0xff, 0xff, 0xff, 0xff, 0xff, 0x70, 0x0,
    0x0, 0x0, 0xa, 0xff, 0xff, 0xff, 0xff, 0xff,
    0xff, 0xff, 0x60, 0x0, 0x0, 0x0, 0x0, 0x5,
    0xdf, 0xff, 0xff, 0xff, 0xff, 0xfb, 0x20, 0x0,
    0x0, 0x0, 0x0, 0x0, 0x0, 0x49, 0xce, 0xff,
    0xeb, 0x72, 0x0, 0x0, 0x0, 0x0,

    /* U+00D4 "Ô" */
    0x0, 0x0, 0x0, 0x0, 0x0, 0x18, 0x88, 0x70,
    0x0, 0x0, 0x0, 0x0, 0x0, 0x0, 0x0, 0x0,
    0x0, 0x1d, 0xff, 0xff, 0xa0, 0x0, 0x0, 0x0,
    0x0, 0x0, 0x0, 0x0, 0x0, 0x1d, 0xff, 0xef,
    0xff, 0x90, 0x0, 0x0, 0x0, 0x0, 0x0, 0x0,
    0x0, 0x1d, 0xff, 0xe2, 0x5f, 0xff, 0x80, 0x0,
    0x0, 0x0, 0x0, 0x0, 0x0, 0x1d, 0xff, 0xf3,
    0x0, 0x8f, 0xff, 0x80, 0x0, 0x0, 0x0, 0x0,
    0x0, 0x5, 0x88, 0x84, 0x0, 0x0, 0x68, 0x87,
    0x10, 0x0, 0x0, 0x0, 0x0, 0x0, 0x0, 0x0,
    0x0, 0x0, 0x0, 0x0, 0x0, 0x0, 0x0, 0x0,
    0x0, 0x0, 0x0, 0x0, 0x0, 0x0, 0x0, 0x0,
    0x0, 0x0, 0x0, 0x0, 0x0, 0x0, 0x0, 0x0,
    0x0, 0x0, 0x0, 0x0, 0x0, 0x0, 0x0, 0x0,
    0x0, 0x0, 0x0, 0x0, 0x4, 0x9c, 0xef, 0xfe,
    0xb7, 0x20, 0x0, 0x0, 0x0, 0x0, 0x0, 0x0,
    0x5d, 0xff, 0xff, 0xff, 0xff, 0xff, 0xb2, 0x0,
    0x0, 0x0, 0x0, 0x0, 0xaf, 0xff, 0xff, 0xff,
    0xff, 0xff, 0xff, 0xf6, 0x0, 0x0, 0x0, 0x0,
    0xbf, 0xff, 0xff, 0xff, 0xff, 0xff, 0xff, 0xff,
    0xf7, 0x0, 0x0, 0x0, 0x9f, 0xff, 0xff, 0xf9,
    0x54, 0x46, 0xbf, 0xff, 0xff, 0xf4, 0x0, 0x0,
    0x4f, 0xff, 0xff, 0xa1, 0x0, 0x0, 0x0, 0x3d,
    0xff, 0xff, 0xe0, 0x0, 0xd, 0xff, 0xff, 0x90,
    0x0, 0x0, 0x0, 0x0, 0x1d, 0xff, 0xff, 0x70,
    0x4, 0xff, 0xff, 0xd0, 0x0, 0x0, 0x0, 0x0,
    0x0, 0x3f, 0xff, 0xfe, 0x0, 0x9f, 0xff, 0xf5,
    0x0, 0x0, 0x0, 0x0, 0x0, 0x0, 0xbf, 0xff,
    0xf4, 0xd, 0xff, 0xff, 0x0, 0x0, 0x0, 0x0,
    0x0, 0x0, 0x5, 0xff, 0xff, 0x80, 0xff, 0xff,
    0xc0, 0x0, 0x0, 0x0, 0x0, 0x0, 0x0, 0x1f,
    0xff, 0xfa, 0x1f, 0xff, 0xf9, 0x0, 0x0, 0x0,
    0x0, 0x0, 0x0, 0x0, 0xff, 0xff, 0xc2, 0xff,
    0xff, 0x80, 0x0, 0x0, 0x0, 0x0, 0x0, 0x0,
    0xe, 0xff, 0xfd, 0x2f, 0xff, 0xf8, 0x0, 0x0,
    0x0, 0x0, 0x0, 0x0, 0x0, 0xef, 0xff, 0xd1,
    0xff, 0xff, 0x90, 0x0, 0x0, 0x0, 0x0, 0x0,
    0x0, 0xf, 0xff, 0xfc, 0xf, 0xff, 0xfc, 0x0,
    0x0, 0x0, 0x0, 0x0, 0x0, 0x1, 0xff, 0xff,
    0xa0, 0xdf, 0xff, 0xf0, 0x0, 0x0, 0x0, 0x0,
    0x0, 0x0, 0x5f, 0xff, 0xf8, 0x9, 0xff, 0xff,
    0x50, 0x0, 0x0, 0x0, 0x0, 0x0, 0xb, 0xff,
    0xff, 0x40, 0x4f, 0xff, 0xfd, 0x0, 0x0, 0x0,
    0x0, 0x0, 0x3, 0xff, 0xff, 0xe0, 0x0, 0xdf,
    0xff, 0xf9, 0x0, 0x0, 0x0, 0x0, 0x1, 0xdf,
    0xff, 0xf8, 0x0, 0x4, 0xff, 0xff, 0xfa, 0x10,
    0x0, 0x0, 0x3, 0xdf, 0xff, 0xfe, 0x10, 0x0,
    0xa, 0xff, 0xff, 0xff, 0x95, 0x44, 0x6b, 0xff,
    0xff, 0xff, 0x50, 0x0, 0x0, 0xb, 0xff, 0xff,
    0xff, 0xff, 0xff, 0xff, 0xff, 0xff, 0x70, 0x0,
    0x0, 0x0, 0xa, 0xff, 0xff, 0xff, 0xff, 0xff,
    0xff, 0xff, 0x60, 0x0, 0x0, 0x0, 0x0, 0x5,
    0xdf, 0xff, 0xff, 0xff, 0xff, 0xfb, 0x20, 0x0,
    0x0, 0x0, 0x0, 0x0, 0x0, 0x49, 0xce, 0xff,
    0xeb, 0x72, 0x0, 0x0, 0x0, 0x0,

    /* U+00D5 "Õ" */
    0x0, 0x0, 0x0, 0x0, 0x5d, 0xfe, 0x92, 0x2,
    0xff, 0x80, 0x0, 0x0, 0x0, 0x0, 0x0, 0x0,
    0x3f, 0xff, 0xff, 0xfc, 0xef, 0xf5, 0x0, 0x0,
    0x0, 0x0, 0x0, 0x0, 0xa, 0xff, 0xde, 0xff,
    0xff, 0xfd, 0x0, 0x0, 0x0, 0x0, 0x0, 0x0,
    0x0, 0xdf, 0xe0, 0x4, 0xbe, 0xfb, 0x20, 0x0,
    0x0, 0x0, 0x0, 0x0, 0x0, 0x0, 0x0, 0x0,
    0x0, 0x0, 0x0, 0x0, 0x0, 0x0, 0x0, 0x0,
    0x0, 0x0, 0x0, 0x0, 0x0, 0x0, 0x0, 0x0,
    0x0, 0x0, 0x0, 0x0, 0x0, 0x0, 0x0, 0x0,
    0x0, 0x0, 0x0, 0x0, 0x0, 0x0, 0x0, 0x0,
    0x0, 0x0, 0x0, 0x0, 0x0, 0x0, 0x0, 0x0,
    0x0, 0x0, 0x0, 0x0, 0x0, 0x0, 0x0, 0x0,
    0x49, 0xce, 0xff, 0xeb, 0x72, 0x0, 0x0, 0x0,
    0x0, 0x0, 0x0, 0x5, 0xdf, 0xff, 0xff, 0xff,
    0xff, 0xfb, 0x20, 0x0, 0x0, 0x0, 0x0, 0xa,
    0xff, 0xff, 0xff, 0xff, 0xff, 0xff, 0xff, 0x60,
    0x0, 0x0, 0x0, 0xb, 0xff, 0xff, 0xff, 0xff,
    0xff, 0xff, 0xff, 0xff, 0x70, 0x0, 0x0, 0x9,
    0xff, 0xff, 0xff, 0x95, 0x44, 0x6b, 0xff, 0xff,
    0xff, 0x40, 0x0, 0x4, 0xff, 0xff, 0xfa, 0x10,
    0x0, 0x0, 0x3, 0xdf, 0xff, 0xfe, 0x0, 0x0,
    0xdf, 0xff, 0xf9, 0x0, 0x0, 0x0, 0x0, 0x1,
    0xdf, 0xff, 0xf7, 0x0, 0x4f, 0xff, 0xfd, 0x0,
    0x0, 0x0, 0x0, 0x0, 0x3, 0xff, 0xff, 0xe0,
    0x9, 0xff, 0xff, 0x50, 0x0, 0x0, 0x0, 0x0,
    0x0, 0xb, 0xff, 0xff, 0x40, 0xdf, 0xff, 0xf0,
    0x0, 0x0, 0x0, 0x0, 0x0, 0x0, 0x5f, 0xff,
    0xf8, 0xf, 0xff, 0xfc, 0x0, 0x0, 0x0, 0x0,
    0x0, 0x0, 0x1, 0xff, 0xff, 0xa1, 0xff, 0xff,
    0x90, 0x0, 0x0, 0x0, 0x0, 0x0, 0x0, 0xf,
    0xff, 0xfc, 0x2f, 0xff, 0xf8, 0x0, 0x0, 0x0,
    0x0, 0x0, 0x0, 0x0, 0xef, 0xff, 0xd2, 0xff,
    0xff, 0x80, 0x0, 0x0, 0x0, 0x0, 0x0, 0x0,
    0xe, 0xff, 0xfd, 0x1f, 0xff, 0xf9, 0x0, 0x0,
    0x0, 0x0, 0x0, 0x0, 0x0, 0xff, 0xff, 0xc0,
    0xff, 0xff, 0xc0, 0x0, 0x0, 0x0, 0x0, 0x0,
    0x0, 0x1f, 0xff, 0xfa, 0xd, 0xff, 0xff, 0x0,
    0x0, 0x0, 0x0, 0x0, 0x0, 0x5, 0xff, 0xff,
    0x80, 0x9f, 0xff, 0xf5, 0x0, 0x0, 0x0, 0x0,
    0x0, 0x0, 0xbf, 0xff, 0xf4, 0x4, 0xff, 0xff,
    0xd0, 0x0, 0x0, 0x0, 0x0, 0x0, 0x3f, 0xff,
    0xfe, 0x0, 0xd, 0xff, 0xff, 0x90, 0x0, 0x0,
    0x0, 0x0, 0x1d, 0xff, 0xff, 0x80, 0x0, 0x4f,
    0xff, 0xff, 0xa1, 0x0, 0x0, 0x0, 0x3d, 0xff,
    0xff, 0xe1, 0x0, 0x0, 0xaf, 0xff, 0xff, 0xf9,
    0x54, 0x46, 0xbf, 0xff, 0xff, 0xf5, 0x0, 0x0,
    0x0, 0xbf, 0xff, 0xff, 0xff, 0xff, 0xff, 0xff,
    0xff, 0xf7, 0x0, 0x0, 0x0, 0x0, 0xaf, 0xff,
    0xff, 0xff, 0xff, 0xff, 0xff, 0xf6, 0x0, 0x0,
    0x0, 0x0, 0x0, 0x5d, 0xff, 0xff, 0xff, 0xff,
    0xff, 0xb2, 0x0, 0x0, 0x0, 0x0, 0x0, 0x0,
    0x4, 0x9c, 0xef, 0xfe, 0xb7, 0x20, 0x0, 0x0,
    0x0,

    /* U+00D6 "Ö" */
    0x0, 0x0, 0x0, 0x6, 0xee, 0x60, 0x0, 0xa,
    0xfc, 0x30, 0x0, 0x0, 0x0, 0x0, 0x0, 0x3,
    0xff, 0xff, 0x30, 0x8, 0xff, 0xfe, 0x0, 0x0,
    0x0, 0x0, 0x0, 0x0, 0x5f, 0xff, 0xf6, 0x0,
    0xbf, 0xff, 0xf1, 0x0, 0x0, 0x0, 0x0, 0x0,
    0x2, 0xff, 0xff, 0x20, 0x7, 0xff, 0xfc, 0x0,
    0x0, 0x0, 0x0, 0x0, 0x0, 0x4, 0xbb, 0x40,
    0x0, 0x7, 0xc9, 0x10, 0x0, 0x0, 0x0, 0x0,
    0x0, 0x0, 0x0, 0x0, 0x0, 0x0, 0x0, 0x0,
    0x0, 0x0, 0x0, 0x0, 0x0, 0x0, 0x0, 0x0,
    0x0, 0x0, 0x0, 0x0, 0x0, 0x0, 0x0, 0x0,
    0x0, 0x0, 0x0, 0x0, 0x0, 0x0, 0x0, 0x0,
    0x0, 0x0, 0x0, 0x0, 0x0, 0x0, 0x0, 0x0,
    0x49, 0xce, 0xff, 0xeb, 0x72, 0x0, 0x0, 0x0,
    0x0, 0x0, 0x0, 0x5, 0xdf, 0xff, 0xff, 0xff,
    0xff, 0xfb, 0x20, 0x0, 0x0, 0x0, 0x0, 0xa,
    0xff, 0xff, 0xff, 0xff, 0xff, 0xff, 0xff, 0x60,
    0x0, 0x0, 0x0, 0xb, 0xff, 0xff, 0xff, 0xff,
    0xff, 0xff, 0xff, 0xff, 0x70, 0x0, 0x0, 0x9,
    0xff, 0xff, 0xff, 0x95, 0x44, 0x6b, 0xff, 0xff,
    0xff, 0x40, 0x0, 0x4, 0xff, 0xff, 0xfa, 0x10,
    0x0, 0x0, 0x3, 0xdf, 0xff, 0xfe, 0x0, 0x0,
    0xdf, 0xff, 0xf9, 0x0, 0x0, 0x0, 0x0, 0x1,
    0xdf, 0xff, 0xf7, 0x0, 0x4f, 0xff, 0xfd, 0x0,
    0x0, 0x0, 0x0, 0x0, 0x3, 0xff, 0xff, 0xe0,
    0x9, 0xff, 0xff, 0x50, 0x0, 0x0, 0x0, 0x0,
    0x0, 0xb, 0xff, 0xff, 0x40, 0xdf, 0xff, 0xf0,
    0x0, 0x0, 0x0, 0x0, 0x0, 0x0, 0x5f, 0xff,
    0xf8, 0xf, 0xff, 0xfc, 0x0, 0x0, 0x0, 0x0,
    0x0, 0x0, 0x1, 0xff, 0xff, 0xa1, 0xff, 0xff,
    0x90, 0x0, 0x0, 0x0, 0x0, 0x0, 0x0, 0xf,
    0xff, 0xfc, 0x2f, 0xff, 0xf8, 0x0, 0x0, 0x0,
    0x0, 0x0, 0x0, 0x0, 0xef, 0xff, 0xd2, 0xff,
    0xff, 0x80, 0x0, 0x0, 0x0, 0x0, 0x0, 0x0,
    0xe, 0xff, 0xfd, 0x1f, 0xff, 0xf9, 0x0, 0x0,
    0x0, 0x0, 0x0, 0x0, 0x0, 0xff, 0xff, 0xc0,
    0xff, 0xff, 0xc0, 0x0, 0x0, 0x0, 0x0, 0x0,
    0x0, 0x1f, 0xff, 0xfa, 0xd, 0xff, 0xff, 0x0,
    0x0, 0x0, 0x0, 0x0, 0x0, 0x5, 0xff, 0xff,
    0x80, 0x9f, 0xff, 0xf5, 0x0, 0x0, 0x0, 0x0,
    0x0, 0x0, 0xbf, 0xff, 0xf4, 0x4, 0xff, 0xff,
    0xd0, 0x0, 0x0, 0x0, 0x0, 0x0, 0x3f, 0xff,
    0xfe, 0x0, 0xd, 0xff, 0xff, 0x90, 0x0, 0x0,
    0x0, 0x0, 0x1d, 0xff, 0xff, 0x80, 0x0, 0x4f,
    0xff, 0xff, 0xa1, 0x0, 0x0, 0x0, 0x3d, 0xff,
    0xff, 0xe1, 0x0, 0x0, 0xaf, 0xff, 0xff, 0xf9,
    0x54, 0x46, 0xbf, 0xff, 0xff, 0xf5, 0x0, 0x0,
    0x0, 0xbf, 0xff, 0xff, 0xff, 0xff, 0xff, 0xff,
    0xff, 0xf7, 0x0, 0x0, 0x0, 0x0, 0xaf, 0xff,
    0xff, 0xff, 0xff, 0xff, 0xff, 0xf6, 0x0, 0x0,
    0x0, 0x0, 0x0, 0x5d, 0xff, 0xff, 0xff, 0xff,
    0xff, 0xb2, 0x0, 0x0, 0x0, 0x0, 0x0, 0x0,
    0x4, 0x9c, 0xef, 0xfe, 0xb7, 0x20, 0x0, 0x0,
    0x0,

    /* U+00D7 "×" */
    0x0, 0x1, 0x0, 0x0, 0x0, 0x0, 0x0, 0x2,
    0x0, 0x0, 0xc, 0xd1, 0x0, 0x0, 0x0, 0x0,
    0xa, 0xe2, 0x0, 0xb, 0xff, 0xd1, 0x0, 0x0,
    0x0, 0xa, 0xff, 0xe2, 0x8, 0xff, 0xff, 0xd1,
    0x0, 0x0, 0xa, 0xff, 0xff, 0xc0, 0xb, 0xff,
    0xff, 0xd1, 0x0, 0xa, 0xff, 0xff, 0xe2, 0x0,
    0xb, 0xff, 0xff, 0xd1, 0xa, 0xff, 0xff, 0xe2,
    0x0, 0x0, 0xb, 0xff, 0xff, 0xda, 0xff, 0xff,
    0xe2, 0x0, 0x0, 0x0, 0xb, 0xff, 0xff, 0xff,
    0xff, 0xe2, 0x0, 0x0, 0x0, 0x0, 0xc, 0xff,
    0xff, 0xff, 0xe2, 0x0, 0x0, 0x0, 0x0, 0x0,
    0xe, 0xff, 0xff, 0xf4, 0x0, 0x0, 0x0, 0x0,
    0x0, 0xa, 0xff, 0xff, 0xff, 0xd1, 0x0, 0x0,
    0x0, 0x0, 0x9, 0xff, 0xff, 0xff, 0xff, 0xd1,
    0x0, 0x0, 0x0, 0x9, 0xff, 0xff, 0xec, 0xff,
    0xff, 0xd1, 0x0, 0x0, 0x9, 0xff, 0xff, 0xe2,
    0xc, 0xff, 0xff, 0xd1, 0x0, 0x9, 0xff, 0xff,
    0xe2, 0x0, 0xc, 0xff, 0xff, 0xd1, 0x7, 0xff,
    0xff, 0xe2, 0x0, 0x0, 0xc, 0xff, 0xff, 0xc0,
    0x1d, 0xff, 0xe3, 0x0, 0x0, 0x0, 0xc, 0xff,
    0xf4, 0x0, 0x1d, 0xe3, 0x0, 0x0, 0x0, 0x0,
    0xc, 0xf4, 0x0, 0x0, 0x12, 0x0, 0x0, 0x0,
    0x0, 0x0, 0x3, 0x0, 0x0,

    /* U+00D8 "Ø" */
    0x0, 0x0, 0x0, 0x0, 0x0, 0x0, 0x0, 0x0,
    0x0, 0x0, 0x33, 0x0, 0x0, 0x0, 0x0, 0x0,
    0x4, 0x9c, 0xef, 0xfe, 0xb7, 0x20, 0x1e, 0xf8,
    0x0, 0x0, 0x0, 0x0, 0x5d, 0xff, 0xff, 0xff,
    0xff, 0xff, 0xbd, 0xff, 0xf1, 0x0, 0x0, 0x0,
    0xaf, 0xff, 0xff, 0xff, 0xff, 0xff, 0xff, 0xff,
    0xf5, 0x0, 0x0, 0x0, 0xbf, 0xff, 0xff, 0xff,
    0xff, 0xff, 0xff, 0xff, 0xff, 0x0, 0x0, 0x0,
    0x9f, 0xff, 0xff, 0xf9, 0x54, 0x46, 0xbf, 0xff,
    0xff, 0xf4, 0x0, 0x0, 0x4f, 0xff, 0xff, 0xa1,
    0x0, 0x0, 0x0, 0xcf, 0xff, 0xff, 0xe0, 0x0,
    0xd, 0xff, 0xff, 0x90, 0x0, 0x0, 0x0, 0x4f,
    0xff, 0xff, 0xff, 0x70, 0x4, 0xff, 0xff, 0xd0,
    0x0, 0x0, 0x0, 0x1e, 0xff, 0xef, 0xff, 0xfe,
    0x0, 0x9f, 0xff, 0xf5, 0x0, 0x0, 0x0, 0xb,
    0xff, 0xe1, 0xbf, 0xff, 0xf4, 0xd, 0xff, 0xff,
    0x0, 0x0, 0x0, 0x7, 0xff, 0xf4, 0x5, 0xff,
    0xff, 0x80, 0xff, 0xff, 0xc0, 0x0, 0x0, 0x3,
    0xff, 0xf8, 0x0, 0x1f, 0xff, 0xfa, 0x1f, 0xff,
    0xf9, 0x0, 0x0, 0x0, 0xdf, 0xfc, 0x0, 0x0,
    0xff, 0xff, 0xc2, 0xff, 0xff, 0x80, 0x0, 0x0,
    0xaf, 0xff, 0x20, 0x0, 0xe, 0xff, 0xfd, 0x2f,
    0xff, 0xf8, 0x0, 0x0, 0x6f, 0xff, 0x50, 0x0,
    0x0, 0xef, 0xff, 0xd1, 0xff, 0xff, 0x90, 0x0,
    0x2f, 0xff, 0xa0, 0x0, 0x0, 0xf, 0xff, 0xfc,
    0xf, 0xff, 0xfc, 0x0, 0xc, 0xff, 0xd0, 0x0,
    0x0, 0x1, 0xff, 0xff, 0xa0, 0xdf, 0xff, 0xf0,
    0x8, 0xff, 0xf3, 0x0, 0x0, 0x0, 0x5f, 0xff,
    0xf8, 0x9, 0xff, 0xff, 0x54, 0xff, 0xf7, 0x0,
    0x0, 0x0, 0xb, 0xff, 0xff, 0x40, 0x4f, 0xff,
    0xfe, 0xff, 0xfb, 0x0, 0x0, 0x0, 0x3, 0xff,
    0xff, 0xe0, 0x0, 0xdf, 0xff, 0xff, 0xfe, 0x10,
    0x0, 0x0, 0x1, 0xdf, 0xff, 0xf8, 0x0, 0x4,
    0xff, 0xff, 0xff, 0x60, 0x0, 0x0, 0x3, 0xdf,
    0xff, 0xfe, 0x10, 0x0, 0xa, 0xff, 0xff, 0xff,
    0x95, 0x44, 0x6b, 0xff, 0xff, 0xff, 0x50, 0x0,
    0x0, 0x1f, 0xff, 0xff, 0xff, 0xff, 0xff, 0xff,
    0xff, 0xff, 0x70, 0x0, 0x0, 0xa, 0xff, 0xff,
    0xff, 0xff, 0xff, 0xff, 0xff, 0xff, 0x60, 0x0,
    0x0, 0x5, 0xff, 0xfb, 0xdf, 0xff, 0xff, 0xff,
    0xff, 0xfb, 0x20, 0x0, 0x0, 0x0, 0x1c, 0xfa,
    0x0, 0x49, 0xce, 0xff, 0xeb, 0x72, 0x0, 0x0,
    0x0, 0x0, 0x0, 0x6, 0x0, 0x0, 0x0, 0x0,
    0x0, 0x0, 0x0, 0x0, 0x0, 0x0,

    /* U+00D9 "Ù" */
    0x0, 0x0, 0x0, 0x56, 0x66, 0x40, 0x0, 0x0,
    0x0, 0x0, 0x0, 0x0, 0x0, 0x0, 0x5f, 0xff,
    0xe0, 0x0, 0x0, 0x0, 0x0, 0x0, 0x0, 0x0,
    0x0, 0xa, 0xff, 0xf6, 0x0, 0x0, 0x0, 0x0,
    0x0, 0x0, 0x0, 0x0, 0x1, 0xef, 0xfd, 0x0,
    0x0, 0x0, 0x0, 0x0, 0x0, 0x0, 0x0, 0x0,
    0x5f, 0xff, 0x40, 0x0, 0x0, 0x0, 0x0, 0x0,
    0x0, 0x0, 0x0, 0xb, 0xff, 0xc0, 0x0, 0x0,
    0x0, 0x0, 0x0, 0x0, 0x0, 0x0, 0x0, 0x0,
    0x0, 0x0, 0x0, 0x0, 0x0, 0x0, 0x0, 0x0,
    0x0, 0x0, 0x0, 0x0, 0x0, 0x0, 0x0, 0x0,
    0x0, 0x0, 0x0, 0x0, 0x0, 0x0, 0x0, 0x0,
    0x0, 0x0, 0x0, 0x5f, 0xff, 0xf5, 0x0, 0x0,
    0x0, 0x0, 0x0, 0xd, 0xff, 0xfe, 0x5f, 0xff,
    0xf5, 0x0, 0x0, 0x0, 0x0, 0x0, 0xd, 0xff,
    0xfe, 0x5f, 0xff, 0xf5, 0x0, 0x0, 0x0, 0x0,
    0x0, 0xd, 0xff, 0xfe, 0x5f, 0xff, 0xf5, 0x0,
    0x0, 0x0, 0x0, 0x0, 0xd, 0xff, 0xfe, 0x5f,
    0xff, 0xf5, 0x0, 0x0, 0x0, 0x0, 0x0, 0xd,
    0xff, 0xfe, 0x5f, 0xff, 0xf5, 0x0, 0x0, 0x0,
    0x0, 0x0, 0xd, 0xff, 0xfe, 0x5f, 0xff, 0xf5,
    0x0, 0x0, 0x0, 0x0, 0x0, 0xd, 0xff, 0xfe,
    0x5f, 0xff, 0xf5, 0x0, 0x0, 0x0, 0x0, 0x0,
    0xd, 0xff, 0xfe, 0x5f, 0xff, 0xf5, 0x0, 0x0,
    0x0, 0x0, 0x0, 0xd, 0xff, 0xfe, 0x5f, 0xff,
    0xf5, 0x0, 0x0, 0x0, 0x0, 0x0, 0xd, 0xff,
    0xfe, 0x5f, 0xff, 0xf5, 0x0, 0x0, 0x0, 0x0,
    0x0, 0xd, 0xff, 0xfe, 0x5f, 0xff, 0xf5, 0x0,
    0x0, 0x0, 0x0, 0x0, 0xd, 0xff, 0xfe, 0x5f,
    0xff, 0xf5, 0x0, 0x0, 0x0, 0x0, 0x0, 0xd,
    0xff, 0xfe, 0x5f, 0xff, 0xf5, 0x0, 0x0, 0x0,
    0x0, 0x0, 0xd, 0xff, 0xfe, 0x5f, 0xff, 0xf5,
    0x0, 0x0, 0x0, 0x0, 0x0, 0xd, 0xff, 0xfe,
    0x5f, 0xff, 0xf5, 0x0, 0x0, 0x0, 0x0, 0x0,
    0xd, 0xff, 0xfe, 0x5f, 0xff, 0xf5, 0x0, 0x0,
    0x0, 0x0, 0x0, 0xd, 0xff, 0xfd, 0x5f, 0xff,
    0xf7, 0x0, 0x0, 0x0, 0x0, 0x0, 0xf, 0xff,
    0xfd, 0x3f, 0xff, 0xfc, 0x0, 0x0, 0x0, 0x0,
    0x0, 0x4f, 0xff, 0xfb, 0xe, 0xff, 0xff, 0x50,
    0x0, 0x0, 0x0, 0x0, 0xdf, 0xff, 0xf7, 0x9,
    0xff, 0xff, 0xf5, 0x0, 0x0, 0x0, 0x1b, 0xff,
    0xff, 0xf1, 0x1, 0xff, 0xff, 0xff, 0xc6, 0x43,
    0x59, 0xff, 0xff, 0xff, 0x80, 0x0, 0x5f, 0xff,
    0xff, 0xff, 0xff, 0xff, 0xff, 0xff, 0xfc, 0x0,
    0x0, 0x5, 0xff, 0xff, 0xff, 0xff, 0xff, 0xff,
    0xff, 0xb1, 0x0, 0x0, 0x0, 0x2b, 0xff, 0xff,
    0xff, 0xff, 0xff, 0xe7, 0x0, 0x0, 0x0, 0x0,
    0x0, 0x28, 0xbe, 0xff, 0xfd, 0xa5, 0x0, 0x0,
    0x0,

    /* U+00DA "Ú" */
    0x0, 0x0, 0x0, 0x0, 0x0, 0x0, 0x66, 0x66,
    0x10, 0x0, 0x0, 0x0, 0x0, 0x0, 0x0, 0x0,
    0x7, 0xff, 0xfc, 0x0, 0x0, 0x0, 0x0, 0x0,
    0x0, 0x0, 0x0, 0xe, 0xff, 0xf2, 0x0, 0x0,
    0x0, 0x0, 0x0, 0x0, 0x0, 0x0, 0x5f, 0xff,
    0x70, 0x0, 0x0, 0x0, 0x0, 0x0, 0x0, 0x0,
    0x0, 0xcf, 0xfc, 0x0, 0x0, 0x0, 0x0, 0x0,
    0x0, 0x0, 0x0, 0x4, 0xff, 0xf3, 0x0, 0x0,
    0x0, 0x0, 0x0, 0x0, 0x0, 0x0, 0x0, 0x0,
    0x0, 0x0, 0x0, 0x0, 0x0, 0x0, 0x0, 0x0,
    0x0, 0x0, 0x0, 0x0, 0x0, 0x0, 0x0, 0x0,
    0x0, 0x0, 0x0, 0x0, 0x0, 0x0, 0x0, 0x0,
    0x0, 0x0, 0x0, 0x5f, 0xff, 0xf5, 0x0, 0x0,
    0x0, 0x0, 0x0, 0xd, 0xff, 0xfe, 0x5f, 0xff,
    0xf5, 0x0, 0x0, 0x0, 0x0, 0x0, 0xd, 0xff,
    0xfe, 0x5f, 0xff, 0xf5, 0x0, 0x0, 0x0, 0x0,
    0x0, 0xd, 0xff, 0xfe, 0x5f, 0xff, 0xf5, 0x0,
    0x0, 0x0, 0x0, 0x0, 0xd, 0xff, 0xfe, 0x5f,
    0xff, 0xf5, 0x0, 0x0, 0x0, 0x0, 0x0, 0xd,
    0xff, 0xfe, 0x5f, 0xff, 0xf5, 0x0, 0x0, 0x0,
    0x0, 0x0, 0xd, 0xff, 0xfe, 0x5f, 0xff, 0xf5,
    0x0, 0x0, 0x0, 0x0, 0x0, 0xd, 0xff, 0xfe,
    0x5f, 0xff, 0xf5, 0x0, 0x0, 0x0, 0x0, 0x0,
    0xd, 0xff, 0xfe, 0x5f, 0xff, 0xf5, 0x0, 0x0,
    0x0, 0x0, 0x0, 0xd, 0xff, 0xfe, 0x5f, 0xff,
    0xf5, 0x0, 0x0, 0x0, 0x0, 0x0, 0xd, 0xff,
    0xfe, 0x5f, 0xff, 0xf5, 0x0, 0x0, 0x0, 0x0,
    0x0, 0xd, 0xff, 0xfe, 0x5f, 0xff, 0xf5, 0x0,
    0x0, 0x0, 0x0, 0x0, 0xd, 0xff, 0xfe, 0x5f,
    0xff, 0xf5, 0x0, 0x0, 0x0, 0x0, 0x0, 0xd,
    0xff, 0xfe, 0x5f, 0xff, 0xf5, 0x0, 0x0, 0x0,
    0x0, 0x0, 0xd, 0xff, 0xfe, 0x5f, 0xff, 0xf5,
    0x0, 0x0, 0x0, 0x0, 0x0, 0xd, 0xff, 0xfe,
    0x5f, 0xff, 0xf5, 0x0, 0x0, 0x0, 0x0, 0x0,
    0xd, 0xff, 0xfe, 0x5f, 0xff, 0xf5, 0x0, 0x0,
    0x0, 0x0, 0x0, 0xd, 0xff, 0xfd, 0x5f, 0xff,
    0xf7, 0x0, 0x0, 0x0, 0x0, 0x0, 0xf, 0xff,
    0xfd, 0x3f, 0xff, 0xfc, 0x0, 0x0, 0x0, 0x0,
    0x0, 0x4f, 0xff, 0xfb, 0xe, 0xff, 0xff, 0x50,
    0x0, 0x0, 0x0, 0x0, 0xdf, 0xff, 0xf7, 0x9,
    0xff, 0xff, 0xf5, 0x0, 0x0, 0x0, 0x1b, 0xff,
    0xff, 0xf1, 0x1, 0xff, 0xff, 0xff, 0xc6, 0x43,
    0x59, 0xff, 0xff, 0xff, 0x80, 0x0, 0x5f, 0xff,
    0xff, 0xff, 0xff, 0xff, 0xff, 0xff, 0xfc, 0x0,
    0x0, 0x5, 0xff, 0xff, 0xff, 0xff, 0xff, 0xff,
    0xff, 0xb1, 0x0, 0x0, 0x0, 0x2b, 0xff, 0xff,
    0xff, 0xff, 0xff, 0xe7, 0x0, 0x0, 0x0, 0x0,
    0x0, 0x28, 0xbe, 0xff, 0xfd, 0xa5, 0x0, 0x0,
    0x0,

    /* U+00DB "Û" */
    0x0, 0x0, 0x0, 0x0, 0x6, 0x88, 0x82, 0x0,
    0x0, 0x0, 0x0, 0x0, 0x0, 0x0, 0x0, 0x9f,
    0xff, 0xfe, 0x20, 0x0, 0x0, 0x0, 0x0, 0x0,
    0x0, 0x8, 0xff, 0xfd, 0xff, 0xe1, 0x0, 0x0,
    0x0, 0x0, 0x0, 0x0, 0x8f, 0xff, 0x71, 0xef,
    0xfd, 0x10, 0x0, 0x0, 0x0, 0x0, 0x8, 0xff,
    0xf9, 0x0, 0x2f, 0xff, 0xd1, 0x0, 0x0, 0x0,
    0x0, 0x18, 0x88, 0x70, 0x0, 0x3, 0x88, 0x84,
    0x0, 0x0, 0x0, 0x0, 0x0, 0x0, 0x0, 0x0,
    0x0, 0x0, 0x0, 0x0, 0x0, 0x0, 0x0, 0x0,
    0x0, 0x0, 0x0, 0x0, 0x0, 0x0, 0x0, 0x0,
    0x0, 0x0, 0x0, 0x0, 0x0, 0x0, 0x0, 0x0,
    0x0, 0x0, 0x0, 0x5f, 0xff, 0xf5, 0x0, 0x0,
    0x0, 0x0, 0x0, 0xd, 0xff, 0xfe, 0x5f, 0xff,
    0xf5, 0x0, 0x0, 0x0, 0x0, 0x0, 0xd, 0xff,
    0xfe, 0x5f, 0xff, 0xf5, 0x0, 0x0, 0x0, 0x0,
    0x0, 0xd, 0xff, 0xfe, 0x5f, 0xff, 0xf5, 0x0,
    0x0, 0x0, 0x0, 0x0, 0xd, 0xff, 0xfe, 0x5f,
    0xff, 0xf5, 0x0, 0x0, 0x0, 0x0, 0x0, 0xd,
    0xff, 0xfe, 0x5f, 0xff, 0xf5, 0x0, 0x0, 0x0,
    0x0, 0x0, 0xd, 0xff, 0xfe, 0x5f, 0xff, 0xf5,
    0x0, 0x0, 0x0, 0x0, 0x0, 0xd, 0xff, 0xfe,
    0x5f, 0xff, 0xf5, 0x0, 0x0, 0x0, 0x0, 0x0,
    0xd, 0xff, 0xfe, 0x5f, 0xff, 0xf5, 0x0, 0x0,
    0x0, 0x0, 0x0, 0xd, 0xff, 0xfe, 0x5f, 0xff,
    0xf5, 0x0, 0x0, 0x0, 0x0, 0x0, 0xd, 0xff,
    0xfe, 0x5f, 0xff, 0xf5, 0x0, 0x0, 0x0, 0x0,
    0x0, 0xd, 0xff, 0xfe, 0x5f, 0xff, 0xf5, 0x0,
    0x0, 0x0, 0x0, 0x0, 0xd, 0xff, 0xfe, 0x5f,
    0xff, 0xf5, 0x0, 0x0, 0x0, 0x0, 0x0, 0xd,
    0xff, 0xfe, 0x5f, 0xff, 0xf5, 0x0, 0x0, 0x0,
    0x0, 0x0, 0xd, 0xff, 0xfe, 0x5f, 0xff, 0xf5,
    0x0, 0x0, 0x0, 0x0, 0x0, 0xd, 0xff, 0xfe,
    0x5f, 0xff, 0xf5, 0x0, 0x0, 0x0, 0x0, 0x0,
    0xd, 0xff, 0xfe, 0x5f, 0xff, 0xf5, 0x0, 0x0,
    0x0, 0x0, 0x0, 0xd, 0xff, 0xfd, 0x5f, 0xff,
    0xf7, 0x0, 0x0, 0x0, 0x0, 0x0, 0xf, 0xff,
    0xfd, 0x3f, 0xff, 0xfc, 0x0, 0x0, 0x0, 0x0,
    0x0, 0x4f, 0xff, 0xfb, 0xe, 0xff, 0xff, 0x50,
    0x0, 0x0, 0x0, 0x0, 0xdf, 0xff, 0xf7, 0x9,
    0xff, 0xff, 0xf5, 0x0, 0x0, 0x0, 0x1b, 0xff,
    0xff, 0xf1, 0x1, 0xff, 0xff, 0xff, 0xc6, 0x43,
    0x59, 0xff, 0xff, 0xff, 0x80, 0x0, 0x5f, 0xff,
    0xff, 0xff, 0xff, 0xff, 0xff, 0xff, 0xfc, 0x0,
    0x0, 0x5, 0xff, 0xff, 0xff, 0xff, 0xff, 0xff,
    0xff, 0xb1, 0x0, 0x0, 0x0, 0x2b, 0xff, 0xff,
    0xff, 0xff, 0xff, 0xe7, 0x0, 0x0, 0x0, 0x0,
    0x0, 0x28, 0xbe, 0xff, 0xfd, 0xa5, 0x0, 0x0,
    0x0,

    /* U+00DC "Ü" */
    0x0, 0x0, 0x1, 0x9c, 0x80, 0x0, 0x3, 0xbb,
    0x50, 0x0, 0x0, 0x0, 0x0, 0xb, 0xff, 0xf8,
    0x0, 0x1f, 0xff, 0xf3, 0x0, 0x0, 0x0, 0x0,
    0xf, 0xff, 0xfc, 0x0, 0x5f, 0xff, 0xf7, 0x0,
    0x0, 0x0, 0x0, 0xc, 0xff, 0xf9, 0x0, 0x2f,
    0xff, 0xf4, 0x0, 0x0, 0x0, 0x0, 0x2, 0xcf,
    0xb1, 0x0, 0x5, 0xee, 0x70, 0x0, 0x0, 0x0,
    0x0, 0x0, 0x0, 0x0, 0x0, 0x0, 0x0, 0x0,
    0x0, 0x0, 0x0, 0x0, 0x0, 0x0, 0x0, 0x0,
    0x0, 0x0, 0x0, 0x0, 0x0, 0x0, 0x0, 0x0,
    0x0, 0x0, 0x0, 0x0, 0x0, 0x0, 0x0, 0x0,
    0x0, 0x0, 0x0, 0x0, 0x0, 0x0, 0x0, 0x0,
    0x0, 0x0, 0x0, 0x5f, 0xff, 0xf5, 0x0, 0x0,
    0x0, 0x0, 0x0, 0xd, 0xff, 0xfe, 0x5f, 0xff,
    0xf5, 0x0, 0x0, 0x0, 0x0, 0x0, 0xd, 0xff,
    0xfe, 0x5f, 0xff, 0xf5, 0x0, 0x0, 0x0, 0x0,
    0x0, 0xd, 0xff, 0xfe, 0x5f, 0xff, 0xf5, 0x0,
    0x0, 0x0, 0x0, 0x0, 0xd, 0xff, 0xfe, 0x5f,
    0xff, 0xf5, 0x0, 0x0, 0x0, 0x0, 0x0, 0xd,
    0xff, 0xfe, 0x5f, 0xff, 0xf5, 0x0, 0x0, 0x0,
    0x0, 0x0, 0xd, 0xff, 0xfe, 0x5f, 0xff, 0xf5,
    0x0, 0x0, 0x0, 0x0, 0x0, 0xd, 0xff, 0xfe,
    0x5f, 0xff, 0xf5, 0x0, 0x0, 0x0, 0x0, 0x0,
    0xd, 0xff, 0xfe, 0x5f, 0xff, 0xf5, 0x0, 0x0,
    0x0, 0x0, 0x0, 0xd, 0xff, 0xfe, 0x5f, 0xff,
    0xf5, 0x0, 0x0, 0x0, 0x0, 0x0, 0xd, 0xff,
    0xfe, 0x5f, 0xff, 0xf5, 0x0, 0x0, 0x0, 0x0,
    0x0, 0xd, 0xff, 0xfe, 0x5f, 0xff, 0xf5, 0x0,
    0x0, 0x0, 0x0, 0x0, 0xd, 0xff, 0xfe, 0x5f,
    0xff, 0xf5, 0x0, 0x0, 0x0, 0x0, 0x0, 0xd,
    0xff, 0xfe, 0x5f, 0xff, 0xf5, 0x0, 0x0, 0x0,
    0x0, 0x0, 0xd, 0xff, 0xfe, 0x5f, 0xff, 0xf5,
    0x0, 0x0, 0x0, 0x0, 0x0, 0xd, 0xff, 0xfe,
    0x5f, 0xff, 0xf5, 0x0, 0x0, 0x0, 0x0, 0x0,
    0xd, 0xff, 0xfe, 0x5f, 0xff, 0xf5, 0x0, 0x0,
    0x0, 0x0, 0x0, 0xd, 0xff, 0xfd, 0x5f, 0xff,
    0xf7, 0x0, 0x0, 0x0, 0x0, 0x0, 0xf, 0xff,
    0xfd, 0x3f, 0xff, 0xfc, 0x0, 0x0, 0x0, 0x0,
    0x0, 0x4f, 0xff, 0xfb, 0xe, 0xff, 0xff, 0x50,
    0x0, 0x0, 0x0, 0x0, 0xdf, 0xff, 0xf7, 0x9,
    0xff, 0xff, 0xf5, 0x0, 0x0, 0x0, 0x1b, 0xff,
    0xff, 0xf1, 0x1, 0xff, 0xff, 0xff, 0xc6, 0x43,
    0x59, 0xff, 0xff, 0xff, 0x80, 0x0, 0x5f, 0xff,
    0xff, 0xff, 0xff, 0xff, 0xff, 0xff, 0xfc, 0x0,
    0x0, 0x5, 0xff, 0xff, 0xff, 0xff, 0xff, 0xff,
    0xff, 0xb1, 0x0, 0x0, 0x0, 0x2b, 0xff, 0xff,
    0xff, 0xff, 0xff, 0xe7, 0x0, 0x0, 0x0, 0x0,
    0x0, 0x28, 0xbe, 0xff, 0xfd, 0xa5, 0x0, 0x0,
    0x0,

    /* U+00DD "Ý" */
    0x0, 0x0, 0x0, 0x0, 0x0, 0x0, 0x3, 0x66,
    0x65, 0x0, 0x0, 0x0, 0x0, 0x0, 0x0, 0x0,
    0x0, 0x0, 0x0, 0xdf, 0xff, 0x60, 0x0, 0x0,
    0x0, 0x0, 0x0, 0x0, 0x0, 0x0, 0x0, 0x5f,
    0xff, 0xb0, 0x0, 0x0, 0x0, 0x0, 0x0, 0x0,
    0x0, 0x0, 0x0, 0xc, 0xff, 0xf1, 0x0, 0x0,
    0x0, 0x0, 0x0, 0x0, 0x0, 0x0, 0x0, 0x3,
    0xff, 0xf6, 0x0, 0x0, 0x0, 0x0, 0x0, 0x0,
    0x0, 0x0, 0x0, 0x0, 0xaf, 0xfc, 0x0, 0x0,
    0x0, 0x0, 0x0, 0x0, 0x0, 0x0, 0x0, 0x0,
    0x0, 0x0, 0x0, 0x0, 0x0, 0x0, 0x0, 0x0,
    0x0, 0x0, 0x0, 0x0, 0x0, 0x0, 0x0, 0x0,
    0x0, 0x0, 0x0, 0x0, 0x0, 0x0, 0x0, 0x0,
    0x0, 0x0, 0x0, 0x0, 0x0, 0x0, 0x0, 0x0,
    0x0, 0xcf, 0xff, 0xfa, 0x0, 0x0, 0x0, 0x0,
    0x0, 0x0, 0xef, 0xff, 0xf7, 0x3, 0xff, 0xff,
    0xf3, 0x0, 0x0, 0x0, 0x0, 0x0, 0x7f, 0xff,
    0xfd, 0x0, 0x9, 0xff, 0xff, 0xc0, 0x0, 0x0,
    0x0, 0x0, 0x1f, 0xff, 0xff, 0x40, 0x0, 0x1e,
    0xff, 0xff, 0x50, 0x0, 0x0, 0x0, 0x9, 0xff,
    0xff, 0xb0, 0x0, 0x0, 0x6f, 0xff, 0xfe, 0x0,
    0x0, 0x0, 0x2, 0xff, 0xff, 0xf2, 0x0, 0x0,
    0x0, 0xcf, 0xff, 0xf8, 0x0, 0x0, 0x0, 0xbf,
    0xff, 0xf7, 0x0, 0x0, 0x0, 0x3, 0xff, 0xff,
    0xf1, 0x0, 0x0, 0x4f, 0xff, 0xfd, 0x0, 0x0,
    0x0, 0x0, 0x9, 0xff, 0xff, 0xa0, 0x0, 0xd,
    0xff, 0xff, 0x40, 0x0, 0x0, 0x0, 0x0, 0xe,
    0xff, 0xff, 0x30, 0x6, 0xff, 0xff, 0xb0, 0x0,
    0x0, 0x0, 0x0, 0x0, 0x5f, 0xff, 0xfb, 0x0,
    0xef, 0xff, 0xf2, 0x0, 0x0, 0x0, 0x0, 0x0,
    0x0, 0xcf, 0xff, 0xf3, 0x6f, 0xff, 0xf7, 0x0,
    0x0, 0x0, 0x0, 0x0, 0x0, 0x2, 0xff, 0xff,
    0xad, 0xff, 0xfd, 0x0, 0x0, 0x0, 0x0, 0x0,
    0x0, 0x0, 0x8, 0xff, 0xff, 0xff, 0xff, 0x40,
    0x0, 0x0, 0x0, 0x0, 0x0, 0x0, 0x0, 0xe,
    0xff, 0xff, 0xff, 0xb0, 0x0, 0x0, 0x0, 0x0,
    0x0, 0x0, 0x0, 0x0, 0x5f, 0xff, 0xff, 0xf2,
    0x0, 0x0, 0x0, 0x0, 0x0, 0x0, 0x0, 0x0,
    0x0, 0xbf, 0xff, 0xf7, 0x0, 0x0, 0x0, 0x0,
    0x0, 0x0, 0x0, 0x0, 0x0, 0x7, 0xff, 0xff,
    0x30, 0x0, 0x0, 0x0, 0x0, 0x0, 0x0, 0x0,
    0x0, 0x0, 0x7f, 0xff, 0xf3, 0x0, 0x0, 0x0,
    0x0, 0x0, 0x0, 0x0, 0x0, 0x0, 0x7, 0xff,
    0xff, 0x30, 0x0, 0x0, 0x0, 0x0, 0x0, 0x0,
    0x0, 0x0, 0x0, 0x7f, 0xff, 0xf3, 0x0, 0x0,
    0x0, 0x0, 0x0, 0x0, 0x0, 0x0, 0x0, 0x7,
    0xff, 0xff, 0x30, 0x0, 0x0, 0x0, 0x0, 0x0,
    0x0, 0x0, 0x0, 0x0, 0x7f, 0xff, 0xf3, 0x0,
    0x0, 0x0, 0x0, 0x0, 0x0, 0x0, 0x0, 0x0,
    0x7, 0xff, 0xff, 0x30, 0x0, 0x0, 0x0, 0x0,
    0x0, 0x0, 0x0, 0x0, 0x0, 0x7f, 0xff, 0xf3,
    0x0, 0x0, 0x0, 0x0, 0x0, 0x0, 0x0, 0x0,
    0x0, 0x7, 0xff, 0xff, 0x30, 0x0, 0x0, 0x0,
    0x0, 0x0, 0x0, 0x0, 0x0, 0x0, 0x7f, 0xff,
    0xf3, 0x0, 0x0, 0x0, 0x0, 0x0,

    /* U+00DE "Þ" */
    0x7f, 0xff, 0xf4, 0x0, 0x0, 0x0, 0x0, 0x0,
    0x0, 0x7, 0xff, 0xff, 0x40, 0x0, 0x0, 0x0,
    0x0, 0x0, 0x0, 0x7f, 0xff, 0xf4, 0x0, 0x0,
    0x0, 0x0, 0x0, 0x0, 0x7, 0xff, 0xff, 0x40,
    0x0, 0x0, 0x0, 0x0, 0x0, 0x0, 0x7f, 0xff,
    0xf4, 0x0, 0x0, 0x0, 0x0, 0x0, 0x0, 0x7,
    0xff, 0xff, 0xff, 0xff, 0xff, 0xda, 0x60, 0x0,
    0x0, 0x7f, 0xff, 0xff, 0xff, 0xff, 0xff, 0xff,
    0xe6, 0x0, 0x7, 0xff, 0xff, 0xff, 0xff, 0xff,
    0xff, 0xff, 0xfa, 0x0, 0x7f, 0xff, 0xfd, 0xcc,
    0xcc, 0xdf, 0xff, 0xff, 0xf8, 0x7, 0xff, 0xff,
    0x40, 0x0, 0x0, 0x17, 0xff, 0xff, 0xf1, 0x7f,
    0xff, 0xf4, 0x0, 0x0, 0x0, 0x6, 0xff, 0xff,
    0x77, 0xff, 0xff, 0x40, 0x0, 0x0, 0x0, 0xd,
    0xff, 0xfb, 0x7f, 0xff, 0xf4, 0x0, 0x0, 0x0,
    0x0, 0xaf, 0xff, 0xd7, 0xff, 0xff, 0x40, 0x0,
    0x0, 0x0, 0xa, 0xff, 0xfd, 0x7f, 0xff, 0xf4,
    0x0, 0x0, 0x0, 0x0, 0xef, 0xff, 0xb7, 0xff,
    0xff, 0x40, 0x0, 0x0, 0x0, 0x7f, 0xff, 0xf6,
    0x7f, 0xff, 0xf4, 0x0, 0x0, 0x14, 0xaf, 0xff,
    0xfe, 0x17, 0xff, 0xff, 0xff, 0xff, 0xff, 0xff,
    0xff, 0xff, 0x50, 0x7f, 0xff, 0xff, 0xff, 0xff,
    0xff, 0xff, 0xff, 0x60, 0x7, 0xff, 0xff, 0xff,
    0xff, 0xff, 0xff, 0xfc, 0x30, 0x0, 0x7f, 0xff,
    0xfd, 0xcc, 0xcc, 0xba, 0x72, 0x0, 0x0, 0x7,
    0xff, 0xff, 0x40, 0x0, 0x0, 0x0, 0x0, 0x0,
    0x0, 0x7f, 0xff, 0xf4, 0x0, 0x0, 0x0, 0x0,
    0x0, 0x0, 0x7, 0xff, 0xff, 0x40, 0x0, 0x0,
    0x0, 0x0, 0x0, 0x0, 0x7f, 0xff, 0xf4, 0x0,
    0x0, 0x0, 0x0, 0x0, 0x0, 0x7, 0xff, 0xff,
    0x40, 0x0, 0x0, 0x0, 0x0, 0x0, 0x0,

    /* U+00DF "ß" */
    0x0, 0x0, 0x16, 0xbd, 0xff, 0xec, 0x83, 0x0,
    0x0, 0x0, 0x0, 0x6, 0xff, 0xff, 0xff, 0xff,
    0xff, 0xb2, 0x0, 0x0, 0x0, 0x9f, 0xff, 0xff,
    0xff, 0xff, 0xff, 0xfe, 0x20, 0x0, 0x6, 0xff,
    0xff, 0xff, 0xff, 0xff, 0xff, 0xff, 0xe0, 0x0,
    0xe, 0xff, 0xff, 0xd4, 0x0, 0x18, 0xff, 0xff,
    0xf7, 0x0, 0x3f, 0xff, 0xfd, 0x0, 0x0, 0x0,
    0x6f, 0xff, 0xfb, 0x0, 0x5f, 0xff, 0xf6, 0x0,
    0x0, 0x0, 0xe, 0xff, 0xfd, 0x0, 0x5f, 0xff,
    0xf3, 0x0, 0x0, 0x0, 0xd, 0xff, 0xfc, 0x0,
    0x5f, 0xff, 0xf3, 0x0, 0x0, 0x0, 0xf, 0xff,
    0xf9, 0x0, 0x5f, 0xff, 0xf3, 0x0, 0x0, 0x0,
    0x7f, 0xff, 0xf3, 0x0, 0x5f, 0xff, 0xf3, 0x0,
    0x0, 0x17, 0xff, 0xff, 0x80, 0x0, 0x5f, 0xff,
    0xf3, 0x0, 0xbf, 0xff, 0xff, 0xe6, 0x0, 0x0,
    0x5f, 0xff, 0xf3, 0x0, 0xbf, 0xff, 0xff, 0x73,
    0x0, 0x0, 0x5f, 0xff, 0xf3, 0x0, 0xbf, 0xff,
    0xff, 0xff, 0xc2, 0x0, 0x5f, 0xff, 0xf3, 0x0,
    0x8c, 0xce, 0xff, 0xff, 0xfe, 0x20, 0x5f, 0xff,
    0xf3, 0x0, 0x0, 0x0, 0x2a, 0xff, 0xff, 0xb0,
    0x5f, 0xff, 0xf3, 0x0, 0x0, 0x0, 0x0, 0xbf,
    0xff, 0xf2, 0x5f, 0xff, 0xf3, 0x0, 0x0, 0x0,
    0x0, 0x3f, 0xff, 0xf6, 0x5f, 0xff, 0xf3, 0x0,
    0x0, 0x0, 0x0, 0x1f, 0xff, 0xf8, 0x5f, 0xff,
    0xf3, 0x0, 0x0, 0x0, 0x0, 0x3f, 0xff, 0xf8,
    0x5f, 0xff, 0xf3, 0x0, 0x0, 0x0, 0x0, 0xaf,
    0xff, 0xf6, 0x5f, 0xff, 0xf3, 0x0, 0x0, 0x0,
    0x2b, 0xff, 0xff, 0xf1, 0x5f, 0xff, 0xf3, 0x0,
    0xbe, 0xef, 0xff, 0xff, 0xff, 0x90, 0x5f, 0xff,
    0xf3, 0x0, 0xdf, 0xff, 0xff, 0xff, 0xfc, 0x0,
    0x5f, 0xff, 0xf3, 0x0, 0xdf, 0xff, 0xff, 0xff,
    0x90, 0x0, 0x5f, 0xff, 0xf3, 0x0, 0xdf, 0xff,
    0xec, 0x83, 0x0, 0x0,

    /* U+00E0 "à" */
    0x0, 0x0, 0xaf, 0xff, 0xa0, 0x0, 0x0, 0x0,
    0x0, 0x0, 0x0, 0x1e, 0xff, 0xf2, 0x0, 0x0,
    0x0, 0x0, 0x0, 0x0, 0x5, 0xff, 0xf9, 0x0,
    0x0, 0x0, 0x0, 0x0, 0x0, 0x0, 0xbf, 0xff,
    0x10, 0x0, 0x0, 0x0, 0x0, 0x0, 0x0, 0x1f,
    0xff, 0x70, 0x0, 0x0, 0x0, 0x0, 0x0, 0x0,
    0x3, 0x66, 0x50, 0x0, 0x0, 0x0, 0x0, 0x0,
    0x0, 0x0, 0x0, 0x0, 0x0, 0x0, 0x0, 0x0,
    0x0, 0x0, 0x0, 0x0, 0x0, 0x0, 0x0, 0x0,
    0x0, 0x0, 0x6, 0xad, 0xff, 0xec, 0x82, 0x0,
    0x0, 0x0, 0x6, 0xef, 0xff, 0xff, 0xff, 0xff,
    0x90, 0x0, 0x0, 0x8f, 0xff, 0xff, 0xff, 0xff,
    0xff, 0xfc, 0x0, 0x5, 0xff, 0xff, 0xfd, 0x99,
    0xbf, 0xff, 0xff, 0x70, 0xd, 0xff, 0xff, 0x50,
    0x0, 0x2, 0xff, 0xff, 0xe0, 0x3, 0x6a, 0xd6,
    0x0, 0x0, 0x0, 0x8f, 0xff, 0xf1, 0x0, 0x0,
    0x0, 0x0, 0x0, 0x0, 0x5f, 0xff, 0xf3, 0x0,
    0x0, 0x0, 0x0, 0x0, 0x2, 0xbf, 0xff, 0xf4,
    0x0, 0x0, 0x4, 0x79, 0xbd, 0xff, 0xff, 0xff,
    0xf4, 0x0, 0x29, 0xff, 0xff, 0xff, 0xff, 0xff,
    0xff, 0xf4, 0x4, 0xef, 0xff, 0xff, 0xff, 0xfc,
    0xaf, 0xff, 0xf4, 0x1f, 0xff, 0xff, 0xd8, 0x42,
    0x0, 0x4f, 0xff, 0xf4, 0x6f, 0xff, 0xf6, 0x0,
    0x0, 0x0, 0x4f, 0xff, 0xf4, 0x9f, 0xff, 0xd0,
    0x0, 0x0, 0x0, 0x6f, 0xff, 0xf4, 0x9f, 0xff,
    0xd0, 0x0, 0x0, 0x0, 0xcf, 0xff, 0xf4, 0x7f,
    0xff, 0xf4, 0x0, 0x0, 0xa, 0xff, 0xff, 0xf4,
    0x3f, 0xff, 0xff, 0xb7, 0x69, 0xef, 0xff, 0xff,
    0xf4, 0xa, 0xff, 0xff, 0xff, 0xff, 0xff, 0x6f,
    0xff, 0xf4, 0x0, 0xaf, 0xff, 0xff, 0xff, 0xf6,
    0x2f, 0xff, 0xf4, 0x0, 0x4, 0xad, 0xff, 0xd9,
    0x20, 0x2f, 0xff, 0xf4,

    /* U+00E1 "á" */
    0x0, 0x0, 0x0, 0x0, 0x5, 0xff, 0xfe, 0x10,
    0x0, 0x0, 0x0, 0x0, 0x0, 0xc, 0xff, 0xf5,
    0x0, 0x0, 0x0, 0x0, 0x0, 0x0, 0x4f, 0xff,
    0xa0, 0x0, 0x0, 0x0, 0x0, 0x0, 0x0, 0xbf,
    0xfe, 0x10, 0x0, 0x0, 0x0, 0x0, 0x0, 0x2,
    0xff, 0xf5, 0x0, 0x0, 0x0, 0x0, 0x0, 0x0,
    0x3, 0x66, 0x50, 0x0, 0x0, 0x0, 0x0, 0x0,
    0x0, 0x0, 0x0, 0x0, 0x0, 0x0, 0x0, 0x0,
    0x0, 0x0, 0x0, 0x0, 0x0, 0x0, 0x0, 0x0,
    0x0, 0x0, 0x6, 0xad, 0xff, 0xec, 0x82, 0x0,
    0x0, 0x0, 0x6, 0xef, 0xff, 0xff, 0xff, 0xff,
    0x90, 0x0, 0x0, 0x8f, 0xff, 0xff, 0xff, 0xff,
    0xff, 0xfc, 0x0, 0x5, 0xff, 0xff, 0xfd, 0x99,
    0xbf, 0xff, 0xff, 0x70, 0xd, 0xff, 0xff, 0x50,
    0x0, 0x2, 0xff, 0xff, 0xe0, 0x3, 0x6a, 0xd6,
    0x0, 0x0, 0x0, 0x8f, 0xff, 0xf1, 0x0, 0x0,
    0x0, 0x0, 0x0, 0x0, 0x5f, 0xff, 0xf3, 0x0,
    0x0, 0x0, 0x0, 0x0, 0x2, 0xbf, 0xff, 0xf4,
    0x0, 0x0, 0x4, 0x79, 0xbd, 0xff, 0xff, 0xff,
    0xf4, 0x0, 0x29, 0xff, 0xff, 0xff, 0xff, 0xff,
    0xff, 0xf4, 0x4, 0xef, 0xff, 0xff, 0xff, 0xfc,
    0xaf, 0xff, 0xf4, 0x1f, 0xff, 0xff, 0xd8, 0x42,
    0x0, 0x4f, 0xff, 0xf4, 0x6f, 0xff, 0xf6, 0x0,
    0x0, 0x0, 0x4f, 0xff, 0xf4, 0x9f, 0xff, 0xd0,
    0x0, 0x0, 0x0, 0x6f, 0xff, 0xf4, 0x9f, 0xff,
    0xd0, 0x0, 0x0, 0x0, 0xcf, 0xff, 0xf4, 0x7f,
    0xff, 0xf4, 0x0, 0x0, 0xa, 0xff, 0xff, 0xf4,
    0x3f, 0xff, 0xff, 0xb7, 0x69, 0xef, 0xff, 0xff,
    0xf4, 0xa, 0xff, 0xff, 0xff, 0xff, 0xff, 0x6f,
    0xff, 0xf4, 0x0, 0xaf, 0xff, 0xff, 0xff, 0xf6,
    0x2f, 0xff, 0xf4, 0x0, 0x4, 0xad, 0xff, 0xd9,
    0x20, 0x2f, 0xff, 0xf4,

    /* U+00E2 "â" */
    0x0, 0x0, 0x0, 0x3f, 0xff, 0xf8, 0x0, 0x0,
    0x0, 0x0, 0x0, 0x3, 0xff, 0xff, 0xff, 0x70,
    0x0, 0x0, 0x0, 0x0, 0x3e, 0xff, 0xc8, 0xff,
    0xf6, 0x0, 0x0, 0x0, 0x2, 0xef, 0xfd, 0x10,
    0x9f, 0xff, 0x50, 0x0, 0x0, 0x2e, 0xff, 0xf2,
    0x0, 0xb, 0xff, 0xf5, 0x0, 0x0, 0x0, 0x0,
    0x0, 0x0, 0x0, 0x0, 0x0, 0x0, 0x0, 0x0,
    0x0, 0x0, 0x0, 0x0, 0x0, 0x0, 0x0, 0x0,
    0x0, 0x0, 0x0, 0x0, 0x0, 0x0, 0x0, 0x0,
    0x0, 0x0, 0x6, 0xad, 0xff, 0xec, 0x82, 0x0,
    0x0, 0x0, 0x6, 0xef, 0xff, 0xff, 0xff, 0xff,
    0x90, 0x0, 0x0, 0x8f, 0xff, 0xff, 0xff, 0xff,
    0xff, 0xfc, 0x0, 0x5, 0xff, 0xff, 0xfd, 0x99,
    0xbf, 0xff, 0xff, 0x70, 0xd, 0xff, 0xff, 0x50,
    0x0, 0x2, 0xff, 0xff, 0xe0, 0x3, 0x6a, 0xd6,
    0x0, 0x0, 0x0, 0x8f, 0xff, 0xf1, 0x0, 0x0,
    0x0, 0x0, 0x0, 0x0, 0x5f, 0xff, 0xf3, 0x0,
    0x0, 0x0, 0x0, 0x0, 0x2, 0xbf, 0xff, 0xf4,
    0x0, 0x0, 0x4, 0x79, 0xbd, 0xff, 0xff, 0xff,
    0xf4, 0x0, 0x29, 0xff, 0xff, 0xff, 0xff, 0xff,
    0xff, 0xf4, 0x4, 0xef, 0xff, 0xff, 0xff, 0xfc,
    0xaf, 0xff, 0xf4, 0x1f, 0xff, 0xff, 0xd8, 0x42,
    0x0, 0x4f, 0xff, 0xf4, 0x6f, 0xff, 0xf6, 0x0,
    0x0, 0x0, 0x4f, 0xff, 0xf4, 0x9f, 0xff, 0xd0,
    0x0, 0x0, 0x0, 0x6f, 0xff, 0xf4, 0x9f, 0xff,
    0xd0, 0x0, 0x0, 0x0, 0xcf, 0xff, 0xf4, 0x7f,
    0xff, 0xf4, 0x0, 0x0, 0xa, 0xff, 0xff, 0xf4,
    0x3f, 0xff, 0xff, 0xb7, 0x69, 0xef, 0xff, 0xff,
    0xf4, 0xa, 0xff, 0xff, 0xff, 0xff, 0xff, 0x6f,
    0xff, 0xf4, 0x0, 0xaf, 0xff, 0xff, 0xff, 0xf6,
    0x2f, 0xff, 0xf4, 0x0, 0x4, 0xad, 0xff, 0xd9,
    0x20, 0x2f, 0xff, 0xf4,

    /* U+00E3 "ã" */
    0x0, 0x0, 0x6, 0xaa, 0x40, 0x0, 0x8b, 0xa0,
    0x0, 0x0, 0x0, 0x9f, 0xff, 0xfb, 0x31, 0xef,
    0xc0, 0x0, 0x0, 0x2, 0xff, 0xff, 0xff, 0xff,
    0xff, 0x80, 0x0, 0x0, 0x6, 0xff, 0x71, 0x9f,
    0xff, 0xfe, 0x10, 0x0, 0x0, 0x6, 0xcc, 0x10,
    0x2, 0x9b, 0x92, 0x0, 0x0, 0x0, 0x0, 0x0,
    0x0, 0x0, 0x0, 0x0, 0x0, 0x0, 0x0, 0x0,
    0x0, 0x0, 0x0, 0x0, 0x0, 0x0, 0x0, 0x0,
    0x0, 0x0, 0x0, 0x0, 0x0, 0x0, 0x0, 0x0,
    0x0, 0x0, 0x6, 0xad, 0xff, 0xec, 0x82, 0x0,
    0x0, 0x0, 0x6, 0xef, 0xff, 0xff, 0xff, 0xff,
    0x90, 0x0, 0x0, 0x8f, 0xff, 0xff, 0xff, 0xff,
    0xff, 0xfc, 0x0, 0x5, 0xff, 0xff, 0xfd, 0x99,
    0xbf, 0xff, 0xff, 0x70, 0xd, 0xff, 0xff, 0x50,
    0x0, 0x2, 0xff, 0xff, 0xe0, 0x3, 0x6a, 0xd6,
    0x0, 0x0, 0x0, 0x8f, 0xff, 0xf1, 0x0, 0x0,
    0x0, 0x0, 0x0, 0x0, 0x5f, 0xff, 0xf3, 0x0,
    0x0, 0x0, 0x0, 0x0, 0x2, 0xbf, 0xff, 0xf4,
    0x0, 0x0, 0x4, 0x79, 0xbd, 0xff, 0xff, 0xff,
    0xf4, 0x0, 0x29, 0xff, 0xff, 0xff, 0xff, 0xff,
    0xff, 0xf4, 0x4, 0xef, 0xff, 0xff, 0xff, 0xfc,
    0xaf, 0xff, 0xf4, 0x1f, 0xff, 0xff, 0xd8, 0x42,
    0x0, 0x4f, 0xff, 0xf4, 0x6f, 0xff, 0xf6, 0x0,
    0x0, 0x0, 0x4f, 0xff, 0xf4, 0x9f, 0xff, 0xd0,
    0x0, 0x0, 0x0, 0x6f, 0xff, 0xf4, 0x9f, 0xff,
    0xd0, 0x0, 0x0, 0x0, 0xcf, 0xff, 0xf4, 0x7f,
    0xff, 0xf4, 0x0, 0x0, 0xa, 0xff, 0xff, 0xf4,
    0x3f, 0xff, 0xff, 0xb7, 0x69, 0xef, 0xff, 0xff,
    0xf4, 0xa, 0xff, 0xff, 0xff, 0xff, 0xff, 0x6f,
    0xff, 0xf4, 0x0, 0xaf, 0xff, 0xff, 0xff, 0xf6,
    0x2f, 0xff, 0xf4, 0x0, 0x4, 0xad, 0xff, 0xd9,
    0x20, 0x2f, 0xff, 0xf4,

    /* U+00E4 "ä" */
    0x0, 0x1, 0xac, 0x70, 0x0, 0x4, 0xbb, 0x40,
    0x0, 0x0, 0xc, 0xff, 0xf7, 0x0, 0x2f, 0xff,
    0xf2, 0x0, 0x0, 0xf, 0xff, 0xfb, 0x0, 0x6f,
    0xff, 0xf6, 0x0, 0x0, 0xd, 0xff, 0xf8, 0x0,
    0x3f, 0xff, 0xf3, 0x0, 0x0, 0x3, 0xcf, 0xa0,
    0x0, 0x6, 0xee, 0x60, 0x0, 0x0, 0x0, 0x0,
    0x0, 0x0, 0x0, 0x0, 0x0, 0x0, 0x0, 0x0,
    0x0, 0x0, 0x0, 0x0, 0x0, 0x0, 0x0, 0x0,
    0x0, 0x0, 0x0, 0x0, 0x0, 0x0, 0x0, 0x0,
    0x0, 0x0, 0x6, 0xad, 0xff, 0xec, 0x82, 0x0,
    0x0, 0x0, 0x6, 0xef, 0xff, 0xff, 0xff, 0xff,
    0x90, 0x0, 0x0, 0x8f, 0xff, 0xff, 0xff, 0xff,
    0xff, 0xfc, 0x0, 0x5, 0xff, 0xff, 0xfd, 0x99,
    0xbf, 0xff, 0xff, 0x70, 0xd, 0xff, 0xff, 0x50,
    0x0, 0x2, 0xff, 0xff, 0xe0, 0x3, 0x6a, 0xd6,
    0x0, 0x0, 0x0, 0x8f, 0xff, 0xf1, 0x0, 0x0,
    0x0, 0x0, 0x0, 0x0, 0x5f, 0xff, 0xf3, 0x0,
    0x0, 0x0, 0x0, 0x0, 0x2, 0xbf, 0xff, 0xf4,
    0x0, 0x0, 0x4, 0x79, 0xbd, 0xff, 0xff, 0xff,
    0xf4, 0x0, 0x29, 0xff, 0xff, 0xff, 0xff, 0xff,
    0xff, 0xf4, 0x4, 0xef, 0xff, 0xff, 0xff, 0xfc,
    0xaf, 0xff, 0xf4, 0x1f, 0xff, 0xff, 0xd8, 0x42,
    0x0, 0x4f, 0xff, 0xf4, 0x6f, 0xff, 0xf6, 0x0,
    0x0, 0x0, 0x4f, 0xff, 0xf4, 0x9f, 0xff, 0xd0,
    0x0, 0x0, 0x0, 0x6f, 0xff, 0xf4, 0x9f, 0xff,
    0xd0, 0x0, 0x0, 0x0, 0xcf, 0xff, 0xf4, 0x7f,
    0xff, 0xf4, 0x0, 0x0, 0xa, 0xff, 0xff, 0xf4,
    0x3f, 0xff, 0xff, 0xb7, 0x69, 0xef, 0xff, 0xff,
    0xf4, 0xa, 0xff, 0xff, 0xff, 0xff, 0xff, 0x6f,
    0xff, 0xf4, 0x0, 0xaf, 0xff, 0xff, 0xff, 0xf6,
    0x2f, 0xff, 0xf4, 0x0, 0x4, 0xad, 0xff, 0xd9,
    0x20, 0x2f, 0xff, 0xf4,

    /* U+00E5 "å" */
    0x0, 0x0, 0x0, 0x1, 0x44, 0x20, 0x0, 0x0,
    0x0, 0x0, 0x0, 0x0, 0x8f, 0xff, 0xfb, 0x20,
    0x0, 0x0, 0x0, 0x0, 0xa, 0xff, 0xff, 0xff,
    0xe1, 0x0, 0x0, 0x0, 0x0, 0x4f, 0xfc, 0x21,
    0x7f, 0xf9, 0x0, 0x0, 0x0, 0x0, 0x8f, 0xf2,
    0x0, 0xc, 0xfd, 0x0, 0x0, 0x0, 0x0, 0x8f,
    0xf2, 0x0, 0xc, 0xfd, 0x0, 0x0, 0x0, 0x0,
    0x4f, 0xfc, 0x20, 0x7f, 0xf9, 0x0, 0x0, 0x0,
    0x0, 0xb, 0xff, 0xff, 0xff, 0xe1, 0x0, 0x0,
    0x0, 0x0, 0x0, 0x9f, 0xff, 0xfc, 0x20, 0x0,
    0x0, 0x0, 0x0, 0x0, 0x1, 0x45, 0x20, 0x0,
    0x0, 0x0, 0x0, 0x0, 0x0, 0x0, 0x0, 0x0,
    0x0, 0x0, 0x0, 0x0, 0x0, 0x6, 0xad, 0xff,
    0xec, 0x82, 0x0, 0x0, 0x0, 0x6, 0xef, 0xff,
    0xff, 0xff, 0xff, 0x90, 0x0, 0x0, 0x8f, 0xff,
    0xff, 0xff, 0xff, 0xff, 0xfc, 0x0, 0x5, 0xff,
    0xff, 0xfd, 0x99, 0xbf, 0xff, 0xff, 0x70, 0xd,
    0xff, 0xff, 0x50, 0x0, 0x2, 0xff, 0xff, 0xe0,
    0x3, 0x6a, 0xd6, 0x0, 0x0, 0x0, 0x8f, 0xff,
    0xf1, 0x0, 0x0, 0x0, 0x0, 0x0, 0x0, 0x5f,
    0xff, 0xf3, 0x0, 0x0, 0x0, 0x0, 0x0, 0x2,
    0xbf, 0xff, 0xf4, 0x0, 0x0, 0x4, 0x79, 0xbd,
    0xff, 0xff, 0xff, 0xf4, 0x0, 0x29, 0xff, 0xff,
    0xff, 0xff, 0xff, 0xff, 0xf4, 0x4, 0xef, 0xff,
    0xff, 0xff, 0xfc, 0xaf, 0xff, 0xf4, 0x1f, 0xff,
    0xff, 0xd8, 0x42, 0x0, 0x4f, 0xff, 0xf4, 0x6f,
    0xff, 0xf6, 0x0, 0x0, 0x0, 0x4f, 0xff, 0xf4,
    0x9f, 0xff, 0xd0, 0x0, 0x0, 0x0, 0x6f, 0xff,
    0xf4, 0x9f, 0xff, 0xd0, 0x0, 0x0, 0x0, 0xcf,
    0xff, 0xf4, 0x7f, 0xff, 0xf4, 0x0, 0x0, 0xa,
    0xff, 0xff, 0xf4, 0x3f, 0xff, 0xff, 0xb7, 0x69,
    0xef, 0xff, 0xff, 0xf4, 0xa, 0xff, 0xff, 0xff,
    0xff, 0xff, 0x6f, 0xff, 0xf4, 0x0, 0xaf, 0xff,
    0xff, 0xff, 0xf6, 0x2f, 0xff, 0xf4, 0x0, 0x4,
    0xad, 0xff, 0xd9, 0x20, 0x2f, 0xff, 0xf4,

    /* U+00E6 "æ" */
    0x0, 0x0, 0x6, 0xad, 0xff, 0xeb, 0x60, 0x0,
    0x2, 0x8c, 0xef, 0xec, 0x82, 0x0, 0x0, 0x0,
    0x0, 0x6e, 0xff, 0xff, 0xff, 0xff, 0xe3, 0x8,
    0xff, 0xff, 0xff, 0xff, 0xf9, 0x0, 0x0, 0x0,
    0x9f, 0xff, 0xff, 0xff, 0xff, 0xff, 0xeb, 0xff,
    0xff, 0xff, 0xff, 0xff, 0xfc, 0x0, 0x0, 0x5f,
    0xff, 0xff, 0xd9, 0x9b, 0xff, 0xff, 0xff, 0xff,
    0xea, 0x8a, 0xef, 0xff, 0xfa, 0x0, 0xd, 0xff,
    0xff, 0x40, 0x0, 0x2, 0xef, 0xff, 0xff, 0x70,
    0x0, 0x0, 0xaf, 0xff, 0xf4, 0x0, 0x25, 0x8b,
    0x50, 0x0, 0x0, 0x7, 0xff, 0xff, 0x80, 0x0,
    0x0, 0x0, 0xcf, 0xff, 0xb0, 0x0, 0x0, 0x0,
    0x0, 0x0, 0x0, 0x5f, 0xff, 0xf0, 0x0, 0x0,
    0x0, 0x5, 0xff, 0xff, 0x0, 0x0, 0x0, 0x0,
    0x1, 0x22, 0x26, 0xff, 0xfc, 0x22, 0x22, 0x22,
    0x22, 0x4f, 0xff, 0xf3, 0x0, 0x0, 0x6a, 0xef,
    0xff, 0xff, 0xff, 0xff, 0xff, 0xff, 0xff, 0xff,
    0xff, 0xff, 0xff, 0x40, 0x5, 0xef, 0xff, 0xff,
    0xff, 0xff, 0xff, 0xff, 0xff, 0xff, 0xff, 0xff,
    0xff, 0xff, 0xf5, 0x6, 0xff, 0xff, 0xff, 0xff,
    0xff, 0xff, 0xff, 0xff, 0xff, 0xff, 0xff, 0xff,
    0xff, 0xff, 0x52, 0xff, 0xff, 0xf9, 0x31, 0x0,
    0x5, 0xff, 0xfb, 0x0, 0x0, 0x0, 0x0, 0x0,
    0x0, 0x0, 0x7f, 0xff, 0xf3, 0x0, 0x0, 0x0,
    0x5f, 0xff, 0xd0, 0x0, 0x0, 0x0, 0x0, 0x0,
    0x0, 0x9, 0xff, 0xfd, 0x0, 0x0, 0x0, 0x8,
    0xff, 0xff, 0x20, 0x0, 0x0, 0x0, 0x1, 0x0,
    0x0, 0x9f, 0xff, 0xe0, 0x0, 0x0, 0x1, 0xef,
    0xff, 0xfb, 0x0, 0x0, 0x0, 0x8, 0xff, 0xdb,
    0x7, 0xff, 0xff, 0x80, 0x0, 0x2, 0xcf, 0xff,
    0xff, 0xfa, 0x10, 0x0, 0x7, 0xff, 0xff, 0xb0,
    0x3f, 0xff, 0xff, 0xea, 0xac, 0xff, 0xff, 0xef,
    0xff, 0xff, 0xba, 0xbe, 0xff, 0xff, 0xf2, 0x0,
    0xaf, 0xff, 0xff, 0xff, 0xff, 0xff, 0xb0, 0xcf,
    0xff, 0xff, 0xff, 0xff, 0xff, 0xf5, 0x0, 0x0,
    0xaf, 0xff, 0xff, 0xff, 0xff, 0x80, 0x0, 0x9f,
    0xff, 0xff, 0xff, 0xff, 0xd4, 0x0, 0x0, 0x0,
    0x39, 0xdf, 0xfd, 0xb6, 0x10, 0x0, 0x0, 0x28,
    0xce, 0xff, 0xda, 0x50, 0x0, 0x0,

    /* U+00E7 "ç" */
    0x0, 0x0, 0x1, 0x6b, 0xef, 0xfe, 0xb6, 0x0,
    0x0, 0x0, 0x0, 0x6, 0xff, 0xff, 0xff, 0xff,
    0xfe, 0x50, 0x0, 0x0, 0x9, 0xff, 0xff, 0xff,
    0xff, 0xff, 0xff, 0x70, 0x0, 0x7, 0xff, 0xff,
    0xfe, 0xcc, 0xff, 0xff, 0xff, 0x40, 0x2, 0xff,
    0xff, 0xf7, 0x0, 0x0, 0x8f, 0xff, 0xfd, 0x0,
    0x9f, 0xff, 0xf7, 0x0, 0x0, 0x0, 0x9f, 0xff,
    0xf3, 0xe, 0xff, 0xfe, 0x0, 0x0, 0x0, 0x1,
    0xeb, 0x85, 0x13, 0xff, 0xff, 0x80, 0x0, 0x0,
    0x0, 0x0, 0x0, 0x0, 0x5f, 0xff, 0xf5, 0x0,
    0x0, 0x0, 0x0, 0x0, 0x0, 0x6, 0xff, 0xff,
    0x30, 0x0, 0x0, 0x0, 0x0, 0x0, 0x0, 0x6f,
    0xff, 0xf4, 0x0, 0x0, 0x0, 0x0, 0x0, 0x0,
    0x5, 0xff, 0xff, 0x50, 0x0, 0x0, 0x0, 0x0,
    0x0, 0x0, 0x3f, 0xff, 0xf9, 0x0, 0x0, 0x0,
    0x0, 0x0, 0x0, 0x0, 0xff, 0xff, 0xe0, 0x0,
    0x0, 0x0, 0x1f, 0xda, 0x72, 0x9, 0xff, 0xff,
    0x70, 0x0, 0x0, 0x8, 0xff, 0xff, 0x40, 0x2f,
    0xff, 0xff, 0x70, 0x0, 0x8, 0xff, 0xff, 0xd0,
    0x0, 0x6f, 0xff, 0xff, 0xfc, 0xcf, 0xff, 0xff,
    0xf4, 0x0, 0x0, 0x8f, 0xff, 0xff, 0xff, 0xff,
    0xff, 0xf7, 0x0, 0x0, 0x0, 0x5f, 0xff, 0xff,
    0xff, 0xff, 0xe5, 0x0, 0x0, 0x0, 0x0, 0x16,
    0xbf, 0xff, 0xeb, 0x60, 0x0, 0x0, 0x0, 0x0,
    0x0, 0x0, 0x3f, 0xe0, 0x0, 0x0, 0x0, 0x0,
    0x0, 0x0, 0x0, 0x6, 0xff, 0xc9, 0x20, 0x0,
    0x0, 0x0, 0x0, 0x0, 0x0, 0x6c, 0xcf, 0xfd,
    0x0, 0x0, 0x0, 0x0, 0x0, 0x0, 0x0, 0x0,
    0x8f, 0xf3, 0x0, 0x0, 0x0, 0x0, 0x0, 0x0,
    0x0, 0xa, 0xff, 0x20, 0x0, 0x0, 0x0, 0x0,
    0x0, 0x3f, 0xff, 0xff, 0xd0, 0x0, 0x0, 0x0,
    0x0, 0x0, 0x3, 0xff, 0xfe, 0xa2, 0x0, 0x0,
    0x0,

    /* U+00E8 "è" */
    0x0, 0x0, 0x2f, 0xff, 0xf3, 0x0, 0x0, 0x0,
    0x0, 0x0, 0x0, 0x0, 0x7f, 0xff, 0xa0, 0x0,
    0x0, 0x0, 0x0, 0x0, 0x0, 0x0, 0xcf, 0xff,
    0x20, 0x0, 0x0, 0x0, 0x0, 0x0, 0x0, 0x2,
    0xff, 0xf8, 0x0, 0x0, 0x0, 0x0, 0x0, 0x0,
    0x0, 0x8, 0xff, 0xf1, 0x0, 0x0, 0x0, 0x0,
    0x0, 0x0, 0x0, 0x6, 0x66, 0x20, 0x0, 0x0,
    0x0, 0x0, 0x0, 0x0, 0x0, 0x0, 0x0, 0x0,
    0x0, 0x0, 0x0, 0x0, 0x0, 0x0, 0x0, 0x0,
    0x0, 0x0, 0x0, 0x0, 0x0, 0x0, 0x1, 0x7b,
    0xef, 0xfd, 0xa4, 0x0, 0x0, 0x0, 0x0, 0x6,
    0xff, 0xff, 0xff, 0xff, 0xfd, 0x30, 0x0, 0x0,
    0x8, 0xff, 0xff, 0xff, 0xff, 0xff, 0xff, 0x40,
    0x0, 0x6, 0xff, 0xff, 0xfc, 0x9a, 0xdf, 0xff,
    0xff, 0x20, 0x2, 0xff, 0xff, 0xc2, 0x0, 0x0,
    0x6f, 0xff, 0xfb, 0x0, 0x9f, 0xff, 0xe1, 0x0,
    0x0, 0x0, 0x8f, 0xff, 0xf2, 0xe, 0xff, 0xf7,
    0x0, 0x0, 0x0, 0x0, 0xff, 0xff, 0x73, 0xff,
    0xff, 0x42, 0x22, 0x22, 0x22, 0x2c, 0xff, 0xfa,
    0x5f, 0xff, 0xff, 0xff, 0xff, 0xff, 0xff, 0xff,
    0xff, 0xb6, 0xff, 0xff, 0xff, 0xff, 0xff, 0xff,
    0xff, 0xff, 0xfc, 0x6f, 0xff, 0xff, 0xff, 0xff,
    0xff, 0xff, 0xff, 0xff, 0xc5, 0xff, 0xff, 0x20,
    0x0, 0x0, 0x0, 0x0, 0x0, 0x0, 0x3f, 0xff,
    0xf5, 0x0, 0x0, 0x0, 0x0, 0x0, 0x0, 0x0,
    0xff, 0xff, 0x90, 0x0, 0x0, 0x0, 0x1, 0x0,
    0x0, 0xa, 0xff, 0xff, 0x30, 0x0, 0x0, 0x1,
    0xfe, 0xb8, 0x20, 0x2f, 0xff, 0xfe, 0x40, 0x0,
    0x2, 0xdf, 0xff, 0xf2, 0x0, 0x7f, 0xff, 0xff,
    0xda, 0xac, 0xff, 0xff, 0xf9, 0x0, 0x0, 0x9f,
    0xff, 0xff, 0xff, 0xff, 0xff, 0xfc, 0x0, 0x0,
    0x0, 0x6f, 0xff, 0xff, 0xff, 0xff, 0xf8, 0x0,
    0x0, 0x0, 0x0, 0x16, 0xbe, 0xff, 0xec, 0x72,
    0x0, 0x0,

    /* U+00E9 "é" */
    0x0, 0x0, 0x0, 0x0, 0x0, 0xcf, 0xff, 0x80,
    0x0, 0x0, 0x0, 0x0, 0x0, 0x0, 0x4f, 0xff,
    0xd0, 0x0, 0x0, 0x0, 0x0, 0x0, 0x0, 0xb,
    0xff, 0xf3, 0x0, 0x0, 0x0, 0x0, 0x0, 0x0,
    0x2, 0xff, 0xf9, 0x0, 0x0, 0x0, 0x0, 0x0,
    0x0, 0x0, 0x9f, 0xfd, 0x0, 0x0, 0x0, 0x0,
    0x0, 0x0, 0x0, 0x6, 0x66, 0x20, 0x0, 0x0,
    0x0, 0x0, 0x0, 0x0, 0x0, 0x0, 0x0, 0x0,
    0x0, 0x0, 0x0, 0x0, 0x0, 0x0, 0x0, 0x0,
    0x0, 0x0, 0x0, 0x0, 0x0, 0x0, 0x1, 0x7b,
    0xef, 0xfd, 0xa4, 0x0, 0x0, 0x0, 0x0, 0x6,
    0xff, 0xff, 0xff, 0xff, 0xfd, 0x30, 0x0, 0x0,
    0x8, 0xff, 0xff, 0xff, 0xff, 0xff, 0xff, 0x40,
    0x0, 0x6, 0xff, 0xff, 0xfc, 0x9a, 0xdf, 0xff,
    0xff, 0x20, 0x2, 0xff, 0xff, 0xc2, 0x0, 0x0,
    0x6f, 0xff, 0xfb, 0x0, 0x9f, 0xff, 0xe1, 0x0,
    0x0, 0x0, 0x8f, 0xff, 0xf2, 0xe, 0xff, 0xf7,
    0x0, 0x0, 0x0, 0x0, 0xff, 0xff, 0x73, 0xff,
    0xff, 0x42, 0x22, 0x22, 0x22, 0x2c, 0xff, 0xfa,
    0x5f, 0xff, 0xff, 0xff, 0xff, 0xff, 0xff, 0xff,
    0xff, 0xb6, 0xff, 0xff, 0xff, 0xff, 0xff, 0xff,
    0xff, 0xff, 0xfc, 0x6f, 0xff, 0xff, 0xff, 0xff,
    0xff, 0xff, 0xff, 0xff, 0xc5, 0xff, 0xff, 0x20,
    0x0, 0x0, 0x0, 0x0, 0x0, 0x0, 0x3f, 0xff,
    0xf5, 0x0, 0x0, 0x0, 0x0, 0x0, 0x0, 0x0,
    0xff, 0xff, 0x90, 0x0, 0x0, 0x0, 0x1, 0x0,
    0x0, 0xa, 0xff, 0xff, 0x30, 0x0, 0x0, 0x1,
    0xfe, 0xb8, 0x20, 0x2f, 0xff, 0xfe, 0x40, 0x0,
    0x2, 0xdf, 0xff, 0xf2, 0x0, 0x7f, 0xff, 0xff,
    0xda, 0xac, 0xff, 0xff, 0xf9, 0x0, 0x0, 0x9f,
    0xff, 0xff, 0xff, 0xff, 0xff, 0xfc, 0x0, 0x0,
    0x0, 0x6f, 0xff, 0xff, 0xff, 0xff, 0xf8, 0x0,
    0x0, 0x0, 0x0, 0x16, 0xbe, 0xff, 0xec, 0x72,
    0x0, 0x0,

    /* U+00EA "ê" */
    0x0, 0x0, 0x0, 0x9, 0xff, 0xfe, 0x20, 0x0,
    0x0, 0x0, 0x0, 0x0, 0x9, 0xff, 0xff, 0xfe,
    0x10, 0x0, 0x0, 0x0, 0x0, 0x9, 0xff, 0xf7,
    0xdf, 0xfd, 0x10, 0x0, 0x0, 0x0, 0x8, 0xff,
    0xf8, 0x2, 0xef, 0xfd, 0x10, 0x0, 0x0, 0x8,
    0xff, 0xfa, 0x0, 0x3, 0xff, 0xfc, 0x0, 0x0,
    0x0, 0x0, 0x0, 0x0, 0x0, 0x0, 0x0, 0x0,
    0x0, 0x0, 0x0, 0x0, 0x0, 0x0, 0x0, 0x0,
    0x0, 0x0, 0x0, 0x0, 0x0, 0x0, 0x0, 0x0,
    0x0, 0x0, 0x0, 0x0, 0x0, 0x0, 0x1, 0x7b,
    0xef, 0xfd, 0xa4, 0x0, 0x0, 0x0, 0x0, 0x6,
    0xff, 0xff, 0xff, 0xff, 0xfd, 0x30, 0x0, 0x0,
    0x8, 0xff, 0xff, 0xff, 0xff, 0xff, 0xff, 0x40,
    0x0, 0x6, 0xff, 0xff, 0xfc, 0x9a, 0xdf, 0xff,
    0xff, 0x20, 0x2, 0xff, 0xff, 0xc2, 0x0, 0x0,
    0x6f, 0xff, 0xfb, 0x0, 0x9f, 0xff, 0xe1, 0x0,
    0x0, 0x0, 0x8f, 0xff, 0xf2, 0xe, 0xff, 0xf7,
    0x0, 0x0, 0x0, 0x0, 0xff, 0xff, 0x73, 0xff,
    0xff, 0x42, 0x22, 0x22, 0x22, 0x2c, 0xff, 0xfa,
    0x5f, 0xff, 0xff, 0xff, 0xff, 0xff, 0xff, 0xff,
    0xff, 0xb6, 0xff, 0xff, 0xff, 0xff, 0xff, 0xff,
    0xff, 0xff, 0xfc, 0x6f, 0xff, 0xff, 0xff, 0xff,
    0xff, 0xff, 0xff, 0xff, 0xc5, 0xff, 0xff, 0x20,
    0x0, 0x0, 0x0, 0x0, 0x0, 0x0, 0x3f, 0xff,
    0xf5, 0x0, 0x0, 0x0, 0x0, 0x0, 0x0, 0x0,
    0xff, 0xff, 0x90, 0x0, 0x0, 0x0, 0x1, 0x0,
    0x0, 0xa, 0xff, 0xff, 0x30, 0x0, 0x0, 0x1,
    0xfe, 0xb8, 0x20, 0x2f, 0xff, 0xfe, 0x40, 0x0,
    0x2, 0xdf, 0xff, 0xf2, 0x0, 0x7f, 0xff, 0xff,
    0xda, 0xac, 0xff, 0xff, 0xf9, 0x0, 0x0, 0x9f,
    0xff, 0xff, 0xff, 0xff, 0xff, 0xfc, 0x0, 0x0,
    0x0, 0x6f, 0xff, 0xff, 0xff, 0xff, 0xf8, 0x0,
    0x0, 0x0, 0x0, 0x16, 0xbe, 0xff, 0xec, 0x72,
    0x0, 0x0,

    /* U+00EB "ë" */
    0x0, 0x0, 0x5c, 0xb3, 0x0, 0x0, 0x8c, 0x90,
    0x0, 0x0, 0x0, 0x3f, 0xff, 0xe1, 0x0, 0x9f,
    0xff, 0xa0, 0x0, 0x0, 0x7, 0xff, 0xff, 0x40,
    0xd, 0xff, 0xff, 0x0, 0x0, 0x0, 0x5f, 0xff,
    0xf1, 0x0, 0xaf, 0xff, 0xc0, 0x0, 0x0, 0x0,
    0x8e, 0xe5, 0x0, 0x1, 0xbf, 0xc2, 0x0, 0x0,
    0x0, 0x0, 0x0, 0x0, 0x0, 0x0, 0x0, 0x0,
    0x0, 0x0, 0x0, 0x0, 0x0, 0x0, 0x0, 0x0,
    0x0, 0x0, 0x0, 0x0, 0x0, 0x0, 0x0, 0x0,
    0x0, 0x0, 0x0, 0x0, 0x0, 0x0, 0x1, 0x7b,
    0xef, 0xfd, 0xa4, 0x0, 0x0, 0x0, 0x0, 0x6,
    0xff, 0xff, 0xff, 0xff, 0xfd, 0x30, 0x0, 0x0,
    0x8, 0xff, 0xff, 0xff, 0xff, 0xff, 0xff, 0x40,
    0x0, 0x6, 0xff, 0xff, 0xfc, 0x9a, 0xdf, 0xff,
    0xff, 0x20, 0x2, 0xff, 0xff, 0xc2, 0x0, 0x0,
    0x6f, 0xff, 0xfb, 0x0, 0x9f, 0xff, 0xe1, 0x0,
    0x0, 0x0, 0x8f, 0xff, 0xf2, 0xe, 0xff, 0xf7,
    0x0, 0x0, 0x0, 0x0, 0xff, 0xff, 0x73, 0xff,
    0xff, 0x42, 0x22, 0x22, 0x22, 0x2c, 0xff, 0xfa,
    0x5f, 0xff, 0xff, 0xff, 0xff, 0xff, 0xff, 0xff,
    0xff, 0xb6, 0xff, 0xff, 0xff, 0xff, 0xff, 0xff,
    0xff, 0xff, 0xfc, 0x6f, 0xff, 0xff, 0xff, 0xff,
    0xff, 0xff, 0xff, 0xff, 0xc5, 0xff, 0xff, 0x20,
    0x0, 0x0, 0x0, 0x0, 0x0, 0x0, 0x3f, 0xff,
    0xf5, 0x0, 0x0, 0x0, 0x0, 0x0, 0x0, 0x0,
    0xff, 0xff, 0x90, 0x0, 0x0, 0x0, 0x1, 0x0,
    0x0, 0xa, 0xff, 0xff, 0x30, 0x0, 0x0, 0x1,
    0xfe, 0xb8, 0x20, 0x2f, 0xff, 0xfe, 0x40, 0x0,
    0x2, 0xdf, 0xff, 0xf2, 0x0, 0x7f, 0xff, 0xff,
    0xda, 0xac, 0xff, 0xff, 0xf9, 0x0, 0x0, 0x9f,
    0xff, 0xff, 0xff, 0xff, 0xff, 0xfc, 0x0, 0x0,
    0x0, 0x6f, 0xff, 0xff, 0xff, 0xff, 0xf8, 0x0,
    0x0, 0x0, 0x0, 0x16, 0xbe, 0xff, 0xec, 0x72,
    0x0, 0x0,

    /* U+00EC "ì" */
    0x26, 0x66, 0x60, 0x0, 0xd, 0xff, 0xf6, 0x0,
    0x3, 0xff, 0xfd, 0x0, 0x0, 0x8f, 0xff, 0x40,
    0x0, 0xd, 0xff, 0xc0, 0x0, 0x3, 0xff, 0xf3,
    0x0, 0x0, 0x0, 0x0, 0x0, 0x0, 0x0, 0x0,
    0x0, 0x9, 0xff, 0xff, 0x0, 0x9, 0xff, 0xff,
    0x0, 0x9, 0xff, 0xff, 0x0, 0x9, 0xff, 0xff,
    0x0, 0x9, 0xff, 0xff, 0x0, 0x9, 0xff, 0xff,
    0x0, 0x9, 0xff, 0xff, 0x0, 0x9, 0xff, 0xff,
    0x0, 0x9, 0xff, 0xff, 0x0, 0x9, 0xff, 0xff,
    0x0, 0x9, 0xff, 0xff, 0x0, 0x9, 0xff, 0xff,
    0x0, 0x9, 0xff, 0xff, 0x0, 0x9, 0xff, 0xff,
    0x0, 0x9, 0xff, 0xff, 0x0, 0x9, 0xff, 0xff,
    0x0, 0x9, 0xff, 0xff, 0x0, 0x9, 0xff, 0xff,
    0x0, 0x9, 0xff, 0xff, 0x0, 0x9, 0xff, 0xff,

    /* U+00ED "í" */
    0x0, 0x4, 0x66, 0x64, 0x0, 0xe, 0xff, 0xf4,
    0x0, 0x6f, 0xff, 0x90, 0x0, 0xdf, 0xfe, 0x0,
    0x5, 0xff, 0xf4, 0x0, 0xc, 0xff, 0xa0, 0x0,
    0x0, 0x0, 0x0, 0x0, 0x0, 0x0, 0x0, 0x0,
    0x9f, 0xff, 0xf0, 0x0, 0x9f, 0xff, 0xf0, 0x0,
    0x9f, 0xff, 0xf0, 0x0, 0x9f, 0xff, 0xf0, 0x0,
    0x9f, 0xff, 0xf0, 0x0, 0x9f, 0xff, 0xf0, 0x0,
    0x9f, 0xff, 0xf0, 0x0, 0x9f, 0xff, 0xf0, 0x0,
    0x9f, 0xff, 0xf0, 0x0, 0x9f, 0xff, 0xf0, 0x0,
    0x9f, 0xff, 0xf0, 0x0, 0x9f, 0xff, 0xf0, 0x0,
    0x9f, 0xff, 0xf0, 0x0, 0x9f, 0xff, 0xf0, 0x0,
    0x9f, 0xff, 0xf0, 0x0, 0x9f, 0xff, 0xf0, 0x0,
    0x9f, 0xff, 0xf0, 0x0, 0x9f, 0xff, 0xf0, 0x0,
    0x9f, 0xff, 0xf0, 0x0, 0x9f, 0xff, 0xf0, 0x0,

    /* U+00EE "î" */
    0x0, 0x0, 0x38, 0x88, 0x60, 0x0, 0x0, 0x0,
    0x3, 0xef, 0xff, 0xf8, 0x0, 0x0, 0x0, 0x2e,
    0xff, 0xdf, 0xff, 0x70, 0x0, 0x2, 0xef, 0xfd,
    0x18, 0xff, 0xf6, 0x0, 0x2e, 0xff, 0xe2, 0x0,
    0xaf, 0xff, 0x60, 0x68, 0x88, 0x30, 0x0, 0x7,
    0x88, 0x70, 0x0, 0x0, 0x0, 0x0, 0x0, 0x0,
    0x0, 0x0, 0x0, 0x0, 0x0, 0x0, 0x0, 0x0,
    0x0, 0x0, 0x9f, 0xff, 0xf0, 0x0, 0x0, 0x0,
    0x0, 0x9f, 0xff, 0xf0, 0x0, 0x0, 0x0, 0x0,
    0x9f, 0xff, 0xf0, 0x0, 0x0, 0x0, 0x0, 0x9f,
    0xff, 0xf0, 0x0, 0x0, 0x0, 0x0, 0x9f, 0xff,
    0xf0, 0x0, 0x0, 0x0, 0x0, 0x9f, 0xff, 0xf0,
    0x0, 0x0, 0x0, 0x0, 0x9f, 0xff, 0xf0, 0x0,
    0x0, 0x0, 0x0, 0x9f, 0xff, 0xf0, 0x0, 0x0,
    0x0, 0x0, 0x9f, 0xff, 0xf0, 0x0, 0x0, 0x0,
    0x0, 0x9f, 0xff, 0xf0, 0x0, 0x0, 0x0, 0x0,
    0x9f, 0xff, 0xf0, 0x0, 0x0, 0x0, 0x0, 0x9f,
    0xff, 0xf0, 0x0, 0x0, 0x0, 0x0, 0x9f, 0xff,
    0xf0, 0x0, 0x0, 0x0, 0x0, 0x9f, 0xff, 0xf0,
    0x0, 0x0, 0x0, 0x0, 0x9f, 0xff, 0xf0, 0x0,
    0x0, 0x0, 0x0, 0x9f, 0xff, 0xf0, 0x0, 0x0,
    0x0, 0x0, 0x9f, 0xff, 0xf0, 0x0, 0x0, 0x0,
    0x0, 0x9f, 0xff, 0xf0, 0x0, 0x0, 0x0, 0x0,
    0x9f, 0xff, 0xf0, 0x0, 0x0, 0x0, 0x0, 0x9f,
    0xff, 0xf0, 0x0, 0x0,

    /* U+00EF "ï" */
    0x5, 0xcb, 0x30, 0x0, 0x8, 0xc9, 0x4, 0xff,
    0xfe, 0x10, 0x9, 0xff, 0xfa, 0x8f, 0xff, 0xf4,
    0x0, 0xdf, 0xff, 0xe5, 0xff, 0xff, 0x10, 0xb,
    0xff, 0xfb, 0x8, 0xed, 0x50, 0x0, 0x1b, 0xfc,
    0x20, 0x0, 0x0, 0x0, 0x0, 0x0, 0x0, 0x0,
    0x0, 0x0, 0x0, 0x0, 0x0, 0x0, 0x0, 0x0,
    0x0, 0x0, 0x0, 0x0, 0x0, 0x0, 0x9f, 0xff,
    0xf0, 0x0, 0x0, 0x0, 0x9, 0xff, 0xff, 0x0,
    0x0, 0x0, 0x0, 0x9f, 0xff, 0xf0, 0x0, 0x0,
    0x0, 0x9, 0xff, 0xff, 0x0, 0x0, 0x0, 0x0,
    0x9f, 0xff, 0xf0, 0x0, 0x0, 0x0, 0x9, 0xff,
    0xff, 0x0, 0x0, 0x0, 0x0, 0x9f, 0xff, 0xf0,
    0x0, 0x0, 0x0, 0x9, 0xff, 0xff, 0x0, 0x0,
    0x0, 0x0, 0x9f, 0xff, 0xf0, 0x0, 0x0, 0x0,
    0x9, 0xff, 0xff, 0x0, 0x0, 0x0, 0x0, 0x9f,
    0xff, 0xf0, 0x0, 0x0, 0x0, 0x9, 0xff, 0xff,
    0x0, 0x0, 0x0, 0x0, 0x9f, 0xff, 0xf0, 0x0,
    0x0, 0x0, 0x9, 0xff, 0xff, 0x0, 0x0, 0x0,
    0x0, 0x9f, 0xff, 0xf0, 0x0, 0x0, 0x0, 0x9,
    0xff, 0xff, 0x0, 0x0, 0x0, 0x0, 0x9f, 0xff,
    0xf0, 0x0, 0x0, 0x0, 0x9, 0xff, 0xff, 0x0,
    0x0, 0x0, 0x0, 0x9f, 0xff, 0xf0, 0x0, 0x0,
    0x0, 0x9, 0xff, 0xff, 0x0, 0x0,

    /* U+00F0 "ð" */
    0x0, 0x0, 0x13, 0x0, 0x0, 0x0, 0x0, 0x0,
    0x0, 0x0, 0x0, 0x8, 0xfd, 0x50, 0x0, 0x0,
    0x6, 0x40, 0x0, 0x0, 0x0, 0xdf, 0xff, 0xd3,
    0x0, 0x5d, 0xf9, 0x0, 0x0, 0x0, 0x7, 0xff,
    0xff, 0xfa, 0xdf, 0xff, 0x90, 0x0, 0x0, 0x0,
    0x1, 0x9f, 0xff, 0xff, 0xfa, 0x20, 0x0, 0x0,
    0x0, 0x0, 0x5, 0xef, 0xff, 0xfe, 0x20, 0x0,
    0x0, 0x0, 0x0, 0x5d, 0xff, 0xfd, 0xff, 0xfe,
    0x10, 0x0, 0x0, 0x0, 0xf, 0xff, 0xb3, 0xa,
    0xff, 0xfd, 0x0, 0x0, 0x0, 0x0, 0xcb, 0x30,
    0x0, 0xa, 0xff, 0xf9, 0x0, 0x0, 0x0, 0x1,
    0x0, 0x0, 0x0, 0xd, 0xff, 0xf3, 0x0, 0x0,
    0x0, 0x5, 0xbe, 0xfe, 0xa4, 0x2f, 0xff, 0xc0,
    0x0, 0x0, 0x1c, 0xff, 0xff, 0xff, 0xf9, 0x9f,
    0xff, 0x50, 0x0, 0x1d, 0xff, 0xff, 0xff, 0xff,
    0xfb, 0xff, 0xfc, 0x0, 0xb, 0xff, 0xff, 0xa4,
    0x23, 0x7f, 0xff, 0xff, 0xf1, 0x5, 0xff, 0xff,
    0x70, 0x0, 0x0, 0x2e, 0xff, 0xff, 0x50, 0xcf,
    0xff, 0xd0, 0x0, 0x0, 0x0, 0x6f, 0xff, 0xf8,
    0x1f, 0xff, 0xf6, 0x0, 0x0, 0x0, 0x0, 0xff,
    0xff, 0xb4, 0xff, 0xff, 0x20, 0x0, 0x0, 0x0,
    0xb, 0xff, 0xfc, 0x6f, 0xff, 0xf0, 0x0, 0x0,
    0x0, 0x0, 0x9f, 0xff, 0xc6, 0xff, 0xff, 0x0,
    0x0, 0x0, 0x0, 0x8, 0xff, 0xfc, 0x6f, 0xff,
    0xf1, 0x0, 0x0, 0x0, 0x0, 0x9f, 0xff, 0xa4,
    0xff, 0xff, 0x40, 0x0, 0x0, 0x0, 0xc, 0xff,
    0xf8, 0xf, 0xff, 0xf9, 0x0, 0x0, 0x0, 0x1,
    0xff, 0xff, 0x40, 0xbf, 0xff, 0xf3, 0x0, 0x0,
    0x0, 0xaf, 0xff, 0xe0, 0x3, 0xff, 0xff, 0xe4,
    0x0, 0x0, 0x9f, 0xff, 0xf7, 0x0, 0x8, 0xff,
    0xff, 0xfd, 0xbb, 0xff, 0xff, 0xfc, 0x0, 0x0,
    0xb, 0xff, 0xff, 0xff, 0xff, 0xff, 0xfd, 0x10,
    0x0, 0x0, 0x8, 0xff, 0xff, 0xff, 0xff, 0xfb,
    0x10, 0x0, 0x0, 0x0, 0x2, 0x8c, 0xef, 0xfd,
    0x93, 0x0, 0x0, 0x0,

    /* U+00F1 "ñ" */
    0x0, 0x0, 0x3c, 0xfe, 0xa3, 0x0, 0xff, 0xb0,
    0x0, 0x0, 0x1, 0xff, 0xff, 0xff, 0xdd, 0xff,
    0x80, 0x0, 0x0, 0x8, 0xff, 0xdd, 0xff, 0xff,
    0xff, 0x10, 0x0, 0x0, 0xb, 0xff, 0x10, 0x3a,
    0xef, 0xc4, 0x0, 0x0, 0x0, 0x0, 0x0, 0x0,
    0x0, 0x0, 0x0, 0x0, 0x0, 0x0, 0x0, 0x0,
    0x0, 0x0, 0x0, 0x0, 0x0, 0x0, 0x0, 0x0,
    0x0, 0x0, 0x0, 0x0, 0x0, 0x0, 0x0, 0x9f,
    0xff, 0xc0, 0x2, 0x9d, 0xff, 0xd8, 0x10, 0x0,
    0x9f, 0xff, 0xc0, 0x5f, 0xff, 0xff, 0xff, 0xf4,
    0x0, 0x9f, 0xff, 0xc4, 0xff, 0xff, 0xff, 0xff,
    0xff, 0x30, 0x9f, 0xff, 0xcd, 0xff, 0xfe, 0xff,
    0xff, 0xff, 0xc0, 0x9f, 0xff, 0xff, 0xc3, 0x0,
    0x19, 0xff, 0xff, 0xf2, 0x9f, 0xff, 0xfd, 0x0,
    0x0, 0x0, 0xaf, 0xff, 0xf6, 0x9f, 0xff, 0xf5,
    0x0, 0x0, 0x0, 0x3f, 0xff, 0xf8, 0x9f, 0xff,
    0xf1, 0x0, 0x0, 0x0, 0xf, 0xff, 0xf9, 0x9f,
    0xff, 0xf0, 0x0, 0x0, 0x0, 0xf, 0xff, 0xf9,
    0x9f, 0xff, 0xf0, 0x0, 0x0, 0x0, 0xf, 0xff,
    0xf9, 0x9f, 0xff, 0xf0, 0x0, 0x0, 0x0, 0xf,
    0xff, 0xf9, 0x9f, 0xff, 0xf0, 0x0, 0x0, 0x0,
    0xf, 0xff, 0xf9, 0x9f, 0xff, 0xf0, 0x0, 0x0,
    0x0, 0xf, 0xff, 0xf9, 0x9f, 0xff, 0xf0, 0x0,
    0x0, 0x0, 0xf, 0xff, 0xf9, 0x9f, 0xff, 0xf0,
    0x0, 0x0, 0x0, 0xf, 0xff, 0xf9, 0x9f, 0xff,
    0xf0, 0x0, 0x0, 0x0, 0xf, 0xff, 0xf9, 0x9f,
    0xff, 0xf0, 0x0, 0x0, 0x0, 0xf, 0xff, 0xf9,
    0x9f, 0xff, 0xf0, 0x0, 0x0, 0x0, 0xf, 0xff,
    0xf9, 0x9f, 0xff, 0xf0, 0x0, 0x0, 0x0, 0xf,
    0xff, 0xf9, 0x9f, 0xff, 0xf0, 0x0, 0x0, 0x0,
    0xf, 0xff, 0xf9,

    /* U+00F2 "ò" */
    0x0, 0x0, 0xd, 0xff, 0xf7, 0x0, 0x0, 0x0,
    0x0, 0x0, 0x0, 0x0, 0x4, 0xff, 0xfe, 0x0,
    0x0, 0x0, 0x0, 0x0, 0x0, 0x0, 0x0, 0x9f,
    0xff, 0x50, 0x0, 0x0, 0x0, 0x0, 0x0, 0x0,
    0x0, 0xe, 0xff, 0xc0, 0x0, 0x0, 0x0, 0x0,
    0x0, 0x0, 0x0, 0x4, 0xff, 0xf3, 0x0, 0x0,
    0x0, 0x0, 0x0, 0x0, 0x0, 0x0, 0x56, 0x63,
    0x0, 0x0, 0x0, 0x0, 0x0, 0x0, 0x0, 0x0,
    0x0, 0x0, 0x0, 0x0, 0x0, 0x0, 0x0, 0x0,
    0x0, 0x0, 0x0, 0x0, 0x0, 0x0, 0x0, 0x0,
    0x0, 0x0, 0x1, 0x6b, 0xef, 0xfe, 0xb6, 0x0,
    0x0, 0x0, 0x0, 0x0, 0x6f, 0xff, 0xff, 0xff,
    0xff, 0xe5, 0x0, 0x0, 0x0, 0x9, 0xff, 0xff,
    0xff, 0xff, 0xff, 0xff, 0x80, 0x0, 0x0, 0x7f,
    0xff, 0xff, 0xfc, 0xcf, 0xff, 0xff, 0xf6, 0x0,
    0x2, 0xff, 0xff, 0xf7, 0x0, 0x0, 0x8f, 0xff,
    0xff, 0x10, 0x9, 0xff, 0xff, 0x70, 0x0, 0x0,
    0x9, 0xff, 0xff, 0x80, 0xe, 0xff, 0xfe, 0x0,
    0x0, 0x0, 0x0, 0xef, 0xff, 0xd0, 0x3f, 0xff,
    0xf8, 0x0, 0x0, 0x0, 0x0, 0xaf, 0xff, 0xf1,
    0x5f, 0xff, 0xf5, 0x0, 0x0, 0x0, 0x0, 0x6f,
    0xff, 0xf4, 0x6f, 0xff, 0xf4, 0x0, 0x0, 0x0,
    0x0, 0x5f, 0xff, 0xf5, 0x6f, 0xff, 0xf4, 0x0,
    0x0, 0x0, 0x0, 0x5f, 0xff, 0xf5, 0x5f, 0xff,
    0xf5, 0x0, 0x0, 0x0, 0x0, 0x6f, 0xff, 0xf4,
    0x3f, 0xff, 0xf8, 0x0, 0x0, 0x0, 0x0, 0xaf,
    0xff, 0xf1, 0xf, 0xff, 0xfe, 0x0, 0x0, 0x0,
    0x0, 0xef, 0xff, 0xd0, 0x9, 0xff, 0xff, 0x70,
    0x0, 0x0, 0x9, 0xff, 0xff, 0x80, 0x2, 0xff,
    0xff, 0xf7, 0x0, 0x0, 0x8f, 0xff, 0xfe, 0x10,
    0x0, 0x6f, 0xff, 0xff, 0xfc, 0xcf, 0xff, 0xff,
    0xf5, 0x0, 0x0, 0x8, 0xff, 0xff, 0xff, 0xff,
    0xff, 0xff, 0x70, 0x0, 0x0, 0x0, 0x5f, 0xff,
    0xff, 0xff, 0xff, 0xe4, 0x0, 0x0, 0x0, 0x0,
    0x1, 0x6b, 0xef, 0xfe, 0xb6, 0x0, 0x0, 0x0,

    /* U+00F3 "ó" */
    0x0, 0x0, 0x0, 0x0, 0x0, 0x9f, 0xff, 0xb0,
    0x0, 0x0, 0x0, 0x0, 0x0, 0x0, 0x1, 0xff,
    0xff, 0x20, 0x0, 0x0, 0x0, 0x0, 0x0, 0x0,
    0x7, 0xff, 0xf7, 0x0, 0x0, 0x0, 0x0, 0x0,
    0x0, 0x0, 0xe, 0xff, 0xc0, 0x0, 0x0, 0x0,
    0x0, 0x0, 0x0, 0x0, 0x6f, 0xff, 0x20, 0x0,
    0x0, 0x0, 0x0, 0x0, 0x0, 0x0, 0x46, 0x64,
    0x0, 0x0, 0x0, 0x0, 0x0, 0x0, 0x0, 0x0,
    0x0, 0x0, 0x0, 0x0, 0x0, 0x0, 0x0, 0x0,
    0x0, 0x0, 0x0, 0x0, 0x0, 0x0, 0x0, 0x0,
    0x0, 0x0, 0x1, 0x6b, 0xef, 0xfe, 0xb6, 0x0,
    0x0, 0x0, 0x0, 0x0, 0x6f, 0xff, 0xff, 0xff,
    0xff, 0xe5, 0x0, 0x0, 0x0, 0x9, 0xff, 0xff,
    0xff, 0xff, 0xff, 0xff, 0x80, 0x0, 0x0, 0x7f,
    0xff, 0xff, 0xfc, 0xcf, 0xff, 0xff, 0xf6, 0x0,
    0x2, 0xff, 0xff, 0xf7, 0x0, 0x0, 0x8f, 0xff,
    0xff, 0x10, 0x9, 0xff, 0xff, 0x70, 0x0, 0x0,
    0x9, 0xff, 0xff, 0x80, 0xe, 0xff, 0xfe, 0x0,
    0x0, 0x0, 0x0, 0xef, 0xff, 0xd0, 0x3f, 0xff,
    0xf8, 0x0, 0x0, 0x0, 0x0, 0xaf, 0xff, 0xf1,
    0x5f, 0xff, 0xf5, 0x0, 0x0, 0x0, 0x0, 0x6f,
    0xff, 0xf4, 0x6f, 0xff, 0xf4, 0x0, 0x0, 0x0,
    0x0, 0x5f, 0xff, 0xf5, 0x6f, 0xff, 0xf4, 0x0,
    0x0, 0x0, 0x0, 0x5f, 0xff, 0xf5, 0x5f, 0xff,
    0xf5, 0x0, 0x0, 0x0, 0x0, 0x6f, 0xff, 0xf4,
    0x3f, 0xff, 0xf8, 0x0, 0x0, 0x0, 0x0, 0xaf,
    0xff, 0xf1, 0xf, 0xff, 0xfe, 0x0, 0x0, 0x0,
    0x0, 0xef, 0xff, 0xd0, 0x9, 0xff, 0xff, 0x70,
    0x0, 0x0, 0x9, 0xff, 0xff, 0x80, 0x2, 0xff,
    0xff, 0xf7, 0x0, 0x0, 0x8f, 0xff, 0xfe, 0x10,
    0x0, 0x6f, 0xff, 0xff, 0xfc, 0xcf, 0xff, 0xff,
    0xf5, 0x0, 0x0, 0x8, 0xff, 0xff, 0xff, 0xff,
    0xff, 0xff, 0x70, 0x0, 0x0, 0x0, 0x5f, 0xff,
    0xff, 0xff, 0xff, 0xe4, 0x0, 0x0, 0x0, 0x0,
    0x1, 0x6b, 0xef, 0xfe, 0xb6, 0x0, 0x0, 0x0,

    /* U+00F4 "ô" */
    0x0, 0x0, 0x0, 0x6, 0xff, 0xff, 0x40, 0x0,
    0x0, 0x0, 0x0, 0x0, 0x0, 0x5f, 0xff, 0xff,
    0xf4, 0x0, 0x0, 0x0, 0x0, 0x0, 0x5, 0xff,
    0xf9, 0xbf, 0xff, 0x30, 0x0, 0x0, 0x0, 0x0,
    0x5f, 0xff, 0xb0, 0xc, 0xff, 0xe3, 0x0, 0x0,
    0x0, 0x4, 0xff, 0xfd, 0x0, 0x1, 0xef, 0xfe,
    0x20, 0x0, 0x0, 0x0, 0x0, 0x0, 0x0, 0x0,
    0x0, 0x0, 0x0, 0x0, 0x0, 0x0, 0x0, 0x0,
    0x0, 0x0, 0x0, 0x0, 0x0, 0x0, 0x0, 0x0,
    0x0, 0x0, 0x0, 0x0, 0x0, 0x0, 0x0, 0x0,
    0x0, 0x0, 0x1, 0x6b, 0xef, 0xfe, 0xb6, 0x0,
    0x0, 0x0, 0x0, 0x0, 0x6f, 0xff, 0xff, 0xff,
    0xff, 0xe5, 0x0, 0x0, 0x0, 0x9, 0xff, 0xff,
    0xff, 0xff, 0xff, 0xff, 0x80, 0x0, 0x0, 0x7f,
    0xff, 0xff, 0xfc, 0xcf, 0xff, 0xff, 0xf6, 0x0,
    0x2, 0xff, 0xff, 0xf7, 0x0, 0x0, 0x8f, 0xff,
    0xff, 0x10, 0x9, 0xff, 0xff, 0x70, 0x0, 0x0,
    0x9, 0xff, 0xff, 0x80, 0xe, 0xff, 0xfe, 0x0,
    0x0, 0x0, 0x0, 0xef, 0xff, 0xd0, 0x3f, 0xff,
    0xf8, 0x0, 0x0, 0x0, 0x0, 0xaf, 0xff, 0xf1,
    0x5f, 0xff, 0xf5, 0x0, 0x0, 0x0, 0x0, 0x6f,
    0xff, 0xf4, 0x6f, 0xff, 0xf4, 0x0, 0x0, 0x0,
    0x0, 0x5f, 0xff, 0xf5, 0x6f, 0xff, 0xf4, 0x0,
    0x0, 0x0, 0x0, 0x5f, 0xff, 0xf5, 0x5f, 0xff,
    0xf5, 0x0, 0x0, 0x0, 0x0, 0x6f, 0xff, 0xf4,
    0x3f, 0xff, 0xf8, 0x0, 0x0, 0x0, 0x0, 0xaf,
    0xff, 0xf1, 0xf, 0xff, 0xfe, 0x0, 0x0, 0x0,
    0x0, 0xef, 0xff, 0xd0, 0x9, 0xff, 0xff, 0x70,
    0x0, 0x0, 0x9, 0xff, 0xff, 0x80, 0x2, 0xff,
    0xff, 0xf7, 0x0, 0x0, 0x8f, 0xff, 0xfe, 0x10,
    0x0, 0x6f, 0xff, 0xff, 0xfc, 0xcf, 0xff, 0xff,
    0xf5, 0x0, 0x0, 0x8, 0xff, 0xff, 0xff, 0xff,
    0xff, 0xff, 0x70, 0x0, 0x0, 0x0, 0x5f, 0xff,
    0xff, 0xff, 0xff, 0xe4, 0x0, 0x0, 0x0, 0x0,
    0x1, 0x6b, 0xef, 0xfe, 0xb6, 0x0, 0x0, 0x0,

    /* U+00F5 "õ" */
    0x0, 0x0, 0x1, 0x8b, 0x93, 0x0, 0xa, 0xb7,
    0x0, 0x0, 0x0, 0x0, 0xd, 0xff, 0xff, 0x91,
    0x4f, 0xf8, 0x0, 0x0, 0x0, 0x0, 0x6f, 0xff,
    0xff, 0xff, 0xff, 0xf4, 0x0, 0x0, 0x0, 0x0,
    0xaf, 0xf3, 0x2b, 0xff, 0xff, 0xc0, 0x0, 0x0,
    0x0, 0x0, 0x9c, 0xb0, 0x0, 0x4a, 0xb8, 0x0,
    0x0, 0x0, 0x0, 0x0, 0x0, 0x0, 0x0, 0x0,
    0x0, 0x0, 0x0, 0x0, 0x0, 0x0, 0x0, 0x0,
    0x0, 0x0, 0x0, 0x0, 0x0, 0x0, 0x0, 0x0,
    0x0, 0x0, 0x0, 0x0, 0x0, 0x0, 0x0, 0x0,
    0x0, 0x0, 0x1, 0x6b, 0xef, 0xfe, 0xb6, 0x0,
    0x0, 0x0, 0x0, 0x0, 0x6f, 0xff, 0xff, 0xff,
    0xff, 0xe5, 0x0, 0x0, 0x0, 0x9, 0xff, 0xff,
    0xff, 0xff, 0xff, 0xff, 0x80, 0x0, 0x0, 0x7f,
    0xff, 0xff, 0xfc, 0xcf, 0xff, 0xff, 0xf6, 0x0,
    0x2, 0xff, 0xff, 0xf7, 0x0, 0x0, 0x8f, 0xff,
    0xff, 0x10, 0x9, 0xff, 0xff, 0x70, 0x0, 0x0,
    0x9, 0xff, 0xff, 0x80, 0xe, 0xff, 0xfe, 0x0,
    0x0, 0x0, 0x0, 0xef, 0xff, 0xd0, 0x3f, 0xff,
    0xf8, 0x0, 0x0, 0x0, 0x0, 0xaf, 0xff, 0xf1,
    0x5f, 0xff, 0xf5, 0x0, 0x0, 0x0, 0x0, 0x6f,
    0xff, 0xf4, 0x6f, 0xff, 0xf4, 0x0, 0x0, 0x0,
    0x0, 0x5f, 0xff, 0xf5, 0x6f, 0xff, 0xf4, 0x0,
    0x0, 0x0, 0x0, 0x5f, 0xff, 0xf5, 0x5f, 0xff,
    0xf5, 0x0, 0x0, 0x0, 0x0, 0x6f, 0xff, 0xf4,
    0x3f, 0xff, 0xf8, 0x0, 0x0, 0x0, 0x0, 0xaf,
    0xff, 0xf1, 0xf, 0xff, 0xfe, 0x0, 0x0, 0x0,
    0x0, 0xef, 0xff, 0xd0, 0x9, 0xff, 0xff, 0x70,
    0x0, 0x0, 0x9, 0xff, 0xff, 0x80, 0x2, 0xff,
    0xff, 0xf7, 0x0, 0x0, 0x8f, 0xff, 0xfe, 0x10,
    0x0, 0x6f, 0xff, 0xff, 0xfc, 0xcf, 0xff, 0xff,
    0xf5, 0x0, 0x0, 0x8, 0xff, 0xff, 0xff, 0xff,
    0xff, 0xff, 0x70, 0x0, 0x0, 0x0, 0x5f, 0xff,
    0xff, 0xff, 0xff, 0xe4, 0x0, 0x0, 0x0, 0x0,
    0x1, 0x6b, 0xef, 0xfe, 0xb6, 0x0, 0x0, 0x0,

    /* U+00F6 "ö" */
    0x0, 0x0, 0x3b, 0xc5, 0x0, 0x0, 0x6c, 0xa2,
    0x0, 0x0, 0x0, 0x1, 0xef, 0xff, 0x30, 0x5,
    0xff, 0xfd, 0x0, 0x0, 0x0, 0x4, 0xff, 0xff,
    0x80, 0x9, 0xff, 0xff, 0x20, 0x0, 0x0, 0x1,
    0xff, 0xff, 0x50, 0x7, 0xff, 0xff, 0x0, 0x0,
    0x0, 0x0, 0x5e, 0xe8, 0x0, 0x0, 0x9f, 0xd4,
    0x0, 0x0, 0x0, 0x0, 0x0, 0x0, 0x0, 0x0,
    0x0, 0x0, 0x0, 0x0, 0x0, 0x0, 0x0, 0x0,
    0x0, 0x0, 0x0, 0x0, 0x0, 0x0, 0x0, 0x0,
    0x0, 0x0, 0x0, 0x0, 0x0, 0x0, 0x0, 0x0,
    0x0, 0x0, 0x1, 0x6b, 0xef, 0xfe, 0xb6, 0x0,
    0x0, 0x0, 0x0, 0x0, 0x6f, 0xff, 0xff, 0xff,
    0xff, 0xe5, 0x0, 0x0, 0x0, 0x9, 0xff, 0xff,
    0xff, 0xff, 0xff, 0xff, 0x80, 0x0, 0x0, 0x7f,
    0xff, 0xff, 0xfc, 0xcf, 0xff, 0xff, 0xf6, 0x0,
    0x2, 0xff, 0xff, 0xf7, 0x0, 0x0, 0x8f, 0xff,
    0xff, 0x10, 0x9, 0xff, 0xff, 0x70, 0x0, 0x0,
    0x9, 0xff, 0xff, 0x80, 0xe, 0xff, 0xfe, 0x0,
    0x0, 0x0, 0x0, 0xef, 0xff, 0xd0, 0x3f, 0xff,
    0xf8, 0x0, 0x0, 0x0, 0x0, 0xaf, 0xff, 0xf1,
    0x5f, 0xff, 0xf5, 0x0, 0x0, 0x0, 0x0, 0x6f,
    0xff, 0xf4, 0x6f, 0xff, 0xf4, 0x0, 0x0, 0x0,
    0x0, 0x5f, 0xff, 0xf5, 0x6f, 0xff, 0xf4, 0x0,
    0x0, 0x0, 0x0, 0x5f, 0xff, 0xf5, 0x5f, 0xff,
    0xf5, 0x0, 0x0, 0x0, 0x0, 0x6f, 0xff, 0xf4,
    0x3f, 0xff, 0xf8, 0x0, 0x0, 0x0, 0x0, 0xaf,
    0xff, 0xf1, 0xf, 0xff, 0xfe, 0x0, 0x0, 0x0,
    0x0, 0xef, 0xff, 0xd0, 0x9, 0xff, 0xff, 0x70,
    0x0, 0x0, 0x9, 0xff, 0xff, 0x80, 0x2, 0xff,
    0xff, 0xf7, 0x0, 0x0, 0x8f, 0xff, 0xfe, 0x10,
    0x0, 0x6f, 0xff, 0xff, 0xfc, 0xcf, 0xff, 0xff,
    0xf5, 0x0, 0x0, 0x8, 0xff, 0xff, 0xff, 0xff,
    0xff, 0xff, 0x70, 0x0, 0x0, 0x0, 0x5f, 0xff,
    0xff, 0xff, 0xff, 0xe4, 0x0, 0x0, 0x0, 0x0,
    0x1, 0x6b, 0xef, 0xfe, 0xb6, 0x0, 0x0, 0x0,

    /* U+00F7 "÷" */
    0x0, 0x0, 0x0, 0x6, 0xee, 0x80, 0x0, 0x0,
    0x0, 0x0, 0x0, 0x0, 0x5f, 0xff, 0xf8, 0x0,
    0x0, 0x0, 0x0, 0x0, 0x0, 0xaf, 0xff, 0xfd,
    0x0, 0x0, 0x0, 0x0, 0x0, 0x0, 0x8f, 0xff,
    0xfc, 0x0, 0x0, 0x0, 0x0, 0x0, 0x0, 0x1e,
    0xff, 0xf4, 0x0, 0x0, 0x0, 0x0, 0x0, 0x0,
    0x1, 0x78, 0x20, 0x0, 0x0, 0x0, 0x0, 0x0,
    0x0, 0x0, 0x0, 0x0, 0x0, 0x0, 0x0, 0x0,
    0x0, 0x0, 0x0, 0x0, 0x0, 0x0, 0x0, 0x0,
    0x8f, 0xff, 0xff, 0xff, 0xff, 0xff, 0xff, 0xff,
    0xfc, 0x8f, 0xff, 0xff, 0xff, 0xff, 0xff, 0xff,
    0xff, 0xfc, 0x8f, 0xff, 0xff, 0xff, 0xff, 0xff,
    0xff, 0xff, 0xfc, 0x7d, 0xdd, 0xdd, 0xdd, 0xdd,
    0xdd, 0xdd, 0xdd, 0xda, 0x0, 0x0, 0x0, 0x0,
    0x0, 0x0, 0x0, 0x0, 0x0, 0x0, 0x0, 0x0,
    0x0, 0x0, 0x0, 0x0, 0x0, 0x0, 0x0, 0x0,
    0x0, 0x6, 0xee, 0x80, 0x0, 0x0, 0x0, 0x0,
    0x0, 0x0, 0x5f, 0xff, 0xf8, 0x0, 0x0, 0x0,
    0x0, 0x0, 0x0, 0xaf, 0xff, 0xfd, 0x0, 0x0,
    0x0, 0x0, 0x0, 0x0, 0x8f, 0xff, 0xfb, 0x0,
    0x0, 0x0, 0x0, 0x0, 0x0, 0x1e, 0xff, 0xf4,
    0x0, 0x0, 0x0, 0x0, 0x0, 0x0, 0x1, 0x78,
    0x20, 0x0, 0x0, 0x0,

    /* U+00F8 "ø" */
    0x0, 0x0, 0x0, 0x0, 0x0, 0x0, 0x0, 0x0,
    0x4, 0x0, 0x0, 0x0, 0x1, 0x6b, 0xef, 0xfe,
    0xb6, 0x0, 0x5f, 0xb1, 0x0, 0x0, 0x6f, 0xff,
    0xff, 0xff, 0xff, 0xe9, 0xff, 0xe2, 0x0, 0x9,
    0xff, 0xff, 0xff, 0xff, 0xff, 0xff, 0xff, 0x30,
    0x0, 0x7f, 0xff, 0xff, 0xfc, 0xcf, 0xff, 0xff,
    0xfb, 0x0, 0x2, 0xff, 0xff, 0xf7, 0x0, 0x0,
    0x9f, 0xff, 0xff, 0x10, 0x9, 0xff, 0xff, 0x70,
    0x0, 0x0, 0xaf, 0xff, 0xff, 0x80, 0xe, 0xff,
    0xfe, 0x0, 0x0, 0x8, 0xff, 0xff, 0xff, 0xd0,
    0x3f, 0xff, 0xf8, 0x0, 0x0, 0x6f, 0xfc, 0xaf,
    0xff, 0xf1, 0x5f, 0xff, 0xf5, 0x0, 0x4, 0xff,
    0xe1, 0x6f, 0xff, 0xf4, 0x6f, 0xff, 0xf4, 0x0,
    0x3f, 0xff, 0x20, 0x5f, 0xff, 0xf5, 0x6f, 0xff,
    0xf4, 0x1, 0xef, 0xf4, 0x0, 0x5f, 0xff, 0xf5,
    0x5f, 0xff, 0xf5, 0x1d, 0xff, 0x60, 0x0, 0x6f,
    0xff, 0xf4, 0x3f, 0xff, 0xf9, 0xbf, 0xf8, 0x0,
    0x0, 0xaf, 0xff, 0xf1, 0xf, 0xff, 0xff, 0xff,
    0xa0, 0x0, 0x0, 0xef, 0xff, 0xd0, 0x9, 0xff,
    0xff, 0xfb, 0x0, 0x0, 0x9, 0xff, 0xff, 0x80,
    0x2, 0xff, 0xff, 0xf8, 0x0, 0x0, 0x8f, 0xff,
    0xfe, 0x10, 0x0, 0xaf, 0xff, 0xff, 0xfc, 0xcf,
    0xff, 0xff, 0xf5, 0x0, 0x2, 0xff, 0xff, 0xff,
    0xff, 0xff, 0xff, 0xff, 0x70, 0x0, 0x1e, 0xff,
    0xaf, 0xff, 0xff, 0xff, 0xff, 0xe4, 0x0, 0x0,
    0x3e, 0xf6, 0x1, 0x6b, 0xef, 0xfe, 0xb6, 0x0,
    0x0, 0x0, 0x2, 0x70, 0x0, 0x0, 0x0, 0x0,
    0x0, 0x0, 0x0, 0x0,

    /* U+00F9 "ù" */
    0x0, 0x0, 0xcf, 0xff, 0x80, 0x0, 0x0, 0x0,
    0x0, 0x0, 0x0, 0x2f, 0xff, 0xe0, 0x0, 0x0,
    0x0, 0x0, 0x0, 0x0, 0x8, 0xff, 0xf6, 0x0,
    0x0, 0x0, 0x0, 0x0, 0x0, 0x0, 0xdf, 0xfd,
    0x0, 0x0, 0x0, 0x0, 0x0, 0x0, 0x0, 0x3f,
    0xff, 0x50, 0x0, 0x0, 0x0, 0x0, 0x0, 0x0,
    0x4, 0x66, 0x40, 0x0, 0x0, 0x0, 0x0, 0x0,
    0x0, 0x0, 0x0, 0x0, 0x0, 0x0, 0x0, 0x0,
    0x0, 0x0, 0x0, 0x0, 0x0, 0x0, 0x0, 0x0,
    0x9f, 0xff, 0xf0, 0x0, 0x0, 0x0, 0xf, 0xff,
    0xfa, 0x9f, 0xff, 0xf0, 0x0, 0x0, 0x0, 0xf,
    0xff, 0xfa, 0x9f, 0xff, 0xf0, 0x0, 0x0, 0x0,
    0xf, 0xff, 0xfa, 0x9f, 0xff, 0xf0, 0x0, 0x0,
    0x0, 0xf, 0xff, 0xfa, 0x9f, 0xff, 0xf0, 0x0,
    0x0, 0x0, 0xf, 0xff, 0xfa, 0x9f, 0xff, 0xf0,
    0x0, 0x0, 0x0, 0xf, 0xff, 0xfa, 0x9f, 0xff,
    0xf0, 0x0, 0x0, 0x0, 0xf, 0xff, 0xfa, 0x9f,
    0xff, 0xf0, 0x0, 0x0, 0x0, 0xf, 0xff, 0xfa,
    0x9f, 0xff, 0xf0, 0x0, 0x0, 0x0, 0xf, 0xff,
    0xfa, 0x9f, 0xff, 0xf0, 0x0, 0x0, 0x0, 0xf,
    0xff, 0xfa, 0x9f, 0xff, 0xf0, 0x0, 0x0, 0x0,
    0xf, 0xff, 0xfa, 0x9f, 0xff, 0xf0, 0x0, 0x0,
    0x0, 0xf, 0xff, 0xfa, 0x9f, 0xff, 0xf0, 0x0,
    0x0, 0x0, 0xf, 0xff, 0xfa, 0x8f, 0xff, 0xf3,
    0x0, 0x0, 0x0, 0x4f, 0xff, 0xfa, 0x6f, 0xff,
    0xfb, 0x0, 0x0, 0x0, 0xcf, 0xff, 0xfa, 0x2f,
    0xff, 0xff, 0xa1, 0x0, 0x3c, 0xff, 0xff, 0xfa,
    0xc, 0xff, 0xff, 0xff, 0xef, 0xff, 0xdc, 0xff,
    0xfa, 0x3, 0xff, 0xff, 0xff, 0xff, 0xff, 0x4b,
    0xff, 0xfa, 0x0, 0x4f, 0xff, 0xff, 0xff, 0xf6,
    0xb, 0xff, 0xfa, 0x0, 0x1, 0x8c, 0xff, 0xd9,
    0x20, 0xb, 0xff, 0xfa,

    /* U+00FA "ú" */
    0x0, 0x0, 0x0, 0x0, 0x8, 0xff, 0xfc, 0x0,
    0x0, 0x0, 0x0, 0x0, 0x0, 0xe, 0xff, 0xf3,
    0x0, 0x0, 0x0, 0x0, 0x0, 0x0, 0x6f, 0xff,
    0x80, 0x0, 0x0, 0x0, 0x0, 0x0, 0x0, 0xdf,
    0xfd, 0x0, 0x0, 0x0, 0x0, 0x0, 0x0, 0x5,
    0xff, 0xf3, 0x0, 0x0, 0x0, 0x0, 0x0, 0x0,
    0x4, 0x66, 0x40, 0x0, 0x0, 0x0, 0x0, 0x0,
    0x0, 0x0, 0x0, 0x0, 0x0, 0x0, 0x0, 0x0,
    0x0, 0x0, 0x0, 0x0, 0x0, 0x0, 0x0, 0x0,
    0x9f, 0xff, 0xf0, 0x0, 0x0, 0x0, 0xf, 0xff,
    0xfa, 0x9f, 0xff, 0xf0, 0x0, 0x0, 0x0, 0xf,
    0xff, 0xfa, 0x9f, 0xff, 0xf0, 0x0, 0x0, 0x0,
    0xf, 0xff, 0xfa, 0x9f, 0xff, 0xf0, 0x0, 0x0,
    0x0, 0xf, 0xff, 0xfa, 0x9f, 0xff, 0xf0, 0x0,
    0x0, 0x0, 0xf, 0xff, 0xfa, 0x9f, 0xff, 0xf0,
    0x0, 0x0, 0x0, 0xf, 0xff, 0xfa, 0x9f, 0xff,
    0xf0, 0x0, 0x0, 0x0, 0xf, 0xff, 0xfa, 0x9f,
    0xff, 0xf0, 0x0, 0x0, 0x0, 0xf, 0xff, 0xfa,
    0x9f, 0xff, 0xf0, 0x0, 0x0, 0x0, 0xf, 0xff,
    0xfa, 0x9f, 0xff, 0xf0, 0x0, 0x0, 0x0, 0xf,
    0xff, 0xfa, 0x9f, 0xff, 0xf0, 0x0, 0x0, 0x0,
    0xf, 0xff, 0xfa, 0x9f, 0xff, 0xf0, 0x0, 0x0,
    0x0, 0xf, 0xff, 0xfa, 0x9f, 0xff, 0xf0, 0x0,
    0x0, 0x0, 0xf, 0xff, 0xfa, 0x8f, 0xff, 0xf3,
    0x0, 0x0, 0x0, 0x4f, 0xff, 0xfa, 0x6f, 0xff,
    0xfb, 0x0, 0x0, 0x0, 0xcf, 0xff, 0xfa, 0x2f,
    0xff, 0xff, 0xa1, 0x0, 0x3c, 0xff, 0xff, 0xfa,
    0xc, 0xff, 0xff, 0xff, 0xef, 0xff, 0xdc, 0xff,
    0xfa, 0x3, 0xff, 0xff, 0xff, 0xff, 0xff, 0x4b,
    0xff, 0xfa, 0x0, 0x4f, 0xff, 0xff, 0xff, 0xf6,
    0xb, 0xff, 0xfa, 0x0, 0x1, 0x8c, 0xff, 0xd9,
    0x20, 0xb, 0xff, 0xfa,

    /* U+00FB "û" */
    0x0, 0x0, 0x0, 0x4f, 0xff, 0xf5, 0x0, 0x0,
    0x0, 0x0, 0x0, 0x3, 0xff, 0xff, 0xff, 0x30,
    0x0, 0x0, 0x0, 0x0, 0x2e, 0xff, 0xdc, 0xff,
    0xe2, 0x0, 0x0, 0x0, 0x1, 0xdf, 0xfe, 0x21,
    0xef, 0xfd, 0x0, 0x0, 0x0, 0xc, 0xff, 0xf4,
    0x0, 0x4f, 0xff, 0xb0, 0x0, 0x0, 0x38, 0x88,
    0x50, 0x0, 0x5, 0x88, 0x83, 0x0, 0x0, 0x0,
    0x0, 0x0, 0x0, 0x0, 0x0, 0x0, 0x0, 0x0,
    0x0, 0x0, 0x0, 0x0, 0x0, 0x0, 0x0, 0x0,
    0x9f, 0xff, 0xf0, 0x0, 0x0, 0x0, 0xf, 0xff,
    0xfa, 0x9f, 0xff, 0xf0, 0x0, 0x0, 0x0, 0xf,
    0xff, 0xfa, 0x9f, 0xff, 0xf0, 0x0, 0x0, 0x0,
    0xf, 0xff, 0xfa, 0x9f, 0xff, 0xf0, 0x0, 0x0,
    0x0, 0xf, 0xff, 0xfa, 0x9f, 0xff, 0xf0, 0x0,
    0x0, 0x0, 0xf, 0xff, 0xfa, 0x9f, 0xff, 0xf0,
    0x0, 0x0, 0x0, 0xf, 0xff, 0xfa, 0x9f, 0xff,
    0xf0, 0x0, 0x0, 0x0, 0xf, 0xff, 0xfa, 0x9f,
    0xff, 0xf0, 0x0, 0x0, 0x0, 0xf, 0xff, 0xfa,
    0x9f, 0xff, 0xf0, 0x0, 0x0, 0x0, 0xf, 0xff,
    0xfa, 0x9f, 0xff, 0xf0, 0x0, 0x0, 0x0, 0xf,
    0xff, 0xfa, 0x9f, 0xff, 0xf0, 0x0, 0x0, 0x0,
    0xf, 0xff, 0xfa, 0x9f, 0xff, 0xf0, 0x0, 0x0,
    0x0, 0xf, 0xff, 0xfa, 0x9f, 0xff, 0xf0, 0x0,
    0x0, 0x0, 0xf, 0xff, 0xfa, 0x8f, 0xff, 0xf3,
    0x0, 0x0, 0x0, 0x4f, 0xff, 0xfa, 0x6f, 0xff,
    0xfb, 0x0, 0x0, 0x0, 0xcf, 0xff, 0xfa, 0x2f,
    0xff, 0xff, 0xa1, 0x0, 0x3c, 0xff, 0xff, 0xfa,
    0xc, 0xff, 0xff, 0xff, 0xef, 0xff, 0xdc, 0xff,
    0xfa, 0x3, 0xff, 0xff, 0xff, 0xff, 0xff, 0x4b,
    0xff, 0xfa, 0x0, 0x4f, 0xff, 0xff, 0xff, 0xf6,
    0xb, 0xff, 0xfa, 0x0, 0x1, 0x8c, 0xff, 0xd9,
    0x20, 0xb, 0xff, 0xfa,

    /* U+00FC "ü" */
    0x0, 0x2, 0xac, 0x60, 0x0, 0x5, 0xcb, 0x20,
    0x0, 0x0, 0xe, 0xff, 0xf4, 0x0, 0x4f, 0xff,
    0xe0, 0x0, 0x0, 0x3f, 0xff, 0xf9, 0x0, 0x8f,
    0xff, 0xf3, 0x0, 0x0, 0x1f, 0xff, 0xf6, 0x0,
    0x6f, 0xff, 0xf1, 0x0, 0x0, 0x4, 0xde, 0x80,
    0x0, 0x8, 0xed, 0x50, 0x0, 0x0, 0x0, 0x0,
    0x0, 0x0, 0x0, 0x0, 0x0, 0x0, 0x0, 0x0,
    0x0, 0x0, 0x0, 0x0, 0x0, 0x0, 0x0, 0x0,
    0x0, 0x0, 0x0, 0x0, 0x0, 0x0, 0x0, 0x0,
    0x9f, 0xff, 0xf0, 0x0, 0x0, 0x0, 0xf, 0xff,
    0xfa, 0x9f, 0xff, 0xf0, 0x0, 0x0, 0x0, 0xf,
    0xff, 0xfa, 0x9f, 0xff, 0xf0, 0x0, 0x0, 0x0,
    0xf, 0xff, 0xfa, 0x9f, 0xff, 0xf0, 0x0, 0x0,
    0x0, 0xf, 0xff, 0xfa, 0x9f, 0xff, 0xf0, 0x0,
    0x0, 0x0, 0xf, 0xff, 0xfa, 0x9f, 0xff, 0xf0,
    0x0, 0x0, 0x0, 0xf, 0xff, 0xfa, 0x9f, 0xff,
    0xf0, 0x0, 0x0, 0x0, 0xf, 0xff, 0xfa, 0x9f,
    0xff, 0xf0, 0x0, 0x0, 0x0, 0xf, 0xff, 0xfa,
    0x9f, 0xff, 0xf0, 0x0, 0x0, 0x0, 0xf, 0xff,
    0xfa, 0x9f, 0xff, 0xf0, 0x0, 0x0, 0x0, 0xf,
    0xff, 0xfa, 0x9f, 0xff, 0xf0, 0x0, 0x0, 0x0,
    0xf, 0xff, 0xfa, 0x9f, 0xff, 0xf0, 0x0, 0x0,
    0x0, 0xf, 0xff, 0xfa, 0x9f, 0xff, 0xf0, 0x0,
    0x0, 0x0, 0xf, 0xff, 0xfa, 0x8f, 0xff, 0xf3,
    0x0, 0x0, 0x0, 0x4f, 0xff, 0xfa, 0x6f, 0xff,
    0xfb, 0x0, 0x0, 0x0, 0xcf, 0xff, 0xfa, 0x2f,
    0xff, 0xff, 0xa1, 0x0, 0x3c, 0xff, 0xff, 0xfa,
    0xc, 0xff, 0xff, 0xff, 0xef, 0xff, 0xdc, 0xff,
    0xfa, 0x3, 0xff, 0xff, 0xff, 0xff, 0xff, 0x4b,
    0xff, 0xfa, 0x0, 0x4f, 0xff, 0xff, 0xff, 0xf6,
    0xb, 0xff, 0xfa, 0x0, 0x1, 0x8c, 0xff, 0xd9,
    0x20, 0xb, 0xff, 0xfa,

    /* U+00FD "ý" */
    0x0, 0x0, 0x0, 0x0, 0x0, 0xd, 0xff, 0xf6,
    0x0, 0x0, 0x0, 0x0, 0x0, 0x0, 0x0, 0x5,
    0xff, 0xfc, 0x0, 0x0, 0x0, 0x0, 0x0, 0x0,
    0x0, 0x0, 0xcf, 0xff, 0x20, 0x0, 0x0, 0x0,
    0x0, 0x0, 0x0, 0x0, 0x3f, 0xff, 0x70, 0x0,
    0x0, 0x0, 0x0, 0x0, 0x0, 0x0, 0xb, 0xff,
    0xc0, 0x0, 0x0, 0x0, 0x0, 0x0, 0x0, 0x0,
    0x0, 0x66, 0x62, 0x0, 0x0, 0x0, 0x0, 0x0,
    0x0, 0x0, 0x0, 0x0, 0x0, 0x0, 0x0, 0x0,
    0x0, 0x0, 0x0, 0x0, 0x0, 0x0, 0x0, 0x0,
    0x0, 0x0, 0x0, 0x0, 0x2f, 0xff, 0xfb, 0x0,
    0x0, 0x0, 0x0, 0x8, 0xff, 0xff, 0x40, 0xbf,
    0xff, 0xf1, 0x0, 0x0, 0x0, 0x0, 0xdf, 0xff,
    0xe0, 0x5, 0xff, 0xff, 0x60, 0x0, 0x0, 0x0,
    0x3f, 0xff, 0xf8, 0x0, 0xf, 0xff, 0xfc, 0x0,
    0x0, 0x0, 0x9, 0xff, 0xff, 0x20, 0x0, 0x9f,
    0xff, 0xf1, 0x0, 0x0, 0x0, 0xef, 0xff, 0xc0,
    0x0, 0x3, 0xff, 0xff, 0x60, 0x0, 0x0, 0x4f,
    0xff, 0xf6, 0x0, 0x0, 0xd, 0xff, 0xfc, 0x0,
    0x0, 0x9, 0xff, 0xff, 0x0, 0x0, 0x0, 0x7f,
    0xff, 0xf1, 0x0, 0x0, 0xef, 0xff, 0xa0, 0x0,
    0x0, 0x1, 0xff, 0xff, 0x60, 0x0, 0x4f, 0xff,
    0xf3, 0x0, 0x0, 0x0, 0xb, 0xff, 0xfc, 0x0,
    0xa, 0xff, 0xfd, 0x0, 0x0, 0x0, 0x0, 0x5f,
    0xff, 0xf1, 0x0, 0xff, 0xff, 0x70, 0x0, 0x0,
    0x0, 0x0, 0xef, 0xff, 0x60, 0x5f, 0xff, 0xf1,
    0x0, 0x0, 0x0, 0x0, 0x9, 0xff, 0xfb, 0x9,
    0xff, 0xfb, 0x0, 0x0, 0x0, 0x0, 0x0, 0x3f,
    0xff, 0xf0, 0xef, 0xff, 0x50, 0x0, 0x0, 0x0,
    0x0, 0x0, 0xdf, 0xff, 0x6f, 0xff, 0xe0, 0x0,
    0x0, 0x0, 0x0, 0x0, 0x7, 0xff, 0xfd, 0xff,
    0xf9, 0x0, 0x0, 0x0, 0x0, 0x0, 0x0, 0x1f,
    0xff, 0xff, 0xff, 0x30, 0x0, 0x0, 0x0, 0x0,
    0x0, 0x0, 0xbf, 0xff, 0xff, 0xc0, 0x0, 0x0,
    0x0, 0x0, 0x0, 0x0, 0x5, 0xff, 0xff, 0xf6,
    0x0, 0x0, 0x0, 0x0, 0x0, 0x0, 0x0, 0xf,
    0xff, 0xff, 0x10, 0x0, 0x0, 0x0, 0x0, 0x0,
    0x0, 0x1, 0xff, 0xff, 0xa0, 0x0, 0x0, 0x0,
    0x0, 0x0, 0x0, 0x0, 0x5f, 0xff, 0xf4, 0x0,
    0x0, 0x0, 0x0, 0x0, 0x0, 0x0, 0x1d, 0xff,
    0xfd, 0x0, 0x0, 0x0, 0x0, 0x0, 0x0, 0xcc,
    0xcf, 0xff, 0xff, 0x50, 0x0, 0x0, 0x0, 0x0,
    0x0, 0x2f, 0xff, 0xff, 0xff, 0xb0, 0x0, 0x0,
    0x0, 0x0, 0x0, 0x7, 0xff, 0xff, 0xff, 0xb0,
    0x0, 0x0, 0x0, 0x0, 0x0, 0x0, 0x7d, 0xff,
    0xeb, 0x50, 0x0, 0x0, 0x0, 0x0, 0x0, 0x0,

    /* U+00FE "þ" */
    0x9f, 0xff, 0xf0, 0x0, 0x0, 0x0, 0x0, 0x0,
    0x0, 0x9, 0xff, 0xff, 0x0, 0x0, 0x0, 0x0,
    0x0, 0x0, 0x0, 0x9f, 0xff, 0xf0, 0x0, 0x0,
    0x0, 0x0, 0x0, 0x0, 0x9, 0xff, 0xff, 0x0,
    0x0, 0x0, 0x0, 0x0, 0x0, 0x0, 0x9f, 0xff,
    0xf0, 0x0, 0x0, 0x0, 0x0, 0x0, 0x0, 0x9,
    0xff, 0xff, 0x0, 0x0, 0x0, 0x0, 0x0, 0x0,
    0x0, 0x9f, 0xff, 0xf0, 0x2, 0x9d, 0xff, 0xc8,
    0x10, 0x0, 0x9, 0xff, 0xff, 0x5, 0xff, 0xff,
    0xff, 0xff, 0x60, 0x0, 0x9f, 0xff, 0xf3, 0xff,
    0xff, 0xff, 0xff, 0xff, 0x70, 0x9, 0xff, 0xff,
    0xdf, 0xfe, 0xce, 0xff, 0xff, 0xff, 0x30, 0x9f,
    0xff, 0xff, 0xe4, 0x0, 0x3, 0xdf, 0xff, 0xfc,
    0x9, 0xff, 0xff, 0xf2, 0x0, 0x0, 0x1, 0xef,
    0xff, 0xf3, 0x9f, 0xff, 0xf8, 0x0, 0x0, 0x0,
    0x7, 0xff, 0xff, 0x89, 0xff, 0xff, 0x30, 0x0,
    0x0, 0x0, 0x1f, 0xff, 0xfb, 0x9f, 0xff, 0xf0,
    0x0, 0x0, 0x0, 0x0, 0xef, 0xff, 0xd9, 0xff,
    0xfe, 0x0, 0x0, 0x0, 0x0, 0xc, 0xff, 0xfe,
    0x9f, 0xff, 0xe0, 0x0, 0x0, 0x0, 0x0, 0xdf,
    0xff, 0xe9, 0xff, 0xff, 0x0, 0x0, 0x0, 0x0,
    0xe, 0xff, 0xfd, 0x9f, 0xff, 0xf3, 0x0, 0x0,
    0x0, 0x1, 0xff, 0xff, 0xb9, 0xff, 0xff, 0x90,
    0x0, 0x0, 0x0, 0x7f, 0xff, 0xf8, 0x9f, 0xff,
    0xff, 0x20, 0x0, 0x0, 0x1e, 0xff, 0xff, 0x39,
    0xff, 0xff, 0xfe, 0x40, 0x0, 0x3d, 0xff, 0xff,
    0xc0, 0x9f, 0xff, 0xfd, 0xff, 0xec, 0xef, 0xff,
    0xff, 0xf3, 0x9, 0xff, 0xff, 0x3f, 0xff, 0xff,
    0xff, 0xff, 0xf7, 0x0, 0x9f, 0xff, 0xf0, 0x5f,
    0xff, 0xff, 0xff, 0xf6, 0x0, 0x9, 0xff, 0xff,
    0x0, 0x29, 0xdf, 0xfd, 0x81, 0x0, 0x0, 0x9f,
    0xff, 0xf0, 0x0, 0x0, 0x0, 0x0, 0x0, 0x0,
    0x9, 0xff, 0xff, 0x0, 0x0, 0x0, 0x0, 0x0,
    0x0, 0x0, 0x9f, 0xff, 0xf0, 0x0, 0x0, 0x0,
    0x0, 0x0, 0x0, 0x9, 0xff, 0xff, 0x0, 0x0,
    0x0, 0x0, 0x0, 0x0, 0x0, 0x9f, 0xff, 0xf0,
    0x0, 0x0, 0x0, 0x0, 0x0, 0x0, 0x9, 0xff,
    0xff, 0x0, 0x0, 0x0, 0x0, 0x0, 0x0, 0x0,
    0x9f, 0xff, 0xf0, 0x0, 0x0, 0x0, 0x0, 0x0,
    0x0, 0x0,

    /* U+00FF "ÿ" */
    0x0, 0x0, 0x9, 0xed, 0x40, 0x0, 0x2b, 0xfb,
    0x10, 0x0, 0x0, 0x0, 0x6, 0xff, 0xff, 0x10,
    0xc, 0xff, 0xfa, 0x0, 0x0, 0x0, 0x0, 0x9f,
    0xff, 0xf3, 0x0, 0xff, 0xff, 0xd0, 0x0, 0x0,
    0x0, 0x5, 0xff, 0xfe, 0x0, 0xa, 0xff, 0xf9,
    0x0, 0x0, 0x0, 0x0, 0x6, 0xca, 0x20, 0x0,
    0x19, 0xc8, 0x0, 0x0, 0x0, 0x0, 0x0, 0x0,
    0x0, 0x0, 0x0, 0x0, 0x0, 0x0, 0x0, 0x0,
    0x0, 0x0, 0x0, 0x0, 0x0, 0x0, 0x0, 0x0,
    0x0, 0x0, 0x0, 0x0, 0x0, 0x0, 0x0, 0x0,
    0x0, 0x0, 0x0, 0x0, 0x2f, 0xff, 0xfb, 0x0,
    0x0, 0x0, 0x0, 0x8, 0xff, 0xff, 0x40, 0xbf,
    0xff, 0xf1, 0x0, 0x0, 0x0, 0x0, 0xdf, 0xff,
    0xe0, 0x5, 0xff, 0xff, 0x60, 0x0, 0x0, 0x0,
    0x3f, 0xff, 0xf8, 0x0, 0xf, 0xff, 0xfc, 0x0,
    0x0, 0x0, 0x9, 0xff, 0xff, 0x20, 0x0, 0x9f,
    0xff, 0xf1, 0x0, 0x0, 0x0, 0xef, 0xff, 0xc0,
    0x0, 0x3, 0xff, 0xff, 0x60, 0x0, 0x0, 0x4f,
    0xff, 0xf6, 0x0, 0x0, 0xd, 0xff, 0xfc, 0x0,
    0x0, 0x9, 0xff, 0xff, 0x0, 0x0, 0x0, 0x7f,
    0xff, 0xf1, 0x0, 0x0, 0xef, 0xff, 0xa0, 0x0,
    0x0, 0x1, 0xff, 0xff, 0x60, 0x0, 0x4f, 0xff,
    0xf3, 0x0, 0x0, 0x0, 0xb, 0xff, 0xfc, 0x0,
    0xa, 0xff, 0xfd, 0x0, 0x0, 0x0, 0x0, 0x5f,
    0xff, 0xf1, 0x0, 0xff, 0xff, 0x70, 0x0, 0x0,
    0x0, 0x0, 0xef, 0xff, 0x60, 0x5f, 0xff, 0xf1,
    0x0, 0x0, 0x0, 0x0, 0x9, 0xff, 0xfb, 0x9,
    0xff, 0xfb, 0x0, 0x0, 0x0, 0x0, 0x0, 0x3f,
    0xff, 0xf0, 0xef, 0xff, 0x50, 0x0, 0x0, 0x0,
    0x0, 0x0, 0xdf, 0xff, 0x6f, 0xff, 0xe0, 0x0,
    0x0, 0x0, 0x0, 0x0, 0x7, 0xff, 0xfd, 0xff,
    0xf9, 0x0, 0x0, 0x0, 0x0, 0x0, 0x0, 0x1f,
    0xff, 0xff, 0xff, 0x30, 0x0, 0x0, 0x0, 0x0,
    0x0, 0x0, 0xbf, 0xff, 0xff, 0xc0, 0x0, 0x0,
    0x0, 0x0, 0x0, 0x0, 0x5, 0xff, 0xff, 0xf6,
    0x0, 0x0, 0x0, 0x0, 0x0, 0x0, 0x0, 0xf,
    0xff, 0xff, 0x10, 0x0, 0x0, 0x0, 0x0, 0x0,
    0x0, 0x1, 0xff, 0xff, 0xa0, 0x0, 0x0, 0x0,
    0x0, 0x0, 0x0, 0x0, 0x5f, 0xff, 0xf4, 0x0,
    0x0, 0x0, 0x0, 0x0, 0x0, 0x0, 0x1d, 0xff,
    0xfd, 0x0, 0x0, 0x0, 0x0, 0x0, 0x0, 0xcc,
    0xcf, 0xff, 0xff, 0x50, 0x0, 0x0, 0x0, 0x0,
    0x0, 0x2f, 0xff, 0xff, 0xff, 0xb0, 0x0, 0x0,
    0x0, 0x0, 0x0, 0x7, 0xff, 0xff, 0xff, 0xb0,
    0x0, 0x0, 0x0, 0x0, 0x0, 0x0, 0x7d, 0xff,
    0xeb, 0x50, 0x0, 0x0, 0x0, 0x0, 0x0, 0x0,

    /* U+0100 "Ā" */
    0x0, 0x0, 0x0, 0x0, 0x11, 0x11, 0x11, 0x11,
    0x11, 0x0, 0x0, 0x0, 0x0, 0x0, 0x0, 0x0,
    0x0, 0xff, 0xff, 0xff, 0xff, 0xff, 0x10, 0x0,
    0x0, 0x0, 0x0, 0x0, 0x0, 0x0, 0xff, 0xff,
    0xff, 0xff, 0xff, 0x10, 0x0, 0x0, 0x0, 0x0,
    0x0, 0x0, 0x0, 0xff, 0xff, 0xff, 0xff, 0xff,
    0x10, 0x0, 0x0, 0x0, 0x0, 0x0, 0x0, 0x0,
    0x0, 0x0, 0x0, 0x0, 0x0, 0x0, 0x0, 0x0,
    0x0, 0x0, 0x0, 0x0, 0x0, 0x0, 0x0, 0x0,
    0x0, 0x0, 0x0, 0x0, 0x0, 0x0, 0x0, 0x0,
    0x0, 0x0, 0x0, 0x0, 0x0, 0x0, 0x0, 0x0,
    0x0, 0x0, 0x0, 0x0, 0x0, 0x0, 0x0, 0x0,
    0x0, 0x0, 0x0, 0x0, 0x0, 0x0, 0x0, 0x0,
    0x0, 0x0, 0x0, 0x0, 0x2, 0xff, 0xff, 0xff,
    0x20, 0x0, 0x0, 0x0, 0x0, 0x0, 0x0, 0x0,
    0x0, 0x8, 0xff, 0xff, 0xff, 0x80, 0x0, 0x0,
    0x0, 0x0, 0x0, 0x0, 0x0, 0x0, 0xd, 0xff,
    0xff, 0xff, 0xe0, 0x0, 0x0, 0x0, 0x0, 0x0,
    0x0, 0x0, 0x0, 0x3f, 0xff, 0xff, 0xff, 0xf3,
    0x0, 0x0, 0x0, 0x0, 0x0, 0x0, 0x0, 0x0,
    0x9f, 0xff, 0xbd, 0xff, 0xf9, 0x0, 0x0, 0x0,
    0x0, 0x0, 0x0, 0x0, 0x0, 0xef, 0xff, 0x78,
    0xff, 0xfe, 0x0, 0x0, 0x0, 0x0, 0x0, 0x0,
    0x0, 0x4, 0xff, 0xff, 0x34, 0xff, 0xff, 0x50,
    0x0, 0x0, 0x0, 0x0, 0x0, 0x0, 0xa, 0xff,
    0xff, 0x0, 0xff, 0xff, 0xa0, 0x0, 0x0, 0x0,
    0x0, 0x0, 0x0, 0xf, 0xff, 0xfb, 0x0, 0xbf,
    0xff, 0xf1, 0x0, 0x0, 0x0, 0x0, 0x0, 0x0,
    0x5f, 0xff, 0xf6, 0x0, 0x6f, 0xff, 0xf6, 0x0,
    0x0, 0x0, 0x0, 0x0, 0x0, 0xaf, 0xff, 0xf2,
    0x0, 0x2f, 0xff, 0xfc, 0x0, 0x0, 0x0, 0x0,
    0x0, 0x0, 0xff, 0xff, 0xd0, 0x0, 0xd, 0xff,
    0xff, 0x10, 0x0, 0x0, 0x0, 0x0, 0x6, 0xff,
    0xff, 0x80, 0x0, 0x8, 0xff, 0xff, 0x70, 0x0,
    0x0, 0x0, 0x0, 0xb, 0xff, 0xff, 0x30, 0x0,
    0x3, 0xff, 0xff, 0xd0, 0x0, 0x0, 0x0, 0x0,
    0x1f, 0xff, 0xfe, 0x0, 0x0, 0x0, 0xdf, 0xff,
    0xf3, 0x0, 0x0, 0x0, 0x0, 0x7f, 0xff, 0xf9,
    0x0, 0x0, 0x0, 0x8f, 0xff, 0xf8, 0x0, 0x0,
    0x0, 0x0, 0xcf, 0xff, 0xff, 0xff, 0xff, 0xff,
    0xff, 0xff, 0xfe, 0x0, 0x0, 0x0, 0x2, 0xff,
    0xff, 0xff, 0xff, 0xff, 0xff, 0xff, 0xff, 0xff,
    0x40, 0x0, 0x0, 0x7, 0xff, 0xff, 0xff, 0xff,
    0xff, 0xff, 0xff, 0xff, 0xff, 0xa0, 0x0, 0x0,
    0xd, 0xff, 0xff, 0xdc, 0xcc, 0xcc, 0xcc, 0xcc,
    0xff, 0xff, 0xf0, 0x0, 0x0, 0x3f, 0xff, 0xfe,
    0x0, 0x0, 0x0, 0x0, 0x0, 0xcf, 0xff, 0xf5,
    0x0, 0x0, 0x8f, 0xff, 0xf9, 0x0, 0x0, 0x0,
    0x0, 0x0, 0x6f, 0xff, 0xfb, 0x0, 0x0, 0xef,
    0xff, 0xf3, 0x0, 0x0, 0x0, 0x0, 0x0, 0x1f,
    0xff, 0xff, 0x10, 0x4, 0xff, 0xff, 0xd0, 0x0,
    0x0, 0x0, 0x0, 0x0, 0xb, 0xff, 0xff, 0x60,
    0x9, 0xff, 0xff, 0x80, 0x0, 0x0, 0x0, 0x0,
    0x0, 0x5, 0xff, 0xff, 0xc0, 0xe, 0xff, 0xff,
    0x30, 0x0, 0x0, 0x0, 0x0, 0x0, 0x0, 0xff,
    0xff, 0xf2,

    /* U+0101 "ā" */
    0x0, 0x0, 0xdf, 0xff, 0xff, 0xff, 0xff, 0x30,
    0x0, 0x0, 0x0, 0xdf, 0xff, 0xff, 0xff, 0xff,
    0x30, 0x0, 0x0, 0x0, 0xdf, 0xff, 0xff, 0xff,
    0xff, 0x30, 0x0, 0x0, 0x0, 0x11, 0x11, 0x11,
    0x11, 0x11, 0x0, 0x0, 0x0, 0x0, 0x0, 0x0,
    0x0, 0x0, 0x0, 0x0, 0x0, 0x0, 0x0, 0x0,
    0x0, 0x0, 0x0, 0x0, 0x0, 0x0, 0x0, 0x0,
    0x6, 0xad, 0xff, 0xec, 0x82, 0x0, 0x0, 0x0,
    0x6, 0xef, 0xff, 0xff, 0xff, 0xff, 0x90, 0x0,
    0x0, 0x8f, 0xff, 0xff, 0xff, 0xff, 0xff, 0xfc,
    0x0, 0x5, 0xff, 0xff, 0xfd, 0x99, 0xbf, 0xff,
    0xff, 0x70, 0xd, 0xff, 0xff, 0x50, 0x0, 0x2,
    0xff, 0xff, 0xe0, 0x3, 0x6a, 0xd6, 0x0, 0x0,
    0x0, 0x8f, 0xff, 0xf1, 0x0, 0x0, 0x0, 0x0,
    0x0, 0x0, 0x5f, 0xff, 0xf3, 0x0, 0x0, 0x0,
    0x0, 0x0, 0x2, 0xbf, 0xff, 0xf4, 0x0, 0x0,
    0x4, 0x79, 0xbd, 0xff, 0xff, 0xff, 0xf4, 0x0,
    0x29, 0xff, 0xff, 0xff, 0xff, 0xff, 0xff, 0xf4,
    0x4, 0xef, 0xff, 0xff, 0xff, 0xfc, 0xaf, 0xff,
    0xf4, 0x1f, 0xff, 0xff, 0xd8, 0x42, 0x0, 0x4f,
    0xff, 0xf4, 0x6f, 0xff, 0xf6, 0x0, 0x0, 0x0,
    0x4f, 0xff, 0xf4, 0x9f, 0xff, 0xd0, 0x0, 0x0,
    0x0, 0x6f, 0xff, 0xf4, 0x9f, 0xff, 0xd0, 0x0,
    0x0, 0x0, 0xcf, 0xff, 0xf4, 0x7f, 0xff, 0xf4,
    0x0, 0x0, 0xa, 0xff, 0xff, 0xf4, 0x3f, 0xff,
    0xff, 0xb7, 0x69, 0xef, 0xff, 0xff, 0xf4, 0xa,
    0xff, 0xff, 0xff, 0xff, 0xff, 0x6f, 0xff, 0xf4,
    0x0, 0xaf, 0xff, 0xff, 0xff, 0xf6, 0x2f, 0xff,
    0xf4, 0x0, 0x4, 0xad, 0xff, 0xd9, 0x20, 0x2f,
    0xff, 0xf4,

    /* U+0102 "Ă" */
    0x0, 0x0, 0x0, 0x9, 0xff, 0x40, 0x0, 0x2,
    0xff, 0xb0, 0x0, 0x0, 0x0, 0x0, 0x0, 0x0,
    0x6, 0xff, 0xc1, 0x0, 0x1b, 0xff, 0x80, 0x0,
    0x0, 0x0, 0x0, 0x0, 0x0, 0x0, 0xdf, 0xff,
    0xcc, 0xff, 0xfe, 0x10, 0x0, 0x0, 0x0, 0x0,
    0x0, 0x0, 0x0, 0x2d, 0xff, 0xff, 0xff, 0xe3,
    0x0, 0x0, 0x0, 0x0, 0x0, 0x0, 0x0, 0x0,
    0x0, 0x7c, 0xff, 0xd8, 0x10, 0x0, 0x0, 0x0,
    0x0, 0x0, 0x0, 0x0, 0x0, 0x0, 0x0, 0x0,
    0x0, 0x0, 0x0, 0x0, 0x0, 0x0, 0x0, 0x0,
    0x0, 0x0, 0x0, 0x0, 0x0, 0x0, 0x0, 0x0,
    0x0, 0x0, 0x0, 0x0, 0x0, 0x0, 0x0, 0x0,
    0x0, 0x0, 0x0, 0x0, 0x0, 0x0, 0x0, 0x0,
    0x0, 0x0, 0x0, 0x0, 0x2, 0xff, 0xff, 0xff,
    0x20, 0x0, 0x0, 0x0, 0x0, 0x0, 0x0, 0x0,
    0x0, 0x8, 0xff, 0xff, 0xff, 0x80, 0x0, 0x0,
    0x0, 0x0, 0x0, 0x0, 0x0, 0x0, 0xd, 0xff,
    0xff, 0xff, 0xe0, 0x0, 0x0, 0x0, 0x0, 0x0,
    0x0, 0x0, 0x0, 0x3f, 0xff, 0xff, 0xff, 0xf3,
    0x0, 0x0, 0x0, 0x0, 0x0, 0x0, 0x0, 0x0,
    0x9f, 0xff, 0xbd, 0xff, 0xf9, 0x0, 0x0, 0x0,
    0x0, 0x0, 0x0, 0x0, 0x0, 0xef, 0xff, 0x78,
    0xff, 0xfe, 0x0, 0x0, 0x0, 0x0, 0x0, 0x0,
    0x0, 0x4, 0xff, 0xff, 0x34, 0xff, 0xff, 0x50,
    0x0, 0x0, 0x0, 0x0, 0x0, 0x0, 0xa, 0xff,
    0xff, 0x0, 0xff, 0xff, 0xa0, 0x0, 0x0, 0x0,
    0x0, 0x0, 0x0, 0xf, 0xff, 0xfb, 0x0, 0xbf,
    0xff, 0xf1, 0x0, 0x0, 0x0, 0x0, 0x0, 0x0,
    0x5f, 0xff, 0xf6, 0x0, 0x6f, 0xff, 0xf6, 0x0,
    0x0, 0x0, 0x0, 0x0, 0x0, 0xaf, 0xff, 0xf2,
    0x0, 0x2f, 0xff, 0xfc, 0x0, 0x0, 0x0, 0x0,
    0x0, 0x0, 0xff, 0xff, 0xd0, 0x0, 0xd, 0xff,
    0xff, 0x10, 0x0, 0x0, 0x0, 0x0, 0x6, 0xff,
    0xff, 0x80, 0x0, 0x8, 0xff, 0xff, 0x70, 0x0,
    0x0, 0x0, 0x0, 0xb, 0xff, 0xff, 0x30, 0x0,
    0x3, 0xff, 0xff, 0xd0, 0x0, 0x0, 0x0, 0x0,
    0x1f, 0xff, 0xfe, 0x0, 0x0, 0x0, 0xdf, 0xff,
    0xf3, 0x0, 0x0, 0x0, 0x0, 0x7f, 0xff, 0xf9,
    0x0, 0x0, 0x0, 0x8f, 0xff, 0xf8, 0x0, 0x0,
    0x0, 0x0, 0xcf, 0xff, 0xff, 0xff, 0xff, 0xff,
    0xff, 0xff, 0xfe, 0x0, 0x0, 0x0, 0x2, 0xff,
    0xff, 0xff, 0xff, 0xff, 0xff, 0xff, 0xff, 0xff,
    0x40, 0x0, 0x0, 0x7, 0xff, 0xff, 0xff, 0xff,
    0xff, 0xff, 0xff, 0xff, 0xff, 0xa0, 0x0, 0x0,
    0xd, 0xff, 0xff, 0xdc, 0xcc, 0xcc, 0xcc, 0xcc,
    0xff, 0xff, 0xf0, 0x0, 0x0, 0x3f, 0xff, 0xfe,
    0x0, 0x0, 0x0, 0x0, 0x0, 0xcf, 0xff, 0xf5,
    0x0, 0x0, 0x8f, 0xff, 0xf9, 0x0, 0x0, 0x0,
    0x0, 0x0, 0x6f, 0xff, 0xfb, 0x0, 0x0, 0xef,
    0xff, 0xf3, 0x0, 0x0, 0x0, 0x0, 0x0, 0x1f,
    0xff, 0xff, 0x10, 0x4, 0xff, 0xff, 0xd0, 0x0,
    0x0, 0x0, 0x0, 0x0, 0xb, 0xff, 0xff, 0x60,
    0x9, 0xff, 0xff, 0x80, 0x0, 0x0, 0x0, 0x0,
    0x0, 0x5, 0xff, 0xff, 0xc0, 0xe, 0xff, 0xff,
    0x30, 0x0, 0x0, 0x0, 0x0, 0x0, 0x0, 0xff,
    0xff, 0xf2,

    /* U+0103 "ă" */
    0x0, 0x5, 0xaa, 0x30, 0x0, 0x0, 0x9a, 0x80,
    0x0, 0x0, 0x5, 0xff, 0xc1, 0x0, 0x8, 0xff,
    0xb0, 0x0, 0x0, 0x0, 0xdf, 0xff, 0xcb, 0xef,
    0xff, 0x30, 0x0, 0x0, 0x0, 0x2d, 0xff, 0xff,
    0xff, 0xf6, 0x0, 0x0, 0x0, 0x0, 0x0, 0x7c,
    0xef, 0xd9, 0x20, 0x0, 0x0, 0x0, 0x0, 0x0,
    0x0, 0x0, 0x0, 0x0, 0x0, 0x0, 0x0, 0x0,
    0x0, 0x0, 0x0, 0x0, 0x0, 0x0, 0x0, 0x0,
    0x0, 0x0, 0x0, 0x0, 0x0, 0x0, 0x0, 0x0,
    0x0, 0x0, 0x6, 0xad, 0xff, 0xec, 0x82, 0x0,
    0x0, 0x0, 0x6, 0xef, 0xff, 0xff, 0xff, 0xff,
    0x90, 0x0, 0x0, 0x8f, 0xff, 0xff, 0xff, 0xff,
    0xff, 0xfc, 0x0, 0x5, 0xff, 0xff, 0xfd, 0x99,
    0xbf, 0xff, 0xff, 0x70, 0xd, 0xff, 0xff, 0x50,
    0x0, 0x2, 0xff, 0xff, 0xe0, 0x3, 0x6a, 0xd6,
    0x0, 0x0, 0x0, 0x8f, 0xff, 0xf1, 0x0, 0x0,
    0x0, 0x0, 0x0, 0x0, 0x5f, 0xff, 0xf3, 0x0,
    0x0, 0x0, 0x0, 0x0, 0x2, 0xbf, 0xff, 0xf4,
    0x0, 0x0, 0x4, 0x79, 0xbd, 0xff, 0xff, 0xff,
    0xf4, 0x0, 0x29, 0xff, 0xff, 0xff, 0xff, 0xff,
    0xff, 0xf4, 0x4, 0xef, 0xff, 0xff, 0xff, 0xfc,
    0xaf, 0xff, 0xf4, 0x1f, 0xff, 0xff, 0xd8, 0x42,
    0x0, 0x4f, 0xff, 0xf4, 0x6f, 0xff, 0xf6, 0x0,
    0x0, 0x0, 0x4f, 0xff, 0xf4, 0x9f, 0xff, 0xd0,
    0x0, 0x0, 0x0, 0x6f, 0xff, 0xf4, 0x9f, 0xff,
    0xd0, 0x0, 0x0, 0x0, 0xcf, 0xff, 0xf4, 0x7f,
    0xff, 0xf4, 0x0, 0x0, 0xa, 0xff, 0xff, 0xf4,
    0x3f, 0xff, 0xff, 0xb7, 0x69, 0xef, 0xff, 0xff,
    0xf4, 0xa, 0xff, 0xff, 0xff, 0xff, 0xff, 0x6f,
    0xff, 0xf4, 0x0, 0xaf, 0xff, 0xff, 0xff, 0xf6,
    0x2f, 0xff, 0xf4, 0x0, 0x4, 0xad, 0xff, 0xd9,
    0x20, 0x2f, 0xff, 0xf4,

    /* U+0104 "Ą" */
    0x0, 0x0, 0x0, 0x0, 0x2, 0xff, 0xff, 0xff,
    0x20, 0x0, 0x0, 0x0, 0x0, 0x0, 0x0, 0x0,
    0x0, 0x0, 0x8f, 0xff, 0xff, 0xf8, 0x0, 0x0,
    0x0, 0x0, 0x0, 0x0, 0x0, 0x0, 0x0, 0xd,
    0xff, 0xff, 0xff, 0xe0, 0x0, 0x0, 0x0, 0x0,
    0x0, 0x0, 0x0, 0x0, 0x3, 0xff, 0xfe, 0xff,
    0xff, 0x30, 0x0, 0x0, 0x0, 0x0, 0x0, 0x0,
    0x0, 0x0, 0x9f, 0xff, 0xab, 0xff, 0xf9, 0x0,
    0x0, 0x0, 0x0, 0x0, 0x0, 0x0, 0x0, 0xe,
    0xff, 0xf6, 0x7f, 0xff, 0xe0, 0x0, 0x0, 0x0,
    0x0, 0x0, 0x0, 0x0, 0x4, 0xff, 0xff, 0x12,
    0xff, 0xff, 0x50, 0x0, 0x0, 0x0, 0x0, 0x0,
    0x0, 0x0, 0xaf, 0xff, 0xd0, 0xd, 0xff, 0xfa,
    0x0, 0x0, 0x0, 0x0, 0x0, 0x0, 0x0, 0xf,
    0xff, 0xf8, 0x0, 0x8f, 0xff, 0xf1, 0x0, 0x0,
    0x0, 0x0, 0x0, 0x0, 0x5, 0xff, 0xff, 0x30,
    0x3, 0xff, 0xff, 0x60, 0x0, 0x0, 0x0, 0x0,
    0x0, 0x0, 0xaf, 0xff, 0xe0, 0x0, 0xe, 0xff,
    0xfc, 0x0, 0x0, 0x0, 0x0, 0x0, 0x0, 0xf,
    0xff, 0xf9, 0x0, 0x0, 0x9f, 0xff, 0xf1, 0x0,
    0x0, 0x0, 0x0, 0x0, 0x6, 0xff, 0xff, 0x40,
    0x0, 0x3, 0xff, 0xff, 0x70, 0x0, 0x0, 0x0,
    0x0, 0x0, 0xbf, 0xff, 0xe0, 0x0, 0x0, 0xd,
    0xff, 0xfd, 0x0, 0x0, 0x0, 0x0, 0x0, 0x1f,
    0xff, 0xf9, 0x0, 0x0, 0x0, 0x8f, 0xff, 0xf3,
    0x0, 0x0, 0x0, 0x0, 0x7, 0xff, 0xff, 0xff,
    0xff, 0xff, 0xff, 0xff, 0xff, 0x80, 0x0, 0x0,
    0x0, 0x0, 0xcf, 0xff, 0xff, 0xff, 0xff, 0xff,
    0xff, 0xff, 0xfe, 0x0, 0x0, 0x0, 0x0, 0x2f,
    0xff, 0xff, 0xff, 0xff, 0xff, 0xff, 0xff, 0xff,
    0xf4, 0x0, 0x0, 0x0, 0x7, 0xff, 0xff, 0xdc,
    0xcc, 0xcc, 0xcc, 0xcc, 0xff, 0xff, 0xa0, 0x0,
    0x0, 0x0, 0xdf, 0xff, 0xe0, 0x0, 0x0, 0x0,
    0x0, 0xd, 0xff, 0xff, 0x0, 0x0, 0x0, 0x3f,
    0xff, 0xfa, 0x0, 0x0, 0x0, 0x0, 0x0, 0x8f,
    0xff, 0xf5, 0x0, 0x0, 0x8, 0xff, 0xff, 0x50,
    0x0, 0x0, 0x0, 0x0, 0x3, 0xff, 0xff, 0xb0,
    0x0, 0x0, 0xef, 0xff, 0xf1, 0x0, 0x0, 0x0,
    0x0, 0x0, 0xe, 0xff, 0xff, 0x10, 0x0, 0x4f,
    0xff, 0xfc, 0x0, 0x0, 0x0, 0x0, 0x0, 0x0,
    0x9f, 0xff, 0xf6, 0x0, 0x9, 0xff, 0xff, 0x70,
    0x0, 0x0, 0x0, 0x0, 0x0, 0x4, 0xff, 0xff,
    0xc0, 0x0, 0xef, 0xff, 0xf2, 0x0, 0x0, 0x0,
    0x0, 0x0, 0x0, 0xf, 0xff, 0xff, 0x20, 0x0,
    0x0, 0x0, 0x0, 0x0, 0x0, 0x0, 0x0, 0x0,
    0x3, 0xef, 0xfe, 0x50, 0x0, 0x0, 0x0, 0x0,
    0x0, 0x0, 0x0, 0x0, 0x0, 0x2, 0xff, 0xfe,
    0x10, 0x0, 0x0, 0x0, 0x0, 0x0, 0x0, 0x0,
    0x0, 0x0, 0x0, 0xbf, 0xff, 0x80, 0x0, 0x0,
    0x0, 0x0, 0x0, 0x0, 0x0, 0x0, 0x0, 0x0,
    0xe, 0xff, 0xfb, 0x12, 0x10, 0x0, 0x0, 0x0,
    0x0, 0x0, 0x0, 0x0, 0x0, 0x0, 0xdf, 0xff,
    0xff, 0xf9, 0x0, 0x0, 0x0, 0x0, 0x0, 0x0,
    0x0, 0x0, 0x0, 0x4, 0xff, 0xff, 0xff, 0xf1,
    0x0, 0x0, 0x0, 0x0, 0x0, 0x0, 0x0, 0x0,
    0x0, 0x2, 0x9d, 0xff, 0xc7, 0x0,

    /* U+0105 "ą" */
    0x0, 0x0, 0x6, 0xad, 0xff, 0xec, 0x82, 0x0,
    0x0, 0x0, 0x0, 0x6e, 0xff, 0xff, 0xff, 0xff,
    0xf9, 0x0, 0x0, 0x0, 0x8f, 0xff, 0xff, 0xff,
    0xff, 0xff, 0xfc, 0x0, 0x0, 0x5f, 0xff, 0xff,
    0xd9, 0x9b, 0xff, 0xff, 0xf7, 0x0, 0xd, 0xff,
    0xff, 0x50, 0x0, 0x2, 0xff, 0xff, 0xe0, 0x0,
    0x36, 0xad, 0x60, 0x0, 0x0, 0x8, 0xff, 0xff,
    0x10, 0x0, 0x0, 0x0, 0x0, 0x0, 0x0, 0x5f,
    0xff, 0xf3, 0x0, 0x0, 0x0, 0x0, 0x0, 0x0,
    0x2b, 0xff, 0xff, 0x40, 0x0, 0x0, 0x4, 0x79,
    0xbd, 0xff, 0xff, 0xff, 0xf4, 0x0, 0x2, 0x9f,
    0xff, 0xff, 0xff, 0xff, 0xff, 0xff, 0x40, 0x4,
    0xef, 0xff, 0xff, 0xff, 0xfc, 0xaf, 0xff, 0xf4,
    0x1, 0xff, 0xff, 0xfd, 0x84, 0x20, 0x4, 0xff,
    0xff, 0x40, 0x6f, 0xff, 0xf6, 0x0, 0x0, 0x0,
    0x4f, 0xff, 0xf4, 0x9, 0xff, 0xfd, 0x0, 0x0,
    0x0, 0x6, 0xff, 0xff, 0x40, 0x9f, 0xff, 0xd0,
    0x0, 0x0, 0x0, 0xcf, 0xff, 0xf4, 0x7, 0xff,
    0xff, 0x40, 0x0, 0x0, 0xaf, 0xff, 0xff, 0x40,
    0x3f, 0xff, 0xff, 0xb7, 0x69, 0xef, 0xff, 0xff,
    0xf4, 0x0, 0xaf, 0xff, 0xff, 0xff, 0xff, 0xf6,
    0xff, 0xff, 0x40, 0x0, 0xaf, 0xff, 0xff, 0xff,
    0xf6, 0x2f, 0xff, 0xf4, 0x0, 0x0, 0x4a, 0xdf,
    0xfd, 0x92, 0x2, 0xff, 0xff, 0x40, 0x0, 0x0,
    0x0, 0x0, 0x0, 0x2, 0xdf, 0xfd, 0x40, 0x0,
    0x0, 0x0, 0x0, 0x0, 0x1, 0xdf, 0xfd, 0x0,
    0x0, 0x0, 0x0, 0x0, 0x0, 0x0, 0x8f, 0xff,
    0x60, 0x0, 0x0, 0x0, 0x0, 0x0, 0x0, 0xb,
    0xff, 0xfa, 0x13, 0x10, 0x0, 0x0, 0x0, 0x0,
    0x0, 0xaf, 0xff, 0xff, 0xf8, 0x0, 0x0, 0x0,
    0x0, 0x0, 0x2, 0xff, 0xff, 0xff, 0xe0, 0x0,
    0x0, 0x0, 0x0, 0x0, 0x2, 0x9d, 0xff, 0xc6,
    0x0,

    /* U+0106 "Ć" */
    0x0, 0x0, 0x0, 0x0, 0x0, 0x0, 0x3, 0x66,
    0x65, 0x0, 0x0, 0x0, 0x0, 0x0, 0x0, 0x0,
    0x0, 0x0, 0xe, 0xff, 0xf5, 0x0, 0x0, 0x0,
    0x0, 0x0, 0x0, 0x0, 0x0, 0x0, 0x5f, 0xff,
    0xa0, 0x0, 0x0, 0x0, 0x0, 0x0, 0x0, 0x0,
    0x0, 0x0, 0xcf, 0xfe, 0x10, 0x0, 0x0, 0x0,
    0x0, 0x0, 0x0, 0x0, 0x0, 0x4, 0xff, 0xf5,
    0x0, 0x0, 0x0, 0x0, 0x0, 0x0, 0x0, 0x0,
    0x0, 0xb, 0xff, 0xb0, 0x0, 0x0, 0x0, 0x0,
    0x0, 0x0, 0x0, 0x0, 0x0, 0x0, 0x0, 0x0,
    0x0, 0x0, 0x0, 0x0, 0x0, 0x0, 0x0, 0x0,
    0x0, 0x0, 0x0, 0x0, 0x0, 0x0, 0x0, 0x0,
    0x0, 0x0, 0x0, 0x0, 0x0, 0x0, 0x0, 0x0,
    0x0, 0x0, 0x0, 0x0, 0x0, 0x0, 0x0, 0x0,
    0x49, 0xce, 0xff, 0xeb, 0x72, 0x0, 0x0, 0x0,
    0x0, 0x0, 0x0, 0x5d, 0xff, 0xff, 0xff, 0xff,
    0xff, 0xa1, 0x0, 0x0, 0x0, 0x0, 0xa, 0xff,
    0xff, 0xff, 0xff, 0xff, 0xff, 0xff, 0x50, 0x0,
    0x0, 0x0, 0xcf, 0xff, 0xff, 0xff, 0xff, 0xff,
    0xff, 0xff, 0xf5, 0x0, 0x0, 0xa, 0xff, 0xff,
    0xff, 0x95, 0x44, 0x6b, 0xff, 0xff, 0xff, 0x30,
    0x0, 0x4f, 0xff, 0xff, 0xa1, 0x0, 0x0, 0x0,
    0x3d, 0xff, 0xff, 0xc0, 0x0, 0xdf, 0xff, 0xf9,
    0x0, 0x0, 0x0, 0x0, 0x1, 0xef, 0xff, 0xf3,
    0x4, 0xff, 0xff, 0xd0, 0x0, 0x0, 0x0, 0x0,
    0x0, 0x5f, 0xff, 0xf8, 0x9, 0xff, 0xff, 0x50,
    0x0, 0x0, 0x0, 0x0, 0x0, 0xc, 0xdd, 0xda,
    0xd, 0xff, 0xff, 0x0, 0x0, 0x0, 0x0, 0x0,
    0x0, 0x0, 0x0, 0x0, 0xf, 0xff, 0xfc, 0x0,
    0x0, 0x0, 0x0, 0x0, 0x0, 0x0, 0x0, 0x0,
    0x1f, 0xff, 0xf9, 0x0, 0x0, 0x0, 0x0, 0x0,
    0x0, 0x0, 0x0, 0x0, 0x2f, 0xff, 0xf8, 0x0,
    0x0, 0x0, 0x0, 0x0, 0x0, 0x0, 0x0, 0x0,
    0x2f, 0xff, 0xf8, 0x0, 0x0, 0x0, 0x0, 0x0,
    0x0, 0x0, 0x0, 0x0, 0x1f, 0xff, 0xf9, 0x0,
    0x0, 0x0, 0x0, 0x0, 0x0, 0x0, 0x0, 0x0,
    0xf, 0xff, 0xfb, 0x0, 0x0, 0x0, 0x0, 0x0,
    0x0, 0x0, 0x0, 0x0, 0xd, 0xff, 0xff, 0x0,
    0x0, 0x0, 0x0, 0x0, 0x0, 0x0, 0x0, 0x0,
    0x9, 0xff, 0xff, 0x50, 0x0, 0x0, 0x0, 0x0,
    0x0, 0xd, 0xdd, 0xda, 0x4, 0xff, 0xff, 0xd0,
    0x0, 0x0, 0x0, 0x0, 0x0, 0x5f, 0xff, 0xf8,
    0x0, 0xdf, 0xff, 0xf9, 0x0, 0x0, 0x0, 0x0,
    0x1, 0xef, 0xff, 0xf3, 0x0, 0x5f, 0xff, 0xff,
    0xa1, 0x0, 0x0, 0x0, 0x3d, 0xff, 0xff, 0xb0,
    0x0, 0xa, 0xff, 0xff, 0xff, 0x95, 0x44, 0x6b,
    0xff, 0xff, 0xff, 0x20, 0x0, 0x0, 0xcf, 0xff,
    0xff, 0xff, 0xff, 0xff, 0xff, 0xff, 0xf4, 0x0,
    0x0, 0x0, 0xa, 0xff, 0xff, 0xff, 0xff, 0xff,
    0xff, 0xfe, 0x40, 0x0, 0x0, 0x0, 0x0, 0x5d,
    0xff, 0xff, 0xff, 0xff, 0xff, 0xa1, 0x0, 0x0,
    0x0, 0x0, 0x0, 0x0, 0x49, 0xce, 0xff, 0xeb,
    0x72, 0x0, 0x0, 0x0,

    /* U+0107 "ć" */
    0x0, 0x0, 0x0, 0x0, 0x0, 0x9f, 0xff, 0xb0,
    0x0, 0x0, 0x0, 0x0, 0x0, 0x0, 0x1f, 0xff,
    0xf2, 0x0, 0x0, 0x0, 0x0, 0x0, 0x0, 0x7,
    0xff, 0xf7, 0x0, 0x0, 0x0, 0x0, 0x0, 0x0,
    0x0, 0xef, 0xfc, 0x0, 0x0, 0x0, 0x0, 0x0,
    0x0, 0x0, 0x6f, 0xff, 0x20, 0x0, 0x0, 0x0,
    0x0, 0x0, 0x0, 0x4, 0x66, 0x40, 0x0, 0x0,
    0x0, 0x0, 0x0, 0x0, 0x0, 0x0, 0x0, 0x0,
    0x0, 0x0, 0x0, 0x0, 0x0, 0x0, 0x0, 0x0,
    0x0, 0x0, 0x0, 0x0, 0x0, 0x0, 0x1, 0x6b,
    0xef, 0xfe, 0xb6, 0x0, 0x0, 0x0, 0x0, 0x6,
    0xff, 0xff, 0xff, 0xff, 0xfe, 0x50, 0x0, 0x0,
    0x9, 0xff, 0xff, 0xff, 0xff, 0xff, 0xff, 0x70,
    0x0, 0x7, 0xff, 0xff, 0xfe, 0xcc, 0xff, 0xff,
    0xff, 0x40, 0x2, 0xff, 0xff, 0xf7, 0x0, 0x0,
    0x8f, 0xff, 0xfd, 0x0, 0x9f, 0xff, 0xf7, 0x0,
    0x0, 0x0, 0x9f, 0xff, 0xf3, 0xe, 0xff, 0xfe,
    0x0, 0x0, 0x0, 0x1, 0xeb, 0x85, 0x13, 0xff,
    0xff, 0x80, 0x0, 0x0, 0x0, 0x0, 0x0, 0x0,
    0x5f, 0xff, 0xf5, 0x0, 0x0, 0x0, 0x0, 0x0,
    0x0, 0x6, 0xff, 0xff, 0x30, 0x0, 0x0, 0x0,
    0x0, 0x0, 0x0, 0x6f, 0xff, 0xf4, 0x0, 0x0,
    0x0, 0x0, 0x0, 0x0, 0x5, 0xff, 0xff, 0x50,
    0x0, 0x0, 0x0, 0x0, 0x0, 0x0, 0x3f, 0xff,
    0xf9, 0x0, 0x0, 0x0, 0x0, 0x0, 0x0, 0x0,
    0xff, 0xff, 0xe0, 0x0, 0x0, 0x0, 0x1f, 0xda,
    0x72, 0x9, 0xff, 0xff, 0x70, 0x0, 0x0, 0x8,
    0xff, 0xff, 0x40, 0x2f, 0xff, 0xff, 0x70, 0x0,
    0x8, 0xff, 0xff, 0xd0, 0x0, 0x6f, 0xff, 0xff,
    0xfc, 0xcf, 0xff, 0xff, 0xf4, 0x0, 0x0, 0x8f,
    0xff, 0xff, 0xff, 0xff, 0xff, 0xf7, 0x0, 0x0,
    0x0, 0x5f, 0xff, 0xff, 0xff, 0xff, 0xe5, 0x0,
    0x0, 0x0, 0x0, 0x16, 0xbe, 0xff, 0xeb, 0x60,
    0x0, 0x0,

    /* U+0108 "Ĉ" */
    0x0, 0x0, 0x0, 0x0, 0x0, 0x28, 0x88, 0x60,
    0x0, 0x0, 0x0, 0x0, 0x0, 0x0, 0x0, 0x0,
    0x2, 0xef, 0xff, 0xf9, 0x0, 0x0, 0x0, 0x0,
    0x0, 0x0, 0x0, 0x0, 0x2e, 0xff, 0xdf, 0xff,
    0x80, 0x0, 0x0, 0x0, 0x0, 0x0, 0x0, 0x1,
    0xdf, 0xfe, 0x16, 0xff, 0xf7, 0x0, 0x0, 0x0,
    0x0, 0x0, 0x0, 0x1d, 0xff, 0xf3, 0x0, 0x9f,
    0xff, 0x70, 0x0, 0x0, 0x0, 0x0, 0x0, 0x58,
    0x88, 0x30, 0x0, 0x7, 0x88, 0x71, 0x0, 0x0,
    0x0, 0x0, 0x0, 0x0, 0x0, 0x0, 0x0, 0x0,
    0x0, 0x0, 0x0, 0x0, 0x0, 0x0, 0x0, 0x0,
    0x0, 0x0, 0x0, 0x0, 0x0, 0x0, 0x0, 0x0,
    0x0, 0x0, 0x0, 0x0, 0x0, 0x0, 0x0, 0x0,
    0x0, 0x0, 0x0, 0x0, 0x0, 0x0, 0x0, 0x0,
    0x49, 0xce, 0xff, 0xeb, 0x72, 0x0, 0x0, 0x0,
    0x0, 0x0, 0x0, 0x5d, 0xff, 0xff, 0xff, 0xff,
    0xff, 0xa1, 0x0, 0x0, 0x0, 0x0, 0xa, 0xff,
    0xff, 0xff, 0xff, 0xff, 0xff, 0xff, 0x50, 0x0,
    0x0, 0x0, 0xcf, 0xff, 0xff, 0xff, 0xff, 0xff,
    0xff, 0xff, 0xf5, 0x0, 0x0, 0xa, 0xff, 0xff,
    0xff, 0x95, 0x44, 0x6b, 0xff, 0xff, 0xff, 0x30,
    0x0, 0x4f, 0xff, 0xff, 0xa1, 0x0, 0x0, 0x0,
    0x3d, 0xff, 0xff, 0xc0, 0x0, 0xdf, 0xff, 0xf9,
    0x0, 0x0, 0x0, 0x0, 0x1, 0xef, 0xff, 0xf3,
    0x4, 0xff, 0xff, 0xd0, 0x0, 0x0, 0x0, 0x0,
    0x0, 0x5f, 0xff, 0xf8, 0x9, 0xff, 0xff, 0x50,
    0x0, 0x0, 0x0, 0x0, 0x0, 0xc, 0xdd, 0xda,
    0xd, 0xff, 0xff, 0x0, 0x0, 0x0, 0x0, 0x0,
    0x0, 0x0, 0x0, 0x0, 0xf, 0xff, 0xfc, 0x0,
    0x0, 0x0, 0x0, 0x0, 0x0, 0x0, 0x0, 0x0,
    0x1f, 0xff, 0xf9, 0x0, 0x0, 0x0, 0x0, 0x0,
    0x0, 0x0, 0x0, 0x0, 0x2f, 0xff, 0xf8, 0x0,
    0x0, 0x0, 0x0, 0x0, 0x0, 0x0, 0x0, 0x0,
    0x2f, 0xff, 0xf8, 0x0, 0x0, 0x0, 0x0, 0x0,
    0x0, 0x0, 0x0, 0x0, 0x1f, 0xff, 0xf9, 0x0,
    0x0, 0x0, 0x0, 0x0, 0x0, 0x0, 0x0, 0x0,
    0xf, 0xff, 0xfb, 0x0, 0x0, 0x0, 0x0, 0x0,
    0x0, 0x0, 0x0, 0x0, 0xd, 0xff, 0xff, 0x0,
    0x0, 0x0, 0x0, 0x0, 0x0, 0x0, 0x0, 0x0,
    0x9, 0xff, 0xff, 0x50, 0x0, 0x0, 0x0, 0x0,
    0x0, 0xd, 0xdd, 0xda, 0x4, 0xff, 0xff, 0xd0,
    0x0, 0x0, 0x0, 0x0, 0x0, 0x5f, 0xff, 0xf8,
    0x0, 0xdf, 0xff, 0xf9, 0x0, 0x0, 0x0, 0x0,
    0x1, 0xef, 0xff, 0xf3, 0x0, 0x5f, 0xff, 0xff,
    0xa1, 0x0, 0x0, 0x0, 0x3d, 0xff, 0xff, 0xb0,
    0x0, 0xa, 0xff, 0xff, 0xff, 0x95, 0x44, 0x6b,
    0xff, 0xff, 0xff, 0x20, 0x0, 0x0, 0xcf, 0xff,
    0xff, 0xff, 0xff, 0xff, 0xff, 0xff, 0xf4, 0x0,
    0x0, 0x0, 0xa, 0xff, 0xff, 0xff, 0xff, 0xff,
    0xff, 0xfe, 0x40, 0x0, 0x0, 0x0, 0x0, 0x5d,
    0xff, 0xff, 0xff, 0xff, 0xff, 0xa1, 0x0, 0x0,
    0x0, 0x0, 0x0, 0x0, 0x49, 0xce, 0xff, 0xeb,
    0x72, 0x0, 0x0, 0x0,

    /* U+0109 "ĉ" */
    0x0, 0x0, 0x0, 0x6, 0xff, 0xff, 0x40, 0x0,
    0x0, 0x0, 0x0, 0x0, 0x5, 0xff, 0xff, 0xff,
    0x40, 0x0, 0x0, 0x0, 0x0, 0x5, 0xff, 0xf9,
    0xbf, 0xff, 0x30, 0x0, 0x0, 0x0, 0x5, 0xff,
    0xfb, 0x0, 0xcf, 0xfe, 0x30, 0x0, 0x0, 0x4,
    0xff, 0xfd, 0x0, 0x1, 0xef, 0xfe, 0x20, 0x0,
    0x0, 0x0, 0x0, 0x0, 0x0, 0x0, 0x0, 0x0,
    0x0, 0x0, 0x0, 0x0, 0x0, 0x0, 0x0, 0x0,
    0x0, 0x0, 0x0, 0x0, 0x0, 0x0, 0x0, 0x0,
    0x0, 0x0, 0x0, 0x0, 0x0, 0x0, 0x1, 0x6b,
    0xef, 0xfe, 0xb6, 0x0, 0x0, 0x0, 0x0, 0x6,
    0xff, 0xff, 0xff, 0xff, 0xfe, 0x50, 0x0, 0x0,
    0x9, 0xff, 0xff, 0xff, 0xff, 0xff, 0xff, 0x70,
    0x0, 0x7, 0xff, 0xff, 0xfe, 0xcc, 0xff, 0xff,
    0xff, 0x40, 0x2, 0xff, 0xff, 0xf7, 0x0, 0x0,
    0x8f, 0xff, 0xfd, 0x0, 0x9f, 0xff, 0xf7, 0x0,
    0x0, 0x0, 0x9f, 0xff, 0xf3, 0xe, 0xff, 0xfe,
    0x0, 0x0, 0x0, 0x1, 0xeb, 0x85, 0x13, 0xff,
    0xff, 0x80, 0x0, 0x0, 0x0, 0x0, 0x0, 0x0,
    0x5f, 0xff, 0xf5, 0x0, 0x0, 0x0, 0x0, 0x0,
    0x0, 0x6, 0xff, 0xff, 0x30, 0x0, 0x0, 0x0,
    0x0, 0x0, 0x0, 0x6f, 0xff, 0xf4, 0x0, 0x0,
    0x0, 0x0, 0x0, 0x0, 0x5, 0xff, 0xff, 0x50,
    0x0, 0x0, 0x0, 0x0, 0x0, 0x0, 0x3f, 0xff,
    0xf9, 0x0, 0x0, 0x0, 0x0, 0x0, 0x0, 0x0,
    0xff, 0xff, 0xe0, 0x0, 0x0, 0x0, 0x1f, 0xda,
    0x72, 0x9, 0xff, 0xff, 0x70, 0x0, 0x0, 0x8,
    0xff, 0xff, 0x40, 0x2f, 0xff, 0xff, 0x70, 0x0,
    0x8, 0xff, 0xff, 0xd0, 0x0, 0x6f, 0xff, 0xff,
    0xfc, 0xcf, 0xff, 0xff, 0xf4, 0x0, 0x0, 0x8f,
    0xff, 0xff, 0xff, 0xff, 0xff, 0xf7, 0x0, 0x0,
    0x0, 0x5f, 0xff, 0xff, 0xff, 0xff, 0xe5, 0x0,
    0x0, 0x0, 0x0, 0x16, 0xbe, 0xff, 0xeb, 0x60,
    0x0, 0x0,

    /* U+010A "Ċ" */
    0x0, 0x0, 0x0, 0x0, 0x0, 0x0, 0x0, 0x0,
    0x0, 0x0, 0x0, 0x0, 0x0, 0x0, 0x0, 0x0,
    0x0, 0xa, 0xfe, 0x50, 0x0, 0x0, 0x0, 0x0,
    0x0, 0x0, 0x0, 0x0, 0x0, 0x9f, 0xff, 0xf3,
    0x0, 0x0, 0x0, 0x0, 0x0, 0x0, 0x0, 0x0,
    0x0, 0xdf, 0xff, 0xf6, 0x0, 0x0, 0x0, 0x0,
    0x0, 0x0, 0x0, 0x0, 0x0, 0x9f, 0xff, 0xf2,
    0x0, 0x0, 0x0, 0x0, 0x0, 0x0, 0x0, 0x0,
    0x0, 0xa, 0xfd, 0x50, 0x0, 0x0, 0x0, 0x0,
    0x0, 0x0, 0x0, 0x0, 0x0, 0x0, 0x0, 0x0,
    0x0, 0x0, 0x0, 0x0, 0x0, 0x0, 0x0, 0x0,
    0x0, 0x0, 0x0, 0x0, 0x0, 0x0, 0x0, 0x0,
    0x0, 0x0, 0x0, 0x0, 0x0, 0x0, 0x0, 0x0,
    0x0, 0x0, 0x0, 0x0, 0x0, 0x0, 0x0, 0x0,
    0x49, 0xce, 0xff, 0xeb, 0x72, 0x0, 0x0, 0x0,
    0x0, 0x0, 0x0, 0x5d, 0xff, 0xff, 0xff, 0xff,
    0xff, 0xa1, 0x0, 0x0, 0x0, 0x0, 0xa, 0xff,
    0xff, 0xff, 0xff, 0xff, 0xff, 0xff, 0x50, 0x0,
    0x0, 0x0, 0xcf, 0xff, 0xff, 0xff, 0xff, 0xff,
    0xff, 0xff, 0xf5, 0x0, 0x0, 0xa, 0xff, 0xff,
    0xff, 0x95, 0x44, 0x6b, 0xff, 0xff, 0xff, 0x30,
    0x0, 0x4f, 0xff, 0xff, 0xa1, 0x0, 0x0, 0x0,
    0x3d, 0xff, 0xff, 0xc0, 0x0, 0xdf, 0xff, 0xf9,
    0x0, 0x0, 0x0, 0x0, 0x1, 0xef, 0xff, 0xf3,
    0x4, 0xff, 0xff, 0xd0, 0x0, 0x0, 0x0, 0x0,
    0x0, 0x5f, 0xff, 0xf8, 0x9, 0xff, 0xff, 0x50,
    0x0, 0x0, 0x0, 0x0, 0x0, 0xc, 0xdd, 0xda,
    0xd, 0xff, 0xff, 0x0, 0x0, 0x0, 0x0, 0x0,
    0x0, 0x0, 0x0, 0x0, 0xf, 0xff, 0xfc, 0x0,
    0x0, 0x0, 0x0, 0x0, 0x0, 0x0, 0x0, 0x0,
    0x1f, 0xff, 0xf9, 0x0, 0x0, 0x0, 0x0, 0x0,
    0x0, 0x0, 0x0, 0x0, 0x2f, 0xff, 0xf8, 0x0,
    0x0, 0x0, 0x0, 0x0, 0x0, 0x0, 0x0, 0x0,
    0x2f, 0xff, 0xf8, 0x0, 0x0, 0x0, 0x0, 0x0,
    0x0, 0x0, 0x0, 0x0, 0x1f, 0xff, 0xf9, 0x0,
    0x0, 0x0, 0x0, 0x0, 0x0, 0x0, 0x0, 0x0,
    0xf, 0xff, 0xfb, 0x0, 0x0, 0x0, 0x0, 0x0,
    0x0, 0x0, 0x0, 0x0, 0xd, 0xff, 0xff, 0x0,
    0x0, 0x0, 0x0, 0x0, 0x0, 0x0, 0x0, 0x0,
    0x9, 0xff, 0xff, 0x50, 0x0, 0x0, 0x0, 0x0,
    0x0, 0xd, 0xdd, 0xda, 0x4, 0xff, 0xff, 0xd0,
    0x0, 0x0, 0x0, 0x0, 0x0, 0x5f, 0xff, 0xf8,
    0x0, 0xdf, 0xff, 0xf9, 0x0, 0x0, 0x0, 0x0,
    0x1, 0xef, 0xff, 0xf3, 0x0, 0x5f, 0xff, 0xff,
    0xa1, 0x0, 0x0, 0x0, 0x3d, 0xff, 0xff, 0xb0,
    0x0, 0xa, 0xff, 0xff, 0xff, 0x95, 0x44, 0x6b,
    0xff, 0xff, 0xff, 0x20, 0x0, 0x0, 0xcf, 0xff,
    0xff, 0xff, 0xff, 0xff, 0xff, 0xff, 0xf4, 0x0,
    0x0, 0x0, 0xa, 0xff, 0xff, 0xff, 0xff, 0xff,
    0xff, 0xfe, 0x40, 0x0, 0x0, 0x0, 0x0, 0x5d,
    0xff, 0xff, 0xff, 0xff, 0xff, 0xa1, 0x0, 0x0,
    0x0, 0x0, 0x0, 0x0, 0x49, 0xce, 0xff, 0xeb,
    0x72, 0x0, 0x0, 0x0,

    /* U+010B "ċ" */
    0x0, 0x0, 0x0, 0x0, 0x8e, 0xe7, 0x0, 0x0,
    0x0, 0x0, 0x0, 0x0, 0x0, 0x7f, 0xff, 0xf5,
    0x0, 0x0, 0x0, 0x0, 0x0, 0x0, 0xa, 0xff,
    0xff, 0x80, 0x0, 0x0, 0x0, 0x0, 0x0, 0x0,
    0x7f, 0xff, 0xf5, 0x0, 0x0, 0x0, 0x0, 0x0,
    0x0, 0x0, 0x9f, 0xe7, 0x0, 0x0, 0x0, 0x0,
    0x0, 0x0, 0x0, 0x0, 0x0, 0x0, 0x0, 0x0,
    0x0, 0x0, 0x0, 0x0, 0x0, 0x0, 0x0, 0x0,
    0x0, 0x0, 0x0, 0x0, 0x0, 0x0, 0x0, 0x0,
    0x0, 0x0, 0x0, 0x0, 0x0, 0x0, 0x1, 0x6b,
    0xef, 0xfe, 0xb6, 0x0, 0x0, 0x0, 0x0, 0x6,
    0xff, 0xff, 0xff, 0xff, 0xfe, 0x50, 0x0, 0x0,
    0x9, 0xff, 0xff, 0xff, 0xff, 0xff, 0xff, 0x70,
    0x0, 0x7, 0xff, 0xff, 0xfe, 0xcc, 0xff, 0xff,
    0xff, 0x40, 0x2, 0xff, 0xff, 0xf7, 0x0, 0x0,
    0x8f, 0xff, 0xfd, 0x0, 0x9f, 0xff, 0xf7, 0x0,
    0x0, 0x0, 0x9f, 0xff, 0xf3, 0xe, 0xff, 0xfe,
    0x0, 0x0, 0x0, 0x1, 0xeb, 0x85, 0x13, 0xff,
    0xff, 0x80, 0x0, 0x0, 0x0, 0x0, 0x0, 0x0,
    0x5f, 0xff, 0xf5, 0x0, 0x0, 0x0, 0x0, 0x0,
    0x0, 0x6, 0xff, 0xff, 0x30, 0x0, 0x0, 0x0,
    0x0, 0x0, 0x0, 0x6f, 0xff, 0xf4, 0x0, 0x0,
    0x0, 0x0, 0x0, 0x0, 0x5, 0xff, 0xff, 0x50,
    0x0, 0x0, 0x0, 0x0, 0x0, 0x0, 0x3f, 0xff,
    0xf9, 0x0, 0x0, 0x0, 0x0, 0x0, 0x0, 0x0,
    0xff, 0xff, 0xe0, 0x0, 0x0, 0x0, 0x1f, 0xda,
    0x72, 0x9, 0xff, 0xff, 0x70, 0x0, 0x0, 0x8,
    0xff, 0xff, 0x40, 0x2f, 0xff, 0xff, 0x70, 0x0,
    0x8, 0xff, 0xff, 0xd0, 0x0, 0x6f, 0xff, 0xff,
    0xfc, 0xcf, 0xff, 0xff, 0xf4, 0x0, 0x0, 0x8f,
    0xff, 0xff, 0xff, 0xff, 0xff, 0xf7, 0x0, 0x0,
    0x0, 0x5f, 0xff, 0xff, 0xff, 0xff, 0xe5, 0x0,
    0x0, 0x0, 0x0, 0x16, 0xbe, 0xff, 0xeb, 0x60,
    0x0, 0x0,

    /* U+010C "Č" */
    0x0, 0x0, 0x0, 0x5b, 0xbb, 0x50, 0x0, 0xa,
    0xbb, 0xa2, 0x0, 0x0, 0x0, 0x0, 0x0, 0xd,
    0xff, 0xf2, 0x0, 0x8f, 0xff, 0x80, 0x0, 0x0,
    0x0, 0x0, 0x0, 0x2, 0xef, 0xfd, 0x4, 0xff,
    0xfb, 0x0, 0x0, 0x0, 0x0, 0x0, 0x0, 0x0,
    0x4f, 0xff, 0xae, 0xff, 0xd1, 0x0, 0x0, 0x0,
    0x0, 0x0, 0x0, 0x0, 0x7, 0xff, 0xff, 0xff,
    0x20, 0x0, 0x0, 0x0, 0x0, 0x0, 0x0, 0x0,
    0x0, 0xaf, 0xff, 0xf4, 0x0, 0x0, 0x0, 0x0,
    0x0, 0x0, 0x0, 0x0, 0x0, 0x4, 0x44, 0x30,
    0x0, 0x0, 0x0, 0x0, 0x0, 0x0, 0x0, 0x0,
    0x0, 0x0, 0x0, 0x0, 0x0, 0x0, 0x0, 0x0,
    0x0, 0x0, 0x0, 0x0, 0x0, 0x0, 0x0, 0x0,
    0x0, 0x0, 0x0, 0x0, 0x0, 0x0, 0x0, 0x0,
    0x49, 0xce, 0xff, 0xdb, 0x73, 0x0, 0x0, 0x0,
    0x0, 0x0, 0x0, 0x5d, 0xff, 0xff, 0xff, 0xff,
    0xff, 0xc3, 0x0, 0x0, 0x0, 0x0, 0xa, 0xff,
    0xff, 0xff, 0xff, 0xff, 0xff, 0xff, 0x90, 0x0,
    0x0, 0x0, 0xcf, 0xff, 0xff, 0xff, 0xff, 0xff,
    0xff, 0xff, 0xfa, 0x0, 0x0, 0xa, 0xff, 0xff,
    0xff, 0x95, 0x44, 0x6a, 0xff, 0xff, 0xff, 0x70,
    0x0, 0x4f, 0xff, 0xff, 0xa1, 0x0, 0x0, 0x0,
    0x19, 0xff, 0xff, 0xf1, 0x0, 0xdf, 0xff, 0xf9,
    0x0, 0x0, 0x0, 0x0, 0x0, 0x9f, 0xff, 0xf7,
    0x4, 0xff, 0xff, 0xd0, 0x0, 0x0, 0x0, 0x0,
    0x0, 0x1f, 0xff, 0xfb, 0x9, 0xff, 0xff, 0x50,
    0x0, 0x0, 0x0, 0x0, 0x0, 0x0, 0x0, 0x0,
    0xd, 0xff, 0xff, 0x0, 0x0, 0x0, 0x0, 0x0,
    0x0, 0x0, 0x0, 0x0, 0xf, 0xff, 0xfc, 0x0,
    0x0, 0x0, 0x0, 0x0, 0x0, 0x0, 0x0, 0x0,
    0x1f, 0xff, 0xf9, 0x0, 0x0, 0x0, 0x0, 0x0,
    0x0, 0x0, 0x0, 0x0, 0x2f, 0xff, 0xf8, 0x0,
    0x0, 0x0, 0x0, 0x0, 0x0, 0x0, 0x0, 0x0,
    0x2f, 0xff, 0xf8, 0x0, 0x0, 0x0, 0x0, 0x0,
    0x0, 0x0, 0x0, 0x0, 0x1f, 0xff, 0xf9, 0x0,
    0x0, 0x0, 0x0, 0x0, 0x0, 0x0, 0x0, 0x0,
    0xf, 0xff, 0xfb, 0x0, 0x0, 0x0, 0x0, 0x0,
    0x0, 0x0, 0x0, 0x0, 0xd, 0xff, 0xff, 0x0,
    0x0, 0x0, 0x0, 0x0, 0x0, 0x2, 0x22, 0x22,
    0x9, 0xff, 0xff, 0x50, 0x0, 0x0, 0x0, 0x0,
    0x0, 0x1f, 0xff, 0xfb, 0x4, 0xff, 0xff, 0xd0,
    0x0, 0x0, 0x0, 0x0, 0x0, 0x7f, 0xff, 0xf7,
    0x0, 0xdf, 0xff, 0xf9, 0x0, 0x0, 0x0, 0x0,
    0x2, 0xff, 0xff, 0xf1, 0x0, 0x5f, 0xff, 0xff,
    0xa1, 0x0, 0x0, 0x0, 0x3e, 0xff, 0xff, 0x90,
    0x0, 0xa, 0xff, 0xff, 0xff, 0x95, 0x44, 0x6b,
    0xff, 0xff, 0xfe, 0x10, 0x0, 0x0, 0xcf, 0xff,
    0xff, 0xff, 0xff, 0xff, 0xff, 0xff, 0xe2, 0x0,
    0x0, 0x0, 0xa, 0xff, 0xff, 0xff, 0xff, 0xff,
    0xff, 0xfd, 0x30, 0x0, 0x0, 0x0, 0x0, 0x5d,
    0xff, 0xff, 0xff, 0xff, 0xff, 0x90, 0x0, 0x0,
    0x0, 0x0, 0x0, 0x0, 0x49, 0xce, 0xff, 0xeb,
    0x71, 0x0, 0x0, 0x0,

    /* U+010D "č" */
    0x0, 0x3, 0xff, 0xfd, 0x0, 0x1, 0xef, 0xff,
    0x30, 0x0, 0x0, 0x4, 0xff, 0xfb, 0x0, 0xcf,
    0xff, 0x40, 0x0, 0x0, 0x0, 0x4, 0xff, 0xf9,
    0xaf, 0xff, 0x40, 0x0, 0x0, 0x0, 0x0, 0x5,
    0xff, 0xff, 0xff, 0x40, 0x0, 0x0, 0x0, 0x0,
    0x0, 0x6, 0xff, 0xff, 0x40, 0x0, 0x0, 0x0,
    0x0, 0x0, 0x0, 0x0, 0x0, 0x0, 0x0, 0x0,
    0x0, 0x0, 0x0, 0x0, 0x0, 0x0, 0x0, 0x0,
    0x0, 0x0, 0x0, 0x0, 0x0, 0x0, 0x0, 0x0,
    0x0, 0x0, 0x0, 0x0, 0x0, 0x0, 0x1, 0x6b,
    0xef, 0xfe, 0xb6, 0x0, 0x0, 0x0, 0x0, 0x6,
    0xff, 0xff, 0xff, 0xff, 0xfe, 0x50, 0x0, 0x0,
    0x9, 0xff, 0xff, 0xff, 0xff, 0xff, 0xff, 0x70,
    0x0, 0x7, 0xff, 0xff, 0xfe, 0xcc, 0xff, 0xff,
    0xff, 0x40, 0x2, 0xff, 0xff, 0xf7, 0x0, 0x0,
    0x8f, 0xff, 0xfd, 0x0, 0x9f, 0xff, 0xf7, 0x0,
    0x0, 0x0, 0x9f, 0xff, 0xf3, 0xe, 0xff, 0xfe,
    0x0, 0x0, 0x0, 0x1, 0xeb, 0x85, 0x13, 0xff,
    0xff, 0x80, 0x0, 0x0, 0x0, 0x0, 0x0, 0x0,
    0x5f, 0xff, 0xf5, 0x0, 0x0, 0x0, 0x0, 0x0,
    0x0, 0x6, 0xff, 0xff, 0x30, 0x0, 0x0, 0x0,
    0x0, 0x0, 0x0, 0x6f, 0xff, 0xf4, 0x0, 0x0,
    0x0, 0x0, 0x0, 0x0, 0x5, 0xff, 0xff, 0x50,
    0x0, 0x0, 0x0, 0x0, 0x0, 0x0, 0x3f, 0xff,
    0xf9, 0x0, 0x0, 0x0, 0x0, 0x0, 0x0, 0x0,
    0xff, 0xff, 0xe0, 0x0, 0x0, 0x0, 0x1f, 0xda,
    0x72, 0x9, 0xff, 0xff, 0x70, 0x0, 0x0, 0x8,
    0xff, 0xff, 0x40, 0x2f, 0xff, 0xff, 0x70, 0x0,
    0x8, 0xff, 0xff, 0xd0, 0x0, 0x6f, 0xff, 0xff,
    0xfc, 0xcf, 0xff, 0xff, 0xf4, 0x0, 0x0, 0x8f,
    0xff, 0xff, 0xff, 0xff, 0xff, 0xf7, 0x0, 0x0,
    0x0, 0x5f, 0xff, 0xff, 0xff, 0xff, 0xe5, 0x0,
    0x0, 0x0, 0x0, 0x16, 0xbe, 0xff, 0xeb, 0x60,
    0x0, 0x0,

    /* U+010E "Ď" */
    0x0, 0x58, 0x88, 0x30, 0x0, 0x7, 0x88, 0x81,
    0x0, 0x0, 0x0, 0x0, 0x1, 0xef, 0xfe, 0x10,
    0x8, 0xff, 0xf9, 0x0, 0x0, 0x0, 0x0, 0x0,
    0x3, 0xff, 0xfb, 0x5, 0xff, 0xfa, 0x0, 0x0,
    0x0, 0x0, 0x0, 0x0, 0x4, 0xff, 0xfa, 0xff,
    0xfc, 0x0, 0x0, 0x0, 0x0, 0x0, 0x0, 0x0,
    0x6, 0xff, 0xff, 0xfd, 0x10, 0x0, 0x0, 0x0,
    0x0, 0x0, 0x0, 0x0, 0x8, 0xff, 0xfe, 0x10,
    0x0, 0x0, 0x0, 0x0, 0x0, 0x0, 0x0, 0x0,
    0x0, 0x0, 0x0, 0x0, 0x0, 0x0, 0x0, 0x0,
    0x0, 0x0, 0x0, 0x0, 0x0, 0x0, 0x0, 0x0,
    0x0, 0x0, 0x0, 0x0, 0x0, 0x0, 0x0, 0x0,
    0x0, 0x0, 0x0, 0x0, 0x0, 0x0, 0x0, 0x5,
    0xff, 0xff, 0xff, 0xff, 0xff, 0xeb, 0x83, 0x0,
    0x0, 0x0, 0x0, 0x5f, 0xff, 0xff, 0xff, 0xff,
    0xff, 0xff, 0xfd, 0x50, 0x0, 0x0, 0x5, 0xff,
    0xff, 0xff, 0xff, 0xff, 0xff, 0xff, 0xff, 0xa0,
    0x0, 0x0, 0x5f, 0xff, 0xff, 0xff, 0xff, 0xff,
    0xff, 0xff, 0xff, 0xc0, 0x0, 0x5, 0xff, 0xff,
    0x61, 0x11, 0x12, 0x48, 0xef, 0xff, 0xff, 0xb0,
    0x0, 0x5f, 0xff, 0xf5, 0x0, 0x0, 0x0, 0x0,
    0x7f, 0xff, 0xff, 0x50, 0x5, 0xff, 0xff, 0x50,
    0x0, 0x0, 0x0, 0x0, 0x5f, 0xff, 0xfd, 0x0,
    0x5f, 0xff, 0xf5, 0x0, 0x0, 0x0, 0x0, 0x0,
    0xaf, 0xff, 0xf4, 0x5, 0xff, 0xff, 0x50, 0x0,
    0x0, 0x0, 0x0, 0x3, 0xff, 0xff, 0x90, 0x5f,
    0xff, 0xf5, 0x0, 0x0, 0x0, 0x0, 0x0, 0xe,
    0xff, 0xfd, 0x5, 0xff, 0xff, 0x50, 0x0, 0x0,
    0x0, 0x0, 0x0, 0xaf, 0xff, 0xf0, 0x5f, 0xff,
    0xf5, 0x0, 0x0, 0x0, 0x0, 0x0, 0x8, 0xff,
    0xff, 0x15, 0xff, 0xff, 0x50, 0x0, 0x0, 0x0,
    0x0, 0x0, 0x7f, 0xff, 0xf2, 0x5f, 0xff, 0xf5,
    0x0, 0x0, 0x0, 0x0, 0x0, 0x7, 0xff, 0xff,
    0x25, 0xff, 0xff, 0x50, 0x0, 0x0, 0x0, 0x0,
    0x0, 0x8f, 0xff, 0xf1, 0x5f, 0xff, 0xf5, 0x0,
    0x0, 0x0, 0x0, 0x0, 0xa, 0xff, 0xff, 0x5,
    0xff, 0xff, 0x50, 0x0, 0x0, 0x0, 0x0, 0x0,
    0xef, 0xff, 0xd0, 0x5f, 0xff, 0xf5, 0x0, 0x0,
    0x0, 0x0, 0x0, 0x3f, 0xff, 0xf9, 0x5, 0xff,
    0xff, 0x50, 0x0, 0x0, 0x0, 0x0, 0xb, 0xff,
    0xff, 0x40, 0x5f, 0xff, 0xf5, 0x0, 0x0, 0x0,
    0x0, 0x6, 0xff, 0xff, 0xd0, 0x5, 0xff, 0xff,
    0x50, 0x0, 0x0, 0x0, 0x8, 0xff, 0xff, 0xf5,
    0x0, 0x5f, 0xff, 0xf6, 0x11, 0x11, 0x24, 0x8e,
    0xff, 0xff, 0xfa, 0x0, 0x5, 0xff, 0xff, 0xff,
    0xff, 0xff, 0xff, 0xff, 0xff, 0xfc, 0x0, 0x0,
    0x5f, 0xff, 0xff, 0xff, 0xff, 0xff, 0xff, 0xff,
    0xfa, 0x0, 0x0, 0x5, 0xff, 0xff, 0xff, 0xff,
    0xff, 0xff, 0xff, 0xd5, 0x0, 0x0, 0x0, 0x5f,
    0xff, 0xff, 0xff, 0xff, 0xfe, 0xb8, 0x30, 0x0,
    0x0, 0x0, 0x0,

    /* U+010F "ď" */
    0x0, 0x0, 0x0, 0x0, 0x0, 0x0, 0x0, 0x0,
    0x0, 0x0, 0xa, 0xff, 0xf0, 0x0, 0x0, 0x0,
    0x0, 0x0, 0x0, 0x0, 0x0, 0x0, 0x0, 0xa,
    0xff, 0xd0, 0x0, 0x0, 0x0, 0x0, 0x0, 0x0,
    0x0, 0x8f, 0xff, 0xf1, 0xa, 0xff, 0xb0, 0x0,
    0x0, 0x0, 0x0, 0x0, 0x0, 0x0, 0x8f, 0xff,
    0xf1, 0xa, 0xff, 0x90, 0x0, 0x0, 0x0, 0x0,
    0x0, 0x0, 0x0, 0x8f, 0xff, 0xf1, 0xa, 0xff,
    0x70, 0x0, 0x0, 0x0, 0x0, 0x0, 0x0, 0x0,
    0x8f, 0xff, 0xf1, 0xa, 0xff, 0x40, 0x0, 0x0,
    0x0, 0x0, 0x0, 0x0, 0x0, 0x8f, 0xff, 0xf1,
    0x8, 0xcc, 0x20, 0x0, 0x0, 0x0, 0x0, 0x0,
    0x0, 0x0, 0x8f, 0xff, 0xf1, 0x0, 0x0, 0x0,
    0x0, 0x0, 0x5, 0xbe, 0xfe, 0xc6, 0x0, 0x8f,
    0xff, 0xf1, 0x0, 0x0, 0x0, 0x0, 0x2, 0xcf,
    0xff, 0xff, 0xff, 0xb0, 0x8f, 0xff, 0xf1, 0x0,
    0x0, 0x0, 0x0, 0x2e, 0xff, 0xff, 0xff, 0xff,
    0xfa, 0x8f, 0xff, 0xf1, 0x0, 0x0, 0x0, 0x0,
    0xcf, 0xff, 0xff, 0xfc, 0xdf, 0xff, 0xdf, 0xff,
    0xf1, 0x0, 0x0, 0x0, 0x5, 0xff, 0xff, 0xf7,
    0x0, 0x1, 0x9f, 0xff, 0xff, 0xf1, 0x0, 0x0,
    0x0, 0xc, 0xff, 0xff, 0x70, 0x0, 0x0, 0xa,
    0xff, 0xff, 0xf1, 0x0, 0x0, 0x0, 0xf, 0xff,
    0xfe, 0x0, 0x0, 0x0, 0x1, 0xff, 0xff, 0xf1,
    0x0, 0x0, 0x0, 0x3f, 0xff, 0xf8, 0x0, 0x0,
    0x0, 0x0, 0xbf, 0xff, 0xf1, 0x0, 0x0, 0x0,
    0x5f, 0xff, 0xf5, 0x0, 0x0, 0x0, 0x0, 0x8f,
    0xff, 0xf1, 0x0, 0x0, 0x0, 0x6f, 0xff, 0xf4,
    0x0, 0x0, 0x0, 0x0, 0x7f, 0xff, 0xf1, 0x0,
    0x0, 0x0, 0x6f, 0xff, 0xf4, 0x0, 0x0, 0x0,
    0x0, 0x7f, 0xff, 0xf1, 0x0, 0x0, 0x0, 0x5f,
    0xff, 0xf5, 0x0, 0x0, 0x0, 0x0, 0x8f, 0xff,
    0xf1, 0x0, 0x0, 0x0, 0x3f, 0xff, 0xf9, 0x0,
    0x0, 0x0, 0x0, 0xcf, 0xff, 0xf1, 0x0, 0x0,
    0x0, 0xf, 0xff, 0xfe, 0x0, 0x0, 0x0, 0x1,
    0xff, 0xff, 0xf1, 0x0, 0x0, 0x0, 0xb, 0xff,
    0xff, 0x80, 0x0, 0x0, 0xa, 0xff, 0xff, 0xf1,
    0x0, 0x0, 0x0, 0x5, 0xff, 0xff, 0xf7, 0x0,
    0x1, 0xaf, 0xff, 0xff, 0xf1, 0x0, 0x0, 0x0,
    0x0, 0xcf, 0xff, 0xff, 0xfd, 0xdf, 0xff, 0xcf,
    0xff, 0xf1, 0x0, 0x0, 0x0, 0x0, 0x1e, 0xff,
    0xff, 0xff, 0xff, 0xfa, 0x6f, 0xff, 0xf1, 0x0,
    0x0, 0x0, 0x0, 0x2, 0xcf, 0xff, 0xff, 0xff,
    0xb0, 0x6f, 0xff, 0xf1, 0x0, 0x0, 0x0, 0x0,
    0x0, 0x5, 0xbe, 0xfe, 0xc6, 0x0, 0x6f, 0xff,
    0xf1, 0x0, 0x0, 0x0,

    /* U+0110 "Đ" */
    0x0, 0x5, 0xff, 0xff, 0xff, 0xff, 0xff, 0xec,
    0x84, 0x0, 0x0, 0x0, 0x0, 0x0, 0x5, 0xff,
    0xff, 0xff, 0xff, 0xff, 0xff, 0xff, 0xd5, 0x0,
    0x0, 0x0, 0x0, 0x5, 0xff, 0xff, 0xff, 0xff,
    0xff, 0xff, 0xff, 0xff, 0xb1, 0x0, 0x0, 0x0,
    0x5, 0xff, 0xff, 0xff, 0xff, 0xff, 0xff, 0xff,
    0xff, 0xfd, 0x10, 0x0, 0x0, 0x5, 0xff, 0xff,
    0x71, 0x11, 0x12, 0x48, 0xdf, 0xff, 0xff, 0xb0,
    0x0, 0x0, 0x5, 0xff, 0xff, 0x60, 0x0, 0x0,
    0x0, 0x6, 0xff, 0xff, 0xf6, 0x0, 0x0, 0x5,
    0xff, 0xff, 0x60, 0x0, 0x0, 0x0, 0x0, 0x5f,
    0xff, 0xfe, 0x0, 0x0, 0x5, 0xff, 0xff, 0x60,
    0x0, 0x0, 0x0, 0x0, 0x9, 0xff, 0xff, 0x50,
    0x0, 0x5, 0xff, 0xff, 0x60, 0x0, 0x0, 0x0,
    0x0, 0x2, 0xff, 0xff, 0xa0, 0x0, 0x5, 0xff,
    0xff, 0x60, 0x0, 0x0, 0x0, 0x0, 0x0, 0xdf,
    0xff, 0xe0, 0x0, 0x5, 0xff, 0xff, 0x60, 0x0,
    0x0, 0x0, 0x0, 0x0, 0x9f, 0xff, 0xf0, 0xaf,
    0xff, 0xff, 0xff, 0xff, 0xff, 0xff, 0x60, 0x0,
    0x0, 0x7f, 0xff, 0xf2, 0xaf, 0xff, 0xff, 0xff,
    0xff, 0xff, 0xff, 0x60, 0x0, 0x0, 0x6f, 0xff,
    0xf3, 0xaf, 0xff, 0xff, 0xff, 0xff, 0xff, 0xff,
    0x60, 0x0, 0x0, 0x6f, 0xff, 0xf3, 0x35, 0x5a,
    0xff, 0xff, 0xb5, 0x55, 0x55, 0x20, 0x0, 0x0,
    0x7f, 0xff, 0xf2, 0x0, 0x5, 0xff, 0xff, 0x60,
    0x0, 0x0, 0x0, 0x0, 0x0, 0x9f, 0xff, 0xf0,
    0x0, 0x5, 0xff, 0xff, 0x60, 0x0, 0x0, 0x0,
    0x0, 0x0, 0xdf, 0xff, 0xe0, 0x0, 0x5, 0xff,
    0xff, 0x60, 0x0, 0x0, 0x0, 0x0, 0x2, 0xff,
    0xff, 0xa0, 0x0, 0x5, 0xff, 0xff, 0x60, 0x0,
    0x0, 0x0, 0x0, 0xa, 0xff, 0xff, 0x50, 0x0,
    0x5, 0xff, 0xff, 0x60, 0x0, 0x0, 0x0, 0x0,
    0x5f, 0xff, 0xfe, 0x0, 0x0, 0x5, 0xff, 0xff,
    0x60, 0x0, 0x0, 0x0, 0x7, 0xff, 0xff, 0xf6,
    0x0, 0x0, 0x5, 0xff, 0xff, 0x71, 0x11, 0x12,
    0x48, 0xef, 0xff, 0xff, 0xb0, 0x0, 0x0, 0x5,
    0xff, 0xff, 0xff, 0xff, 0xff, 0xff, 0xff, 0xff,
    0xfd, 0x10, 0x0, 0x0, 0x5, 0xff, 0xff, 0xff,
    0xff, 0xff, 0xff, 0xff, 0xff, 0xb0, 0x0, 0x0,
    0x0, 0x5, 0xff, 0xff, 0xff, 0xff, 0xff, 0xff,
    0xff, 0xd5, 0x0, 0x0, 0x0, 0x0, 0x5, 0xff,
    0xff, 0xff, 0xff, 0xff, 0xeb, 0x83, 0x0, 0x0,
    0x0, 0x0,

    /* U+0111 "đ" */
    0x0, 0x0, 0x0, 0x0, 0x0, 0x0, 0x0, 0x8f,
    0xff, 0xf1, 0x0, 0x0, 0x0, 0x0, 0x0, 0xb,
    0xff, 0xff, 0xff, 0xff, 0xff, 0xf6, 0x0, 0x0,
    0x0, 0x0, 0xc, 0xff, 0xff, 0xff, 0xff, 0xff,
    0xf6, 0x0, 0x0, 0x0, 0x0, 0xc, 0xff, 0xff,
    0xff, 0xff, 0xff, 0xf6, 0x0, 0x0, 0x0, 0x0,
    0x0, 0x0, 0x0, 0x8f, 0xff, 0xf1, 0x0, 0x0,
    0x0, 0x0, 0x0, 0x0, 0x0, 0x0, 0x8f, 0xff,
    0xf1, 0x0, 0x0, 0x0, 0x5, 0xbe, 0xfe, 0xc6,
    0x0, 0x8f, 0xff, 0xf1, 0x0, 0x0, 0x2, 0xcf,
    0xff, 0xff, 0xff, 0xb0, 0x8f, 0xff, 0xf1, 0x0,
    0x0, 0x2e, 0xff, 0xff, 0xff, 0xff, 0xfa, 0x8f,
    0xff, 0xf1, 0x0, 0x0, 0xcf, 0xff, 0xff, 0xfc,
    0xdf, 0xff, 0xdf, 0xff, 0xf1, 0x0, 0x5, 0xff,
    0xff, 0xf7, 0x0, 0x1, 0x9f, 0xff, 0xff, 0xf1,
    0x0, 0xc, 0xff, 0xff, 0x70, 0x0, 0x0, 0xa,
    0xff, 0xff, 0xf1, 0x0, 0xf, 0xff, 0xfe, 0x0,
    0x0, 0x0, 0x1, 0xff, 0xff, 0xf1, 0x0, 0x3f,
    0xff, 0xf8, 0x0, 0x0, 0x0, 0x0, 0xbf, 0xff,
    0xf1, 0x0, 0x5f, 0xff, 0xf5, 0x0, 0x0, 0x0,
    0x0, 0x8f, 0xff, 0xf1, 0x0, 0x6f, 0xff, 0xf4,
    0x0, 0x0, 0x0, 0x0, 0x7f, 0xff, 0xf1, 0x0,
    0x6f, 0xff, 0xf4, 0x0, 0x0, 0x0, 0x0, 0x7f,
    0xff, 0xf1, 0x0, 0x5f, 0xff, 0xf5, 0x0, 0x0,
    0x0, 0x0, 0x8f, 0xff, 0xf1, 0x0, 0x3f, 0xff,
    0xf9, 0x0, 0x0, 0x0, 0x0, 0xcf, 0xff, 0xf1,
    0x0, 0xf, 0xff, 0xfe, 0x0, 0x0, 0x0, 0x1,
    0xff, 0xff, 0xf1, 0x0, 0xb, 0xff, 0xff, 0x80,
    0x0, 0x0, 0xa, 0xff, 0xff, 0xf1, 0x0, 0x5,
    0xff, 0xff, 0xf7, 0x0, 0x1, 0xaf, 0xff, 0xff,
    0xf1, 0x0, 0x0, 0xcf, 0xff, 0xff, 0xfd, 0xdf,
    0xff, 0xcf, 0xff, 0xf1, 0x0, 0x0, 0x1e, 0xff,
    0xff, 0xff, 0xff, 0xfa, 0x6f, 0xff, 0xf1, 0x0,
    0x0, 0x2, 0xcf, 0xff, 0xff, 0xff, 0xb0, 0x6f,
    0xff, 0xf1, 0x0, 0x0, 0x0, 0x5, 0xbe, 0xfe,
    0xc6, 0x0, 0x6f, 0xff, 0xf1, 0x0,

    /* U+0112 "Ē" */
    0x0, 0x0, 0x11, 0x11, 0x11, 0x11, 0x11, 0x0,
    0x0, 0x0, 0x0, 0xdf, 0xff, 0xff, 0xff, 0xff,
    0x30, 0x0, 0x0, 0x0, 0xdf, 0xff, 0xff, 0xff,
    0xff, 0x30, 0x0, 0x0, 0x0, 0xdf, 0xff, 0xff,
    0xff, 0xff, 0x30, 0x0, 0x0, 0x0, 0x0, 0x0,
    0x0, 0x0, 0x0, 0x0, 0x0, 0x0, 0x0, 0x0,
    0x0, 0x0, 0x0, 0x0, 0x0, 0x0, 0x0, 0x0,
    0x0, 0x0, 0x0, 0x0, 0x0, 0x0, 0x0, 0x0,
    0x0, 0x0, 0x0, 0x0, 0x0, 0x0, 0x0, 0x0,
    0x5f, 0xff, 0xff, 0xff, 0xff, 0xff, 0xff, 0xff,
    0xfa, 0x5f, 0xff, 0xff, 0xff, 0xff, 0xff, 0xff,
    0xff, 0xfa, 0x5f, 0xff, 0xff, 0xff, 0xff, 0xff,
    0xff, 0xff, 0xfa, 0x5f, 0xff, 0xff, 0xff, 0xff,
    0xff, 0xff, 0xff, 0xfa, 0x5f, 0xff, 0xf5, 0x0,
    0x0, 0x0, 0x0, 0x0, 0x0, 0x5f, 0xff, 0xf5,
    0x0, 0x0, 0x0, 0x0, 0x0, 0x0, 0x5f, 0xff,
    0xf5, 0x0, 0x0, 0x0, 0x0, 0x0, 0x0, 0x5f,
    0xff, 0xf5, 0x0, 0x0, 0x0, 0x0, 0x0, 0x0,
    0x5f, 0xff, 0xf5, 0x0, 0x0, 0x0, 0x0, 0x0,
    0x0, 0x5f, 0xff, 0xf5, 0x0, 0x0, 0x0, 0x0,
    0x0, 0x0, 0x5f, 0xff, 0xf5, 0x0, 0x0, 0x0,
    0x0, 0x0, 0x0, 0x5f, 0xff, 0xff, 0xff, 0xff,
    0xff, 0xff, 0xff, 0xb0, 0x5f, 0xff, 0xff, 0xff,
    0xff, 0xff, 0xff, 0xff, 0xb0, 0x5f, 0xff, 0xff,
    0xff, 0xff, 0xff, 0xff, 0xff, 0xb0, 0x5f, 0xff,
    0xfe, 0xee, 0xee, 0xee, 0xee, 0xee, 0xa0, 0x5f,
    0xff, 0xf5, 0x0, 0x0, 0x0, 0x0, 0x0, 0x0,
    0x5f, 0xff, 0xf5, 0x0, 0x0, 0x0, 0x0, 0x0,
    0x0, 0x5f, 0xff, 0xf5, 0x0, 0x0, 0x0, 0x0,
    0x0, 0x0, 0x5f, 0xff, 0xf5, 0x0, 0x0, 0x0,
    0x0, 0x0, 0x0, 0x5f, 0xff, 0xf5, 0x0, 0x0,
    0x0, 0x0, 0x0, 0x0, 0x5f, 0xff, 0xf5, 0x0,
    0x0, 0x0, 0x0, 0x0, 0x0, 0x5f, 0xff, 0xf5,
    0x0, 0x0, 0x0, 0x0, 0x0, 0x0, 0x5f, 0xff,
    0xff, 0xff, 0xff, 0xff, 0xff, 0xff, 0xfb, 0x5f,
    0xff, 0xff, 0xff, 0xff, 0xff, 0xff, 0xff, 0xfb,
    0x5f, 0xff, 0xff, 0xff, 0xff, 0xff, 0xff, 0xff,
    0xfb, 0x5f, 0xff, 0xff, 0xff, 0xff, 0xff, 0xff,
    0xff, 0xfb,

    /* U+0113 "ē" */
    0x0, 0x0, 0x4f, 0xff, 0xff, 0xff, 0xff, 0xb0,
    0x0, 0x0, 0x0, 0x4, 0xff, 0xff, 0xff, 0xff,
    0xfb, 0x0, 0x0, 0x0, 0x0, 0x4f, 0xff, 0xff,
    0xff, 0xff, 0xb0, 0x0, 0x0, 0x0, 0x0, 0x11,
    0x11, 0x11, 0x11, 0x11, 0x0, 0x0, 0x0, 0x0,
    0x0, 0x0, 0x0, 0x0, 0x0, 0x0, 0x0, 0x0,
    0x0, 0x0, 0x0, 0x0, 0x0, 0x0, 0x0, 0x0,
    0x0, 0x0, 0x0, 0x1, 0x7b, 0xef, 0xfd, 0xa4,
    0x0, 0x0, 0x0, 0x0, 0x6, 0xff, 0xff, 0xff,
    0xff, 0xfd, 0x30, 0x0, 0x0, 0x8, 0xff, 0xff,
    0xff, 0xff, 0xff, 0xff, 0x40, 0x0, 0x6, 0xff,
    0xff, 0xfc, 0x9a, 0xdf, 0xff, 0xff, 0x20, 0x2,
    0xff, 0xff, 0xc2, 0x0, 0x0, 0x6f, 0xff, 0xfb,
    0x0, 0x9f, 0xff, 0xe1, 0x0, 0x0, 0x0, 0x8f,
    0xff, 0xf2, 0xe, 0xff, 0xf7, 0x0, 0x0, 0x0,
    0x0, 0xff, 0xff, 0x73, 0xff, 0xff, 0x42, 0x22,
    0x22, 0x22, 0x2c, 0xff, 0xfa, 0x5f, 0xff, 0xff,
    0xff, 0xff, 0xff, 0xff, 0xff, 0xff, 0xb6, 0xff,
    0xff, 0xff, 0xff, 0xff, 0xff, 0xff, 0xff, 0xfc,
    0x6f, 0xff, 0xff, 0xff, 0xff, 0xff, 0xff, 0xff,
    0xff, 0xc5, 0xff, 0xff, 0x20, 0x0, 0x0, 0x0,
    0x0, 0x0, 0x0, 0x3f, 0xff, 0xf5, 0x0, 0x0,
    0x0, 0x0, 0x0, 0x0, 0x0, 0xff, 0xff, 0x90,
    0x0, 0x0, 0x0, 0x1, 0x0, 0x0, 0xa, 0xff,
    0xff, 0x30, 0x0, 0x0, 0x1, 0xfe, 0xb8, 0x20,
    0x2f, 0xff, 0xfe, 0x40, 0x0, 0x2, 0xdf, 0xff,
    0xf2, 0x0, 0x7f, 0xff, 0xff, 0xda, 0xac, 0xff,
    0xff, 0xf9, 0x0, 0x0, 0x9f, 0xff, 0xff, 0xff,
    0xff, 0xff, 0xfc, 0x0, 0x0, 0x0, 0x6f, 0xff,
    0xff, 0xff, 0xff, 0xf8, 0x0, 0x0, 0x0, 0x0,
    0x16, 0xbe, 0xff, 0xec, 0x72, 0x0, 0x0,

    /* U+0114 "Ĕ" */
    0x0, 0x7, 0xff, 0x60, 0x0, 0x0, 0xff, 0xd0,
    0x0, 0x0, 0x4, 0xff, 0xe2, 0x0, 0xa, 0xff,
    0xa0, 0x0, 0x0, 0x0, 0xcf, 0xff, 0xcb, 0xef,
    0xff, 0x20, 0x0, 0x0, 0x0, 0x1c, 0xff, 0xff,
    0xff, 0xf5, 0x0, 0x0, 0x0, 0x0, 0x0, 0x6c,
    0xef, 0xd9, 0x20, 0x0, 0x0, 0x0, 0x0, 0x0,
    0x0, 0x0, 0x0, 0x0, 0x0, 0x0, 0x0, 0x0,
    0x0, 0x0, 0x0, 0x0, 0x0, 0x0, 0x0, 0x0,
    0x0, 0x0, 0x0, 0x0, 0x0, 0x0, 0x0, 0x0,
    0x5f, 0xff, 0xff, 0xff, 0xff, 0xff, 0xff, 0xff,
    0xfa, 0x5f, 0xff, 0xff, 0xff, 0xff, 0xff, 0xff,
    0xff, 0xfa, 0x5f, 0xff, 0xff, 0xff, 0xff, 0xff,
    0xff, 0xff, 0xfa, 0x5f, 0xff, 0xff, 0xff, 0xff,
    0xff, 0xff, 0xff, 0xfa, 0x5f, 0xff, 0xf5, 0x0,
    0x0, 0x0, 0x0, 0x0, 0x0, 0x5f, 0xff, 0xf5,
    0x0, 0x0, 0x0, 0x0, 0x0, 0x0, 0x5f, 0xff,
    0xf5, 0x0, 0x0, 0x0, 0x0, 0x0, 0x0, 0x5f,
    0xff, 0xf5, 0x0, 0x0, 0x0, 0x0, 0x0, 0x0,
    0x5f, 0xff, 0xf5, 0x0, 0x0, 0x0, 0x0, 0x0,
    0x0, 0x5f, 0xff, 0xf5, 0x0, 0x0, 0x0, 0x0,
    0x0, 0x0, 0x5f, 0xff, 0xf5, 0x0, 0x0, 0x0,
    0x0, 0x0, 0x0, 0x5f, 0xff, 0xff, 0xff, 0xff,
    0xff, 0xff, 0xff, 0xb0, 0x5f, 0xff, 0xff, 0xff,
    0xff, 0xff, 0xff, 0xff, 0xb0, 0x5f, 0xff, 0xff,
    0xff, 0xff, 0xff, 0xff, 0xff, 0xb0, 0x5f, 0xff,
    0xfe, 0xee, 0xee, 0xee, 0xee, 0xee, 0xa0, 0x5f,
    0xff, 0xf5, 0x0, 0x0, 0x0, 0x0, 0x0, 0x0,
    0x5f, 0xff, 0xf5, 0x0, 0x0, 0x0, 0x0, 0x0,
    0x0, 0x5f, 0xff, 0xf5, 0x0, 0x0, 0x0, 0x0,
    0x0, 0x0, 0x5f, 0xff, 0xf5, 0x0, 0x0, 0x0,
    0x0, 0x0, 0x0, 0x5f, 0xff, 0xf5, 0x0, 0x0,
    0x0, 0x0, 0x0, 0x0, 0x5f, 0xff, 0xf5, 0x0,
    0x0, 0x0, 0x0, 0x0, 0x0, 0x5f, 0xff, 0xf5,
    0x0, 0x0, 0x0, 0x0, 0x0, 0x0, 0x5f, 0xff,
    0xff, 0xff, 0xff, 0xff, 0xff, 0xff, 0xfb, 0x5f,
    0xff, 0xff, 0xff, 0xff, 0xff, 0xff, 0xff, 0xfb,
    0x5f, 0xff, 0xff, 0xff, 0xff, 0xff, 0xff, 0xff,
    0xfb, 0x5f, 0xff, 0xff, 0xff, 0xff, 0xff, 0xff,
    0xff, 0xfb,

    /* U+0115 "ĕ" */
    0x0, 0x0, 0xff, 0xe0, 0x0, 0x0, 0x7f, 0xf6,
    0x0, 0x0, 0x0, 0xb, 0xff, 0x80, 0x0, 0x3e,
    0xff, 0x20, 0x0, 0x0, 0x0, 0x3f, 0xff, 0xeb,
    0xdf, 0xff, 0xa0, 0x0, 0x0, 0x0, 0x0, 0x6f,
    0xff, 0xff, 0xff, 0xb0, 0x0, 0x0, 0x0, 0x0,
    0x0, 0x29, 0xdf, 0xeb, 0x50, 0x0, 0x0, 0x0,
    0x0, 0x0, 0x0, 0x0, 0x0, 0x0, 0x0, 0x0,
    0x0, 0x0, 0x0, 0x0, 0x0, 0x0, 0x0, 0x0,
    0x0, 0x0, 0x0, 0x0, 0x0, 0x0, 0x0, 0x0,
    0x0, 0x0, 0x0, 0x0, 0x0, 0x0, 0x1, 0x7b,
    0xef, 0xfd, 0xa4, 0x0, 0x0, 0x0, 0x0, 0x6,
    0xff, 0xff, 0xff, 0xff, 0xfd, 0x30, 0x0, 0x0,
    0x8, 0xff, 0xff, 0xff, 0xff, 0xff, 0xff, 0x40,
    0x0, 0x6, 0xff, 0xff, 0xfc, 0x9a, 0xdf, 0xff,
    0xff, 0x20, 0x2, 0xff, 0xff, 0xc2, 0x0, 0x0,
    0x6f, 0xff, 0xfb, 0x0, 0x9f, 0xff, 0xe1, 0x0,
    0x0, 0x0, 0x8f, 0xff, 0xf2, 0xe, 0xff, 0xf7,
    0x0, 0x0, 0x0, 0x0, 0xff, 0xff, 0x73, 0xff,
    0xff, 0x42, 0x22, 0x22, 0x22, 0x2c, 0xff, 0xfa,
    0x5f, 0xff, 0xff, 0xff, 0xff, 0xff, 0xff, 0xff,
    0xff, 0xb6, 0xff, 0xff, 0xff, 0xff, 0xff, 0xff,
    0xff, 0xff, 0xfc, 0x6f, 0xff, 0xff, 0xff, 0xff,
    0xff, 0xff, 0xff, 0xff, 0xc5, 0xff, 0xff, 0x20,
    0x0, 0x0, 0x0, 0x0, 0x0, 0x0, 0x3f, 0xff,
    0xf5, 0x0, 0x0, 0x0, 0x0, 0x0, 0x0, 0x0,
    0xff, 0xff, 0x90, 0x0, 0x0, 0x0, 0x1, 0x0,
    0x0, 0xa, 0xff, 0xff, 0x30, 0x0, 0x0, 0x1,
    0xfe, 0xb8, 0x20, 0x2f, 0xff, 0xfe, 0x40, 0x0,
    0x2, 0xdf, 0xff, 0xf2, 0x0, 0x7f, 0xff, 0xff,
    0xda, 0xac, 0xff, 0xff, 0xf9, 0x0, 0x0, 0x9f,
    0xff, 0xff, 0xff, 0xff, 0xff, 0xfc, 0x0, 0x0,
    0x0, 0x6f, 0xff, 0xff, 0xff, 0xff, 0xf8, 0x0,
    0x0, 0x0, 0x0, 0x16, 0xbe, 0xff, 0xec, 0x72,
    0x0, 0x0,

    /* U+0116 "Ė" */
    0x0, 0x0, 0x0, 0x0, 0x0, 0x0, 0x0, 0x0,
    0x0, 0x0, 0x0, 0x0, 0x6, 0xef, 0xa0, 0x0,
    0x0, 0x0, 0x0, 0x0, 0x0, 0x3f, 0xff, 0xf9,
    0x0, 0x0, 0x0, 0x0, 0x0, 0x0, 0x6f, 0xff,
    0xfd, 0x0, 0x0, 0x0, 0x0, 0x0, 0x0, 0x2f,
    0xff, 0xf9, 0x0, 0x0, 0x0, 0x0, 0x0, 0x0,
    0x5, 0xdf, 0xa0, 0x0, 0x0, 0x0, 0x0, 0x0,
    0x0, 0x0, 0x0, 0x0, 0x0, 0x0, 0x0, 0x0,
    0x0, 0x0, 0x0, 0x0, 0x0, 0x0, 0x0, 0x0,
    0x0, 0x0, 0x0, 0x0, 0x0, 0x0, 0x0, 0x0,
    0x0, 0x5f, 0xff, 0xff, 0xff, 0xff, 0xff, 0xff,
    0xff, 0xfa, 0x5f, 0xff, 0xff, 0xff, 0xff, 0xff,
    0xff, 0xff, 0xfa, 0x5f, 0xff, 0xff, 0xff, 0xff,
    0xff, 0xff, 0xff, 0xfa, 0x5f, 0xff, 0xff, 0xff,
    0xff, 0xff, 0xff, 0xff, 0xfa, 0x5f, 0xff, 0xf5,
    0x0, 0x0, 0x0, 0x0, 0x0, 0x0, 0x5f, 0xff,
    0xf5, 0x0, 0x0, 0x0, 0x0, 0x0, 0x0, 0x5f,
    0xff, 0xf5, 0x0, 0x0, 0x0, 0x0, 0x0, 0x0,
    0x5f, 0xff, 0xf5, 0x0, 0x0, 0x0, 0x0, 0x0,
    0x0, 0x5f, 0xff, 0xf5, 0x0, 0x0, 0x0, 0x0,
    0x0, 0x0, 0x5f, 0xff, 0xf5, 0x0, 0x0, 0x0,
    0x0, 0x0, 0x0, 0x5f, 0xff, 0xf5, 0x0, 0x0,
    0x0, 0x0, 0x0, 0x0, 0x5f, 0xff, 0xff, 0xff,
    0xff, 0xff, 0xff, 0xff, 0xb0, 0x5f, 0xff, 0xff,
    0xff, 0xff, 0xff, 0xff, 0xff, 0xb0, 0x5f, 0xff,
    0xff, 0xff, 0xff, 0xff, 0xff, 0xff, 0xb0, 0x5f,
    0xff, 0xfe, 0xee, 0xee, 0xee, 0xee, 0xee, 0xa0,
    0x5f, 0xff, 0xf5, 0x0, 0x0, 0x0, 0x0, 0x0,
    0x0, 0x5f, 0xff, 0xf5, 0x0, 0x0, 0x0, 0x0,
    0x0, 0x0, 0x5f, 0xff, 0xf5, 0x0, 0x0, 0x0,
    0x0, 0x0, 0x0, 0x5f, 0xff, 0xf5, 0x0, 0x0,
    0x0, 0x0, 0x0, 0x0, 0x5f, 0xff, 0xf5, 0x0,
    0x0, 0x0, 0x0, 0x0, 0x0, 0x5f, 0xff, 0xf5,
    0x0, 0x0, 0x0, 0x0, 0x0, 0x0, 0x5f, 0xff,
    0xf5, 0x0, 0x0, 0x0, 0x0, 0x0, 0x0, 0x5f,
    0xff, 0xff, 0xff, 0xff, 0xff, 0xff, 0xff, 0xfb,
    0x5f, 0xff, 0xff, 0xff, 0xff, 0xff, 0xff, 0xff,
    0xfb, 0x5f, 0xff, 0xff, 0xff, 0xff, 0xff, 0xff,
    0xff, 0xfb, 0x5f, 0xff, 0xff, 0xff, 0xff, 0xff,
    0xff, 0xff, 0xfb,

    /* U+0117 "ė" */
    0x0, 0x0, 0x0, 0x1, 0xaf, 0xd4, 0x0, 0x0,
    0x0, 0x0, 0x0, 0x0, 0x0, 0xaf, 0xff, 0xf2,
    0x0, 0x0, 0x0, 0x0, 0x0, 0x0, 0xe, 0xff,
    0xff, 0x50, 0x0, 0x0, 0x0, 0x0, 0x0, 0x0,
    0xaf, 0xff, 0xf2, 0x0, 0x0, 0x0, 0x0, 0x0,
    0x0, 0x1, 0xbf, 0xe5, 0x0, 0x0, 0x0, 0x0,
    0x0, 0x0, 0x0, 0x0, 0x0, 0x0, 0x0, 0x0,
    0x0, 0x0, 0x0, 0x0, 0x0, 0x0, 0x0, 0x0,
    0x0, 0x0, 0x0, 0x0, 0x0, 0x0, 0x0, 0x0,
    0x0, 0x0, 0x0, 0x0, 0x0, 0x0, 0x1, 0x7b,
    0xef, 0xfd, 0xa4, 0x0, 0x0, 0x0, 0x0, 0x6,
    0xff, 0xff, 0xff, 0xff, 0xfd, 0x30, 0x0, 0x0,
    0x8, 0xff, 0xff, 0xff, 0xff, 0xff, 0xff, 0x40,
    0x0, 0x6, 0xff, 0xff, 0xfc, 0x9a, 0xdf, 0xff,
    0xff, 0x20, 0x2, 0xff, 0xff, 0xc2, 0x0, 0x0,
    0x6f, 0xff, 0xfb, 0x0, 0x9f, 0xff, 0xe1, 0x0,
    0x0, 0x0, 0x8f, 0xff, 0xf2, 0xe, 0xff, 0xf7,
    0x0, 0x0, 0x0, 0x0, 0xff, 0xff, 0x73, 0xff,
    0xff, 0x42, 0x22, 0x22, 0x22, 0x2c, 0xff, 0xfa,
    0x5f, 0xff, 0xff, 0xff, 0xff, 0xff, 0xff, 0xff,
    0xff, 0xb6, 0xff, 0xff, 0xff, 0xff, 0xff, 0xff,
    0xff, 0xff, 0xfc, 0x6f, 0xff, 0xff, 0xff, 0xff,
    0xff, 0xff, 0xff, 0xff, 0xc5, 0xff, 0xff, 0x20,
    0x0, 0x0, 0x0, 0x0, 0x0, 0x0, 0x3f, 0xff,
    0xf5, 0x0, 0x0, 0x0, 0x0, 0x0, 0x0, 0x0,
    0xff, 0xff, 0x90, 0x0, 0x0, 0x0, 0x1, 0x0,
    0x0, 0xa, 0xff, 0xff, 0x30, 0x0, 0x0, 0x1,
    0xfe, 0xb8, 0x20, 0x2f, 0xff, 0xfe, 0x40, 0x0,
    0x2, 0xdf, 0xff, 0xf2, 0x0, 0x7f, 0xff, 0xff,
    0xda, 0xac, 0xff, 0xff, 0xf9, 0x0, 0x0, 0x9f,
    0xff, 0xff, 0xff, 0xff, 0xff, 0xfc, 0x0, 0x0,
    0x0, 0x6f, 0xff, 0xff, 0xff, 0xff, 0xf8, 0x0,
    0x0, 0x0, 0x0, 0x16, 0xbe, 0xff, 0xec, 0x72,
    0x0, 0x0,

    /* U+0118 "Ę" */
    0x5f, 0xff, 0xff, 0xff, 0xff, 0xff, 0xff, 0xff,
    0xfa, 0x5, 0xff, 0xff, 0xff, 0xff, 0xff, 0xff,
    0xff, 0xff, 0xa0, 0x5f, 0xff, 0xff, 0xff, 0xff,
    0xff, 0xff, 0xff, 0xfa, 0x5, 0xff, 0xff, 0xff,
    0xff, 0xff, 0xff, 0xff, 0xff, 0xa0, 0x5f, 0xff,
    0xf5, 0x0, 0x0, 0x0, 0x0, 0x0, 0x0, 0x5,
    0xff, 0xff, 0x50, 0x0, 0x0, 0x0, 0x0, 0x0,
    0x0, 0x5f, 0xff, 0xf5, 0x0, 0x0, 0x0, 0x0,
    0x0, 0x0, 0x5, 0xff, 0xff, 0x50, 0x0, 0x0,
    0x0, 0x0, 0x0, 0x0, 0x5f, 0xff, 0xf5, 0x0,
    0x0, 0x0, 0x0, 0x0, 0x0, 0x5, 0xff, 0xff,
    0x50, 0x0, 0x0, 0x0, 0x0, 0x0, 0x0, 0x5f,
    0xff, 0xfe, 0xee, 0xee, 0xee, 0xee, 0xee, 0xa0,
    0x5, 0xff, 0xff, 0xff, 0xff, 0xff, 0xff, 0xff,
    0xfb, 0x0, 0x5f, 0xff, 0xff, 0xff, 0xff, 0xff,
    0xff, 0xff, 0xb0, 0x5, 0xff, 0xff, 0xff, 0xff,
    0xff, 0xff, 0xff, 0xfb, 0x0, 0x5f, 0xff, 0xf5,
    0x0, 0x0, 0x0, 0x0, 0x0, 0x0, 0x5, 0xff,
    0xff, 0x50, 0x0, 0x0, 0x0, 0x0, 0x0, 0x0,
    0x5f, 0xff, 0xf5, 0x0, 0x0, 0x0, 0x0, 0x0,
    0x0, 0x5, 0xff, 0xff, 0x50, 0x0, 0x0, 0x0,
    0x0, 0x0, 0x0, 0x5f, 0xff, 0xf5, 0x0, 0x0,
    0x0, 0x0, 0x0, 0x0, 0x5, 0xff, 0xff, 0x50,
    0x0, 0x0, 0x0, 0x0, 0x0, 0x0, 0x5f, 0xff,
    0xf5, 0x0, 0x0, 0x0, 0x0, 0x0, 0x0, 0x5,
    0xff, 0xff, 0x50, 0x0, 0x0, 0x0, 0x0, 0x0,
    0x0, 0x5f, 0xff, 0xff, 0xff, 0xff, 0xff, 0xff,
    0xff, 0xfb, 0x5, 0xff, 0xff, 0xff, 0xff, 0xff,
    0xff, 0xff, 0xff, 0xb0, 0x5f, 0xff, 0xff, 0xff,
    0xff, 0xff, 0xff, 0xff, 0xfb, 0x5, 0xff, 0xff,
    0xff, 0xff, 0xff, 0xff, 0xff, 0xff, 0xb0, 0x0,
    0x0, 0x0, 0x0, 0x0, 0x0, 0xaf, 0xff, 0xa2,
    0x0, 0x0, 0x0, 0x0, 0x0, 0x0, 0x8f, 0xff,
    0x70, 0x0, 0x0, 0x0, 0x0, 0x0, 0x0, 0x1f,
    0xff, 0xe0, 0x0, 0x0, 0x0, 0x0, 0x0, 0x0,
    0x4, 0xff, 0xff, 0x31, 0x30, 0x0, 0x0, 0x0,
    0x0, 0x0, 0x2f, 0xff, 0xff, 0xff, 0x0, 0x0,
    0x0, 0x0, 0x0, 0x0, 0xaf, 0xff, 0xff, 0xf6,
    0x0, 0x0, 0x0, 0x0, 0x0, 0x0, 0x5c, 0xef,
    0xda, 0x30,

    /* U+0119 "ę" */
    0x0, 0x0, 0x1, 0x7b, 0xef, 0xfd, 0xa4, 0x0,
    0x0, 0x0, 0x0, 0x6, 0xff, 0xff, 0xff, 0xff,
    0xfd, 0x30, 0x0, 0x0, 0x8, 0xff, 0xff, 0xff,
    0xff, 0xff, 0xff, 0x40, 0x0, 0x6, 0xff, 0xff,
    0xfc, 0x9a, 0xdf, 0xff, 0xff, 0x20, 0x2, 0xff,
    0xff, 0xc2, 0x0, 0x0, 0x6f, 0xff, 0xfb, 0x0,
    0x9f, 0xff, 0xe1, 0x0, 0x0, 0x0, 0x8f, 0xff,
    0xf2, 0xe, 0xff, 0xf7, 0x0, 0x0, 0x0, 0x0,
    0xff, 0xff, 0x73, 0xff, 0xff, 0x42, 0x22, 0x22,
    0x22, 0x2c, 0xff, 0xfa, 0x5f, 0xff, 0xff, 0xff,
    0xff, 0xff, 0xff, 0xff, 0xff, 0xb6, 0xff, 0xff,
    0xff, 0xff, 0xff, 0xff, 0xff, 0xff, 0xfc, 0x6f,
    0xff, 0xff, 0xff, 0xff, 0xff, 0xff, 0xff, 0xff,
    0xc5, 0xff, 0xff, 0x20, 0x0, 0x0, 0x0, 0x0,
    0x0, 0x0, 0x3f, 0xff, 0xf5, 0x0, 0x0, 0x0,
    0x0, 0x0, 0x0, 0x0, 0xff, 0xff, 0x90, 0x0,
    0x0, 0x0, 0x1, 0x0, 0x0, 0xa, 0xff, 0xff,
    0x30, 0x0, 0x0, 0x1, 0xfe, 0xb8, 0x30, 0x2f,
    0xff, 0xfe, 0x40, 0x0, 0x2, 0xdf, 0xff, 0xf5,
    0x0, 0x7f, 0xff, 0xff, 0xda, 0xac, 0xff, 0xff,
    0xff, 0x0, 0x0, 0x9f, 0xff, 0xff, 0xff, 0xff,
    0xff, 0xff, 0x40, 0x0, 0x0, 0x6f, 0xff, 0xff,
    0xff, 0xff, 0xff, 0xa0, 0x0, 0x0, 0x0, 0x16,
    0xbe, 0xff, 0xff, 0xff, 0xe1, 0x0, 0x0, 0x0,
    0x0, 0x0, 0x0, 0x8, 0xff, 0xf6, 0x0, 0x0,
    0x0, 0x0, 0x0, 0x0, 0x1, 0xff, 0xfd, 0x0,
    0x0, 0x0, 0x0, 0x0, 0x0, 0x0, 0x7f, 0xff,
    0x80, 0x0, 0x0, 0x0, 0x0, 0x0, 0x0, 0x9,
    0xff, 0xfc, 0x12, 0x20, 0x0, 0x0, 0x0, 0x0,
    0x0, 0x6f, 0xff, 0xff, 0xfb, 0x0, 0x0, 0x0,
    0x0, 0x0, 0x0, 0xdf, 0xff, 0xff, 0xf2, 0x0,
    0x0, 0x0, 0x0, 0x0, 0x0, 0x7d, 0xff, 0xc8,
    0x10,

    /* U+011A "Ě" */
    0x0, 0x17, 0x88, 0x60, 0x0, 0x4, 0x88, 0x85,
    0x0, 0x0, 0x8, 0xff, 0xf7, 0x0, 0x2f, 0xff,
    0xe2, 0x0, 0x0, 0x0, 0xaf, 0xff, 0x40, 0xdf,
    0xff, 0x30, 0x0, 0x0, 0x0, 0xc, 0xff, 0xea,
    0xff, 0xf4, 0x0, 0x0, 0x0, 0x0, 0x1, 0xdf,
    0xff, 0xff, 0x60, 0x0, 0x0, 0x0, 0x0, 0x0,
    0x2e, 0xff, 0xf7, 0x0, 0x0, 0x0, 0x0, 0x0,
    0x0, 0x0, 0x0, 0x0, 0x0, 0x0, 0x0, 0x0,
    0x0, 0x0, 0x0, 0x0, 0x0, 0x0, 0x0, 0x0,
    0x0, 0x0, 0x0, 0x0, 0x0, 0x0, 0x0, 0x0,
    0x0, 0x5f, 0xff, 0xff, 0xff, 0xff, 0xff, 0xff,
    0xff, 0xfa, 0x5f, 0xff, 0xff, 0xff, 0xff, 0xff,
    0xff, 0xff, 0xfa, 0x5f, 0xff, 0xff, 0xff, 0xff,
    0xff, 0xff, 0xff, 0xfa, 0x5f, 0xff, 0xff, 0xff,
    0xff, 0xff, 0xff, 0xff, 0xfa, 0x5f, 0xff, 0xf5,
    0x0, 0x0, 0x0, 0x0, 0x0, 0x0, 0x5f, 0xff,
    0xf5, 0x0, 0x0, 0x0, 0x0, 0x0, 0x0, 0x5f,
    0xff, 0xf5, 0x0, 0x0, 0x0, 0x0, 0x0, 0x0,
    0x5f, 0xff, 0xf5, 0x0, 0x0, 0x0, 0x0, 0x0,
    0x0, 0x5f, 0xff, 0xf5, 0x0, 0x0, 0x0, 0x0,
    0x0, 0x0, 0x5f, 0xff, 0xf5, 0x0, 0x0, 0x0,
    0x0, 0x0, 0x0, 0x5f, 0xff, 0xf5, 0x0, 0x0,
    0x0, 0x0, 0x0, 0x0, 0x5f, 0xff, 0xff, 0xff,
    0xff, 0xff, 0xff, 0xff, 0xb0, 0x5f, 0xff, 0xff,
    0xff, 0xff, 0xff, 0xff, 0xff, 0xb0, 0x5f, 0xff,
    0xff, 0xff, 0xff, 0xff, 0xff, 0xff, 0xb0, 0x5f,
    0xff, 0xfe, 0xee, 0xee, 0xee, 0xee, 0xee, 0xa0,
    0x5f, 0xff, 0xf5, 0x0, 0x0, 0x0, 0x0, 0x0,
    0x0, 0x5f, 0xff, 0xf5, 0x0, 0x0, 0x0, 0x0,
    0x0, 0x0, 0x5f, 0xff, 0xf5, 0x0, 0x0, 0x0,
    0x0, 0x0, 0x0, 0x5f, 0xff, 0xf5, 0x0, 0x0,
    0x0, 0x0, 0x0, 0x0, 0x5f, 0xff, 0xf5, 0x0,
    0x0, 0x0, 0x0, 0x0, 0x0, 0x5f, 0xff, 0xf5,
    0x0, 0x0, 0x0, 0x0, 0x0, 0x0, 0x5f, 0xff,
    0xf5, 0x0, 0x0, 0x0, 0x0, 0x0, 0x0, 0x5f,
    0xff, 0xff, 0xff, 0xff, 0xff, 0xff, 0xff, 0xfb,
    0x5f, 0xff, 0xff, 0xff, 0xff, 0xff, 0xff, 0xff,
    0xfb, 0x5f, 0xff, 0xff, 0xff, 0xff, 0xff, 0xff,
    0xff, 0xfb, 0x5f, 0xff, 0xff, 0xff, 0xff, 0xff,
    0xff, 0xff, 0xfb,

    /* U+011B "ě" */
    0x0, 0x6, 0xff, 0xfa, 0x0, 0x3, 0xff, 0xfd,
    0x10, 0x0, 0x0, 0x7, 0xff, 0xf7, 0x2, 0xef,
    0xfe, 0x10, 0x0, 0x0, 0x0, 0x8, 0xff, 0xf6,
    0xdf, 0xfe, 0x20, 0x0, 0x0, 0x0, 0x0, 0x8,
    0xff, 0xff, 0xfe, 0x20, 0x0, 0x0, 0x0, 0x0,
    0x0, 0x9, 0xff, 0xfe, 0x20, 0x0, 0x0, 0x0,
    0x0, 0x0, 0x0, 0x0, 0x0, 0x0, 0x0, 0x0,
    0x0, 0x0, 0x0, 0x0, 0x0, 0x0, 0x0, 0x0,
    0x0, 0x0, 0x0, 0x0, 0x0, 0x0, 0x0, 0x0,
    0x0, 0x0, 0x0, 0x0, 0x0, 0x0, 0x1, 0x7b,
    0xef, 0xfd, 0xa4, 0x0, 0x0, 0x0, 0x0, 0x6,
    0xff, 0xff, 0xff, 0xff, 0xfd, 0x30, 0x0, 0x0,
    0x8, 0xff, 0xff, 0xff, 0xff, 0xff, 0xff, 0x40,
    0x0, 0x6, 0xff, 0xff, 0xfc, 0x9a, 0xdf, 0xff,
    0xff, 0x20, 0x2, 0xff, 0xff, 0xc2, 0x0, 0x0,
    0x6f, 0xff, 0xfb, 0x0, 0x9f, 0xff, 0xe1, 0x0,
    0x0, 0x0, 0x8f, 0xff, 0xf2, 0xe, 0xff, 0xf7,
    0x0, 0x0, 0x0, 0x0, 0xff, 0xff, 0x73, 0xff,
    0xff, 0x42, 0x22, 0x22, 0x22, 0x2c, 0xff, 0xfa,
    0x5f, 0xff, 0xff, 0xff, 0xff, 0xff, 0xff, 0xff,
    0xff, 0xb6, 0xff, 0xff, 0xff, 0xff, 0xff, 0xff,
    0xff, 0xff, 0xfc, 0x6f, 0xff, 0xff, 0xff, 0xff,
    0xff, 0xff, 0xff, 0xff, 0xc5, 0xff, 0xff, 0x20,
    0x0, 0x0, 0x0, 0x0, 0x0, 0x0, 0x3f, 0xff,
    0xf5, 0x0, 0x0, 0x0, 0x0, 0x0, 0x0, 0x0,
    0xff, 0xff, 0x90, 0x0, 0x0, 0x0, 0x1, 0x0,
    0x0, 0xa, 0xff, 0xff, 0x30, 0x0, 0x0, 0x1,
    0xfe, 0xb8, 0x20, 0x2f, 0xff, 0xfe, 0x40, 0x0,
    0x2, 0xdf, 0xff, 0xf2, 0x0, 0x7f, 0xff, 0xff,
    0xda, 0xac, 0xff, 0xff, 0xf9, 0x0, 0x0, 0x9f,
    0xff, 0xff, 0xff, 0xff, 0xff, 0xfc, 0x0, 0x0,
    0x0, 0x6f, 0xff, 0xff, 0xff, 0xff, 0xf8, 0x0,
    0x0, 0x0, 0x0, 0x16, 0xbe, 0xff, 0xec, 0x72,
    0x0, 0x0,

    /* U+011C "Ĝ" */
    0x0, 0x0, 0x0, 0x0, 0x0, 0x38, 0x88, 0x60,
    0x0, 0x0, 0x0, 0x0, 0x0, 0x0, 0x0, 0x0,
    0x0, 0x3e, 0xff, 0xff, 0x80, 0x0, 0x0, 0x0,
    0x0, 0x0, 0x0, 0x0, 0x0, 0x2e, 0xff, 0xdf,
    0xff, 0x70, 0x0, 0x0, 0x0, 0x0, 0x0, 0x0,
    0x0, 0x2e, 0xff, 0xd1, 0x8f, 0xff, 0x60, 0x0,
    0x0, 0x0, 0x0, 0x0, 0x0, 0x2e, 0xff, 0xe2,
    0x0, 0xaf, 0xff, 0x60, 0x0, 0x0, 0x0, 0x0,
    0x0, 0x6, 0x88, 0x83, 0x0, 0x0, 0x78, 0x87,
    0x0, 0x0, 0x0, 0x0, 0x0, 0x0, 0x0, 0x0,
    0x0, 0x0, 0x0, 0x0, 0x0, 0x0, 0x0, 0x0,
    0x0, 0x0, 0x0, 0x0, 0x0, 0x0, 0x0, 0x0,
    0x0, 0x0, 0x0, 0x0, 0x0, 0x0, 0x0, 0x0,
    0x0, 0x0, 0x0, 0x0, 0x0, 0x0, 0x0, 0x0,
    0x0, 0x0, 0x0, 0x0, 0x4, 0x9c, 0xef, 0xfe,
    0xb7, 0x20, 0x0, 0x0, 0x0, 0x0, 0x0, 0x0,
    0x5d, 0xff, 0xff, 0xff, 0xff, 0xff, 0xa1, 0x0,
    0x0, 0x0, 0x0, 0x0, 0xaf, 0xff, 0xff, 0xff,
    0xff, 0xff, 0xff, 0xf5, 0x0, 0x0, 0x0, 0x0,
    0xbf, 0xff, 0xff, 0xff, 0xff, 0xff, 0xff, 0xff,
    0xf6, 0x0, 0x0, 0x0, 0x9f, 0xff, 0xff, 0xf9,
    0x53, 0x46, 0xaf, 0xff, 0xff, 0xf4, 0x0, 0x0,
    0x4f, 0xff, 0xff, 0xb1, 0x0, 0x0, 0x0, 0x2d,
    0xff, 0xff, 0xd0, 0x0, 0xd, 0xff, 0xff, 0xa0,
    0x0, 0x0, 0x0, 0x0, 0x1e, 0xff, 0xff, 0x50,
    0x4, 0xff, 0xff, 0xe0, 0x0, 0x0, 0x0, 0x0,
    0x0, 0x6f, 0xff, 0xfa, 0x0, 0x9f, 0xff, 0xf6,
    0x0, 0x0, 0x0, 0x0, 0x0, 0x0, 0x44, 0x44,
    0x30, 0xd, 0xff, 0xff, 0x10, 0x0, 0x0, 0x0,
    0x0, 0x0, 0x0, 0x0, 0x0, 0x0, 0xff, 0xff,
    0xc0, 0x0, 0x0, 0x0, 0x0, 0x0, 0x0, 0x0,
    0x0, 0x0, 0x1f, 0xff, 0xfa, 0x0, 0x0, 0x0,
    0x0, 0x0, 0x0, 0x0, 0x0, 0x0, 0x2, 0xff,
    0xff, 0x80, 0x0, 0x0, 0x0, 0x8f, 0xff, 0xff,
    0xff, 0xff, 0xf0, 0x2f, 0xff, 0xf8, 0x0, 0x0,
    0x0, 0x8, 0xff, 0xff, 0xff, 0xff, 0xff, 0x1,
    0xff, 0xff, 0x90, 0x0, 0x0, 0x0, 0x8f, 0xff,
    0xff, 0xff, 0xff, 0xf0, 0xf, 0xff, 0xfc, 0x0,
    0x0, 0x0, 0x6, 0xbb, 0xbb, 0xbd, 0xff, 0xff,
    0x0, 0xdf, 0xff, 0xf0, 0x0, 0x0, 0x0, 0x0,
    0x0, 0x0, 0x9f, 0xff, 0xf0, 0x9, 0xff, 0xff,
    0x50, 0x0, 0x0, 0x0, 0x0, 0x0, 0xc, 0xff,
    0xfd, 0x0, 0x4f, 0xff, 0xfd, 0x0, 0x0, 0x0,
    0x0, 0x0, 0x2, 0xff, 0xff, 0x90, 0x0, 0xdf,
    0xff, 0xf9, 0x0, 0x0, 0x0, 0x0, 0x0, 0xcf,
    0xff, 0xf4, 0x0, 0x5, 0xff, 0xff, 0xfa, 0x10,
    0x0, 0x0, 0x1, 0xbf, 0xff, 0xfd, 0x0, 0x0,
    0xa, 0xff, 0xff, 0xff, 0xa6, 0x44, 0x6a, 0xff,
    0xff, 0xff, 0x30, 0x0, 0x0, 0xc, 0xff, 0xff,
    0xff, 0xff, 0xff, 0xff, 0xff, 0xff, 0x70, 0x0,
    0x0, 0x0, 0xa, 0xff, 0xff, 0xff, 0xff, 0xff,
    0xff, 0xff, 0x60, 0x0, 0x0, 0x0, 0x0, 0x5,
    0xdf, 0xff, 0xff, 0xff, 0xff, 0xfc, 0x30, 0x0,
    0x0, 0x0, 0x0, 0x0, 0x0, 0x49, 0xce, 0xff,
    0xec, 0x83, 0x0, 0x0, 0x0, 0x0,

    /* U+011D "ĝ" */
    0x0, 0x0, 0x0, 0x1, 0x78, 0x87, 0x0, 0x0,
    0x0, 0x0, 0x0, 0x0, 0x0, 0x1d, 0xff, 0xff,
    0xb0, 0x0, 0x0, 0x0, 0x0, 0x0, 0x1, 0xcf,
    0xfe, 0xff, 0xfa, 0x0, 0x0, 0x0, 0x0, 0x0,
    0xc, 0xff, 0xf3, 0x4f, 0xff, 0xa0, 0x0, 0x0,
    0x0, 0x0, 0xcf, 0xff, 0x40, 0x6, 0xff, 0xf9,
    0x0, 0x0, 0x0, 0x4, 0x88, 0x85, 0x0, 0x0,
    0x68, 0x88, 0x20, 0x0, 0x0, 0x0, 0x0, 0x0,
    0x0, 0x0, 0x0, 0x0, 0x0, 0x0, 0x0, 0x0,
    0x0, 0x0, 0x0, 0x0, 0x0, 0x0, 0x0, 0x0,
    0x0, 0x0, 0x0, 0x0, 0x0, 0x0, 0x0, 0x0,
    0x0, 0x0, 0x0, 0x0, 0x4, 0xae, 0xfe, 0xc6,
    0x0, 0x6f, 0xff, 0xf1, 0x0, 0x1, 0xbf, 0xff,
    0xff, 0xff, 0xc1, 0x6f, 0xff, 0xf1, 0x0, 0x1d,
    0xff, 0xff, 0xff, 0xff, 0xfb, 0x6f, 0xff, 0xf1,
    0x0, 0xbf, 0xff, 0xff, 0xfd, 0xdf, 0xff, 0xcf,
    0xff, 0xf1, 0x4, 0xff, 0xff, 0xf8, 0x0, 0x1,
    0x9f, 0xff, 0xff, 0xf1, 0xb, 0xff, 0xff, 0x80,
    0x0, 0x0, 0xa, 0xff, 0xff, 0xf1, 0xf, 0xff,
    0xfe, 0x0, 0x0, 0x0, 0x1, 0xff, 0xff, 0xf1,
    0x3f, 0xff, 0xf9, 0x0, 0x0, 0x0, 0x0, 0xcf,
    0xff, 0xf1, 0x5f, 0xff, 0xf6, 0x0, 0x0, 0x0,
    0x0, 0x8f, 0xff, 0xf1, 0x6f, 0xff, 0xf4, 0x0,
    0x0, 0x0, 0x0, 0x7f, 0xff, 0xf1, 0x6f, 0xff,
    0xf4, 0x0, 0x0, 0x0, 0x0, 0x6f, 0xff, 0xf1,
    0x6f, 0xff, 0xf5, 0x0, 0x0, 0x0, 0x0, 0x7f,
    0xff, 0xf1, 0x4f, 0xff, 0xf7, 0x0, 0x0, 0x0,
    0x0, 0xaf, 0xff, 0xf1, 0x1f, 0xff, 0xfc, 0x0,
    0x0, 0x0, 0x0, 0xff, 0xff, 0xf1, 0xd, 0xff,
    0xff, 0x50, 0x0, 0x0, 0x8, 0xff, 0xff, 0xf1,
    0x6, 0xff, 0xff, 0xf4, 0x0, 0x0, 0x6f, 0xff,
    0xff, 0xf1, 0x0, 0xdf, 0xff, 0xff, 0xda, 0xae,
    0xff, 0xef, 0xff, 0xf1, 0x0, 0x2e, 0xff, 0xff,
    0xff, 0xff, 0xfb, 0x6f, 0xff, 0xf1, 0x0, 0x2,
    0xdf, 0xff, 0xff, 0xff, 0xc1, 0x6f, 0xff, 0xf1,
    0x0, 0x0, 0x5, 0xbe, 0xfe, 0xc7, 0x0, 0x6f,
    0xff, 0xf1, 0x0, 0x0, 0x0, 0x0, 0x0, 0x0,
    0x0, 0x7f, 0xff, 0xf0, 0x0, 0x0, 0x22, 0x0,
    0x0, 0x0, 0x0, 0xcf, 0xff, 0xd0, 0x3, 0xae,
    0xfe, 0x40, 0x0, 0x0, 0x8, 0xff, 0xff, 0x80,
    0x3, 0xff, 0xff, 0xfc, 0x98, 0x9a, 0xff, 0xff,
    0xfe, 0x10, 0x0, 0x6f, 0xff, 0xff, 0xff, 0xff,
    0xff, 0xff, 0xe2, 0x0, 0x0, 0x4, 0xef, 0xff,
    0xff, 0xff, 0xff, 0xfa, 0x20, 0x0, 0x0, 0x0,
    0x5, 0xad, 0xef, 0xfd, 0xc7, 0x30, 0x0, 0x0,

    /* U+011E "Ğ" */
    0x0, 0x0, 0x0, 0x7, 0x86, 0x0, 0x0, 0x3,
    0x88, 0x30, 0x0, 0x0, 0x0, 0x0, 0x0, 0x0,
    0xef, 0xf1, 0x0, 0x0, 0xaf, 0xf4, 0x0, 0x0,
    0x0, 0x0, 0x0, 0x0, 0x9, 0xff, 0xd3, 0x2,
    0x8f, 0xfe, 0x0, 0x0, 0x0, 0x0, 0x0, 0x0,
    0x0, 0x1d, 0xff, 0xff, 0xff, 0xff, 0x60, 0x0,
    0x0, 0x0, 0x0, 0x0, 0x0, 0x0, 0x2c, 0xff,
    0xff, 0xff, 0x60, 0x0, 0x0, 0x0, 0x0, 0x0,
    0x0, 0x0, 0x0, 0x4, 0x9a, 0x96, 0x10, 0x0,
    0x0, 0x0, 0x0, 0x0, 0x0, 0x0, 0x0, 0x0,
    0x0, 0x0, 0x0, 0x0, 0x0, 0x0, 0x0, 0x0,
    0x0, 0x0, 0x0, 0x0, 0x0, 0x0, 0x0, 0x0,
    0x0, 0x0, 0x0, 0x0, 0x0, 0x0, 0x0, 0x0,
    0x0, 0x0, 0x0, 0x0, 0x0, 0x0, 0x0, 0x0,
    0x0, 0x0, 0x0, 0x0, 0x4, 0x9c, 0xef, 0xfe,
    0xb7, 0x20, 0x0, 0x0, 0x0, 0x0, 0x0, 0x0,
    0x5d, 0xff, 0xff, 0xff, 0xff, 0xff, 0xa1, 0x0,
    0x0, 0x0, 0x0, 0x0, 0xaf, 0xff, 0xff, 0xff,
    0xff, 0xff, 0xff, 0xf5, 0x0, 0x0, 0x0, 0x0,
    0xbf, 0xff, 0xff, 0xff, 0xff, 0xff, 0xff, 0xff,
    0xf6, 0x0, 0x0, 0x0, 0x9f, 0xff, 0xff, 0xf9,
    0x53, 0x46, 0xaf, 0xff, 0xff, 0xf4, 0x0, 0x0,
    0x4f, 0xff, 0xff, 0xb1, 0x0, 0x0, 0x0, 0x2d,
    0xff, 0xff, 0xd0, 0x0, 0xd, 0xff, 0xff, 0xa0,
    0x0, 0x0, 0x0, 0x0, 0x1e, 0xff, 0xff, 0x50,
    0x4, 0xff, 0xff, 0xe0, 0x0, 0x0, 0x0, 0x0,
    0x0, 0x6f, 0xff, 0xfa, 0x0, 0x9f, 0xff, 0xf6,
    0x0, 0x0, 0x0, 0x0, 0x0, 0x0, 0x44, 0x44,
    0x30, 0xd, 0xff, 0xff, 0x10, 0x0, 0x0, 0x0,
    0x0, 0x0, 0x0, 0x0, 0x0, 0x0, 0xff, 0xff,
    0xc0, 0x0, 0x0, 0x0, 0x0, 0x0, 0x0, 0x0,
    0x0, 0x0, 0x1f, 0xff, 0xfa, 0x0, 0x0, 0x0,
    0x0, 0x0, 0x0, 0x0, 0x0, 0x0, 0x2, 0xff,
    0xff, 0x80, 0x0, 0x0, 0x0, 0x8f, 0xff, 0xff,
    0xff, 0xff, 0xf0, 0x2f, 0xff, 0xf8, 0x0, 0x0,
    0x0, 0x8, 0xff, 0xff, 0xff, 0xff, 0xff, 0x1,
    0xff, 0xff, 0x90, 0x0, 0x0, 0x0, 0x8f, 0xff,
    0xff, 0xff, 0xff, 0xf0, 0xf, 0xff, 0xfc, 0x0,
    0x0, 0x0, 0x6, 0xbb, 0xbb, 0xbd, 0xff, 0xff,
    0x0, 0xdf, 0xff, 0xf0, 0x0, 0x0, 0x0, 0x0,
    0x0, 0x0, 0x9f, 0xff, 0xf0, 0x9, 0xff, 0xff,
    0x50, 0x0, 0x0, 0x0, 0x0, 0x0, 0xc, 0xff,
    0xfd, 0x0, 0x4f, 0xff, 0xfd, 0x0, 0x0, 0x0,
    0x0, 0x0, 0x2, 0xff, 0xff, 0x90, 0x0, 0xdf,
    0xff, 0xf9, 0x0, 0x0, 0x0, 0x0, 0x0, 0xcf,
    0xff, 0xf4, 0x0, 0x5, 0xff, 0xff, 0xfa, 0x10,
    0x0, 0x0, 0x1, 0xbf, 0xff, 0xfd, 0x0, 0x0,
    0xa, 0xff, 0xff, 0xff, 0xa6, 0x44, 0x6a, 0xff,
    0xff, 0xff, 0x30, 0x0, 0x0, 0xc, 0xff, 0xff,
    0xff, 0xff, 0xff, 0xff, 0xff, 0xff, 0x70, 0x0,
    0x0, 0x0, 0xa, 0xff, 0xff, 0xff, 0xff, 0xff,
    0xff, 0xff, 0x60, 0x0, 0x0, 0x0, 0x0, 0x5,
    0xdf, 0xff, 0xff, 0xff, 0xff, 0xfc, 0x30, 0x0,
    0x0, 0x0, 0x0, 0x0, 0x0, 0x49, 0xce, 0xff,
    0xec, 0x83, 0x0, 0x0, 0x0, 0x0,

    /* U+011F "ğ" */
    0x0, 0x0, 0x11, 0x10, 0x0, 0x0, 0x1, 0x10,
    0x0, 0x0, 0x0, 0x0, 0xbf, 0xf2, 0x0, 0x0,
    0x4f, 0xf9, 0x0, 0x0, 0x0, 0x0, 0x8f, 0xfb,
    0x10, 0x2, 0xdf, 0xf5, 0x0, 0x0, 0x0, 0x0,
    0x1e, 0xff, 0xfc, 0xcf, 0xff, 0xd0, 0x0, 0x0,
    0x0, 0x0, 0x3, 0xef, 0xff, 0xff, 0xfd, 0x10,
    0x0, 0x0, 0x0, 0x0, 0x0, 0x17, 0xdf, 0xfc,
    0x70, 0x0, 0x0, 0x0, 0x0, 0x0, 0x0, 0x0,
    0x0, 0x0, 0x0, 0x0, 0x0, 0x0, 0x0, 0x0,
    0x0, 0x0, 0x0, 0x0, 0x0, 0x0, 0x0, 0x0,
    0x0, 0x0, 0x0, 0x0, 0x0, 0x0, 0x0, 0x0,
    0x0, 0x0, 0x0, 0x0, 0x4, 0xae, 0xfe, 0xc6,
    0x0, 0x6f, 0xff, 0xf1, 0x0, 0x1, 0xbf, 0xff,
    0xff, 0xff, 0xc1, 0x6f, 0xff, 0xf1, 0x0, 0x1d,
    0xff, 0xff, 0xff, 0xff, 0xfb, 0x6f, 0xff, 0xf1,
    0x0, 0xbf, 0xff, 0xff, 0xfd, 0xdf, 0xff, 0xcf,
    0xff, 0xf1, 0x4, 0xff, 0xff, 0xf8, 0x0, 0x1,
    0x9f, 0xff, 0xff, 0xf1, 0xb, 0xff, 0xff, 0x80,
    0x0, 0x0, 0xa, 0xff, 0xff, 0xf1, 0xf, 0xff,
    0xfe, 0x0, 0x0, 0x0, 0x1, 0xff, 0xff, 0xf1,
    0x3f, 0xff, 0xf9, 0x0, 0x0, 0x0, 0x0, 0xcf,
    0xff, 0xf1, 0x5f, 0xff, 0xf6, 0x0, 0x0, 0x0,
    0x0, 0x8f, 0xff, 0xf1, 0x6f, 0xff, 0xf4, 0x0,
    0x0, 0x0, 0x0, 0x7f, 0xff, 0xf1, 0x6f, 0xff,
    0xf4, 0x0, 0x0, 0x0, 0x0, 0x6f, 0xff, 0xf1,
    0x6f, 0xff, 0xf5, 0x0, 0x0, 0x0, 0x0, 0x7f,
    0xff, 0xf1, 0x4f, 0xff, 0xf7, 0x0, 0x0, 0x0,
    0x0, 0xaf, 0xff, 0xf1, 0x1f, 0xff, 0xfc, 0x0,
    0x0, 0x0, 0x0, 0xff, 0xff, 0xf1, 0xd, 0xff,
    0xff, 0x50, 0x0, 0x0, 0x8, 0xff, 0xff, 0xf1,
    0x6, 0xff, 0xff, 0xf4, 0x0, 0x0, 0x6f, 0xff,
    0xff, 0xf1, 0x0, 0xdf, 0xff, 0xff, 0xda, 0xae,
    0xfe, 0x7f, 0xff, 0xf1, 0x0, 0x2e, 0xff, 0xff,
    0xff, 0xff, 0xf6, 0x6f, 0xff, 0xf1, 0x0, 0x2,
    0xdf, 0xff, 0xff, 0xff, 0x80, 0x6f, 0xff, 0xf1,
    0x0, 0x0, 0x5, 0xbe, 0xfe, 0xb4, 0x0, 0x6f,
    0xff, 0xf1, 0x0, 0x0, 0x0, 0x0, 0x0, 0x0,
    0x0, 0x8f, 0xff, 0xf0, 0x0, 0x0, 0x22, 0x0,
    0x0, 0x0, 0x0, 0xdf, 0xff, 0xd0, 0x3, 0xae,
    0xfe, 0x40, 0x0, 0x0, 0x1a, 0xff, 0xff, 0x80,
    0x3, 0xff, 0xff, 0xfc, 0x98, 0x9b, 0xff, 0xff,
    0xfe, 0x10, 0x0, 0x6f, 0xff, 0xff, 0xff, 0xff,
    0xff, 0xff, 0xe2, 0x0, 0x0, 0x4, 0xef, 0xff,
    0xff, 0xff, 0xff, 0xfa, 0x20, 0x0, 0x0, 0x0,
    0x5, 0xad, 0xef, 0xfd, 0xc7, 0x30, 0x0, 0x0,

    /* U+0120 "Ġ" */
    0x0, 0x0, 0x0, 0x0, 0x0, 0x0, 0x0, 0x0,
    0x0, 0x0, 0x0, 0x0, 0x0, 0x0, 0x0, 0x0,
    0x0, 0x1, 0xbf, 0xd5, 0x0, 0x0, 0x0, 0x0,
    0x0, 0x0, 0x0, 0x0, 0x0, 0x0, 0xaf, 0xff,
    0xf2, 0x0, 0x0, 0x0, 0x0, 0x0, 0x0, 0x0,
    0x0, 0x0, 0xe, 0xff, 0xff, 0x50, 0x0, 0x0,
    0x0, 0x0, 0x0, 0x0, 0x0, 0x0, 0x0, 0xaf,
    0xff, 0xf2, 0x0, 0x0, 0x0, 0x0, 0x0, 0x0,
    0x0, 0x0, 0x0, 0x1, 0xaf, 0xd4, 0x0, 0x0,
    0x0, 0x0, 0x0, 0x0, 0x0, 0x0, 0x0, 0x0,
    0x0, 0x0, 0x0, 0x0, 0x0, 0x0, 0x0, 0x0,
    0x0, 0x0, 0x0, 0x0, 0x0, 0x0, 0x0, 0x0,
    0x0, 0x0, 0x0, 0x0, 0x0, 0x0, 0x0, 0x0,
    0x0, 0x0, 0x0, 0x0, 0x0, 0x0, 0x0, 0x0,
    0x0, 0x0, 0x0, 0x0, 0x4, 0x9c, 0xef, 0xfe,
    0xb7, 0x20, 0x0, 0x0, 0x0, 0x0, 0x0, 0x0,
    0x5d, 0xff, 0xff, 0xff, 0xff, 0xff, 0xa1, 0x0,
    0x0, 0x0, 0x0, 0x0, 0xaf, 0xff, 0xff, 0xff,
    0xff, 0xff, 0xff, 0xf5, 0x0, 0x0, 0x0, 0x0,
    0xbf, 0xff, 0xff, 0xff, 0xff, 0xff, 0xff, 0xff,
    0xf6, 0x0, 0x0, 0x0, 0x9f, 0xff, 0xff, 0xf9,
    0x53, 0x46, 0xaf, 0xff, 0xff, 0xf4, 0x0, 0x0,
    0x4f, 0xff, 0xff, 0xb1, 0x0, 0x0, 0x0, 0x2d,
    0xff, 0xff, 0xd0, 0x0, 0xd, 0xff, 0xff, 0xa0,
    0x0, 0x0, 0x0, 0x0, 0x1e, 0xff, 0xff, 0x50,
    0x4, 0xff, 0xff, 0xe0, 0x0, 0x0, 0x0, 0x0,
    0x0, 0x6f, 0xff, 0xfa, 0x0, 0x9f, 0xff, 0xf6,
    0x0, 0x0, 0x0, 0x0, 0x0, 0x0, 0x44, 0x44,
    0x30, 0xd, 0xff, 0xff, 0x10, 0x0, 0x0, 0x0,
    0x0, 0x0, 0x0, 0x0, 0x0, 0x0, 0xff, 0xff,
    0xc0, 0x0, 0x0, 0x0, 0x0, 0x0, 0x0, 0x0,
    0x0, 0x0, 0x1f, 0xff, 0xfa, 0x0, 0x0, 0x0,
    0x0, 0x0, 0x0, 0x0, 0x0, 0x0, 0x2, 0xff,
    0xff, 0x80, 0x0, 0x0, 0x0, 0x8f, 0xff, 0xff,
    0xff, 0xff, 0xf0, 0x2f, 0xff, 0xf8, 0x0, 0x0,
    0x0, 0x8, 0xff, 0xff, 0xff, 0xff, 0xff, 0x1,
    0xff, 0xff, 0x90, 0x0, 0x0, 0x0, 0x8f, 0xff,
    0xff, 0xff, 0xff, 0xf0, 0xf, 0xff, 0xfc, 0x0,
    0x0, 0x0, 0x6, 0xbb, 0xbb, 0xbd, 0xff, 0xff,
    0x0, 0xdf, 0xff, 0xf0, 0x0, 0x0, 0x0, 0x0,
    0x0, 0x0, 0x9f, 0xff, 0xf0, 0x9, 0xff, 0xff,
    0x50, 0x0, 0x0, 0x0, 0x0, 0x0, 0xc, 0xff,
    0xfd, 0x0, 0x4f, 0xff, 0xfd, 0x0, 0x0, 0x0,
    0x0, 0x0, 0x2, 0xff, 0xff, 0x90, 0x0, 0xdf,
    0xff, 0xf9, 0x0, 0x0, 0x0, 0x0, 0x0, 0xcf,
    0xff, 0xf4, 0x0, 0x5, 0xff, 0xff, 0xfa, 0x10,
    0x0, 0x0, 0x1, 0xbf, 0xff, 0xfd, 0x0, 0x0,
    0xa, 0xff, 0xff, 0xff, 0xa6, 0x44, 0x6a, 0xff,
    0xff, 0xff, 0x30, 0x0, 0x0, 0xc, 0xff, 0xff,
    0xff, 0xff, 0xff, 0xff, 0xff, 0xff, 0x70, 0x0,
    0x0, 0x0, 0xa, 0xff, 0xff, 0xff, 0xff, 0xff,
    0xff, 0xff, 0x60, 0x0, 0x0, 0x0, 0x0, 0x5,
    0xdf, 0xff, 0xff, 0xff, 0xff, 0xfc, 0x30, 0x0,
    0x0, 0x0, 0x0, 0x0, 0x0, 0x49, 0xce, 0xff,
    0xec, 0x83, 0x0, 0x0, 0x0, 0x0,

    /* U+0121 "ġ" */
    0x0, 0x0, 0x0, 0x0, 0x0, 0x0, 0x0, 0x0,
    0x0, 0x0, 0x0, 0x0, 0x0, 0x0, 0x9f, 0xe7,
    0x0, 0x0, 0x0, 0x0, 0x0, 0x0, 0x0, 0x7,
    0xff, 0xff, 0x50, 0x0, 0x0, 0x0, 0x0, 0x0,
    0x0, 0xa, 0xff, 0xff, 0x80, 0x0, 0x0, 0x0,
    0x0, 0x0, 0x0, 0x7, 0xff, 0xff, 0x40, 0x0,
    0x0, 0x0, 0x0, 0x0, 0x0, 0x0, 0x8e, 0xe7,
    0x0, 0x0, 0x0, 0x0, 0x0, 0x0, 0x0, 0x0,
    0x0, 0x0, 0x0, 0x0, 0x0, 0x0, 0x0, 0x0,
    0x0, 0x0, 0x0, 0x0, 0x0, 0x0, 0x0, 0x0,
    0x0, 0x0, 0x0, 0x0, 0x0, 0x0, 0x0, 0x0,
    0x0, 0x0, 0x0, 0x0, 0x4, 0xae, 0xfe, 0xc6,
    0x0, 0x6f, 0xff, 0xf1, 0x0, 0x1, 0xbf, 0xff,
    0xff, 0xff, 0xc1, 0x6f, 0xff, 0xf1, 0x0, 0x1d,
    0xff, 0xff, 0xff, 0xff, 0xfb, 0x6f, 0xff, 0xf1,
    0x0, 0xbf, 0xff, 0xff, 0xfd, 0xdf, 0xff, 0xcf,
    0xff, 0xf1, 0x4, 0xff, 0xff, 0xf8, 0x0, 0x1,
    0x9f, 0xff, 0xff, 0xf1, 0xb, 0xff, 0xff, 0x80,
    0x0, 0x0, 0xa, 0xff, 0xff, 0xf1, 0xf, 0xff,
    0xfe, 0x0, 0x0, 0x0, 0x1, 0xff, 0xff, 0xf1,
    0x3f, 0xff, 0xf9, 0x0, 0x0, 0x0, 0x0, 0xcf,
    0xff, 0xf1, 0x5f, 0xff, 0xf6, 0x0, 0x0, 0x0,
    0x0, 0x8f, 0xff, 0xf1, 0x6f, 0xff, 0xf4, 0x0,
    0x0, 0x0, 0x0, 0x7f, 0xff, 0xf1, 0x6f, 0xff,
    0xf4, 0x0, 0x0, 0x0, 0x0, 0x6f, 0xff, 0xf1,
    0x6f, 0xff, 0xf5, 0x0, 0x0, 0x0, 0x0, 0x7f,
    0xff, 0xf1, 0x4f, 0xff, 0xf7, 0x0, 0x0, 0x0,
    0x0, 0xaf, 0xff, 0xf1, 0x1f, 0xff, 0xfc, 0x0,
    0x0, 0x0, 0x0, 0xff, 0xff, 0xf1, 0xd, 0xff,
    0xff, 0x50, 0x0, 0x0, 0x8, 0xff, 0xff, 0xf1,
    0x6, 0xff, 0xff, 0xf4, 0x0, 0x0, 0x6f, 0xff,
    0xff, 0xf1, 0x0, 0xdf, 0xff, 0xff, 0xda, 0xae,
    0xff, 0xef, 0xff, 0xf1, 0x0, 0x2e, 0xff, 0xff,
    0xff, 0xff, 0xfb, 0x6f, 0xff, 0xf1, 0x0, 0x2,
    0xdf, 0xff, 0xff, 0xff, 0xc1, 0x6f, 0xff, 0xf1,
    0x0, 0x0, 0x5, 0xbe, 0xfe, 0xc7, 0x0, 0x6f,
    0xff, 0xf1, 0x0, 0x0, 0x0, 0x0, 0x0, 0x0,
    0x0, 0x7f, 0xff, 0xf0, 0x0, 0x0, 0x22, 0x0,
    0x0, 0x0, 0x0, 0xcf, 0xff, 0xd0, 0x3, 0xae,
    0xfe, 0x40, 0x0, 0x0, 0x8, 0xff, 0xff, 0x80,
    0x3, 0xff, 0xff, 0xfc, 0x98, 0x9a, 0xff, 0xff,
    0xfe, 0x10, 0x0, 0x6f, 0xff, 0xff, 0xff, 0xff,
    0xff, 0xff, 0xe2, 0x0, 0x0, 0x4, 0xef, 0xff,
    0xff, 0xff, 0xff, 0xfa, 0x20, 0x0, 0x0, 0x0,
    0x5, 0xad, 0xef, 0xfd, 0xc7, 0x30, 0x0, 0x0,

    /* U+0122 "Ģ" */
    0x0, 0x0, 0x0, 0x0, 0x49, 0xce, 0xff, 0xeb,
    0x72, 0x0, 0x0, 0x0, 0x0, 0x0, 0x0, 0x5,
    0xdf, 0xff, 0xff, 0xff, 0xff, 0xfa, 0x10, 0x0,
    0x0, 0x0, 0x0, 0xa, 0xff, 0xff, 0xff, 0xff,
    0xff, 0xff, 0xff, 0x50, 0x0, 0x0, 0x0, 0xb,
    0xff, 0xff, 0xff, 0xff, 0xff, 0xff, 0xff, 0xff,
    0x60, 0x0, 0x0, 0x9, 0xff, 0xff, 0xff, 0x95,
    0x34, 0x6a, 0xff, 0xff, 0xff, 0x40, 0x0, 0x4,
    0xff, 0xff, 0xfb, 0x10, 0x0, 0x0, 0x2, 0xdf,
    0xff, 0xfd, 0x0, 0x0, 0xdf, 0xff, 0xfa, 0x0,
    0x0, 0x0, 0x0, 0x1, 0xef, 0xff, 0xf5, 0x0,
    0x4f, 0xff, 0xfe, 0x0, 0x0, 0x0, 0x0, 0x0,
    0x6, 0xff, 0xff, 0xa0, 0x9, 0xff, 0xff, 0x60,
    0x0, 0x0, 0x0, 0x0, 0x0, 0x4, 0x44, 0x43,
    0x0, 0xdf, 0xff, 0xf1, 0x0, 0x0, 0x0, 0x0,
    0x0, 0x0, 0x0, 0x0, 0x0, 0xf, 0xff, 0xfc,
    0x0, 0x0, 0x0, 0x0, 0x0, 0x0, 0x0, 0x0,
    0x0, 0x1, 0xff, 0xff, 0xa0, 0x0, 0x0, 0x0,
    0x0, 0x0, 0x0, 0x0, 0x0, 0x0, 0x2f, 0xff,
    0xf8, 0x0, 0x0, 0x0, 0x8, 0xff, 0xff, 0xff,
    0xff, 0xff, 0x2, 0xff, 0xff, 0x80, 0x0, 0x0,
    0x0, 0x8f, 0xff, 0xff, 0xff, 0xff, 0xf0, 0x1f,
    0xff, 0xf9, 0x0, 0x0, 0x0, 0x8, 0xff, 0xff,
    0xff, 0xff, 0xff, 0x0, 0xff, 0xff, 0xc0, 0x0,
    0x0, 0x0, 0x6b, 0xbb, 0xbb, 0xdf, 0xff, 0xf0,
    0xd, 0xff, 0xff, 0x0, 0x0, 0x0, 0x0, 0x0,
    0x0, 0x9, 0xff, 0xff, 0x0, 0x9f, 0xff, 0xf5,
    0x0, 0x0, 0x0, 0x0, 0x0, 0x0, 0xcf, 0xff,
    0xd0, 0x4, 0xff, 0xff, 0xd0, 0x0, 0x0, 0x0,
    0x0, 0x0, 0x2f, 0xff, 0xf9, 0x0, 0xd, 0xff,
    0xff, 0x90, 0x0, 0x0, 0x0, 0x0, 0xc, 0xff,
    0xff, 0x40, 0x0, 0x5f, 0xff, 0xff, 0xa1, 0x0,
    0x0, 0x0, 0x1b, 0xff, 0xff, 0xd0, 0x0, 0x0,
    0xaf, 0xff, 0xff, 0xfa, 0x64, 0x46, 0xaf, 0xff,
    0xff, 0xf3, 0x0, 0x0, 0x0, 0xcf, 0xff, 0xff,
    0xff, 0xff, 0xff, 0xff, 0xff, 0xf7, 0x0, 0x0,
    0x0, 0x0, 0xaf, 0xff, 0xff, 0xff, 0xff, 0xff,
    0xff, 0xf6, 0x0, 0x0, 0x0, 0x0, 0x0, 0x5d,
    0xff, 0xff, 0xff, 0xff, 0xff, 0xc3, 0x0, 0x0,
    0x0, 0x0, 0x0, 0x0, 0x4, 0x9c, 0xef, 0xfe,
    0xc8, 0x30, 0x0, 0x0, 0x0, 0x0, 0x0, 0x0,
    0x0, 0x0, 0x0, 0x0, 0x0, 0x0, 0x0, 0x0,
    0x0, 0x0, 0x0, 0x0, 0x0, 0x0, 0x4, 0x77,
    0x75, 0x0, 0x0, 0x0, 0x0, 0x0, 0x0, 0x0,
    0x0, 0x0, 0x0, 0xbf, 0xff, 0x70, 0x0, 0x0,
    0x0, 0x0, 0x0, 0x0, 0x0, 0x0, 0x0, 0xf,
    0xff, 0xf1, 0x0, 0x0, 0x0, 0x0, 0x0, 0x0,
    0x0, 0x0, 0x0, 0x3, 0xff, 0xfa, 0x0, 0x0,
    0x0, 0x0, 0x0, 0x0, 0x0, 0x0, 0x0, 0x0,
    0x7f, 0xff, 0x30, 0x0, 0x0, 0x0, 0x0, 0x0,
    0x0, 0x0, 0x0, 0x0, 0xb, 0xff, 0xd0, 0x0,
    0x0, 0x0, 0x0, 0x0, 0x0, 0x0, 0x0, 0x0,
    0x0, 0xef, 0xf6, 0x0, 0x0, 0x0, 0x0, 0x0,
    0x0,

    /* U+0123 "ģ" */
    0x0, 0x0, 0x0, 0x0, 0x0, 0x20, 0x0, 0x0,
    0x0, 0x0, 0x0, 0x0, 0x0, 0x0, 0x3, 0xfe,
    0x60, 0x0, 0x0, 0x0, 0x0, 0x0, 0x0, 0x0,
    0xd, 0xff, 0xb0, 0x0, 0x0, 0x0, 0x0, 0x0,
    0x0, 0x0, 0x4f, 0xff, 0x30, 0x0, 0x0, 0x0,
    0x0, 0x0, 0x0, 0x0, 0x9f, 0xfd, 0x0, 0x0,
    0x0, 0x0, 0x0, 0x0, 0x0, 0x0, 0xbf, 0xfa,
    0x0, 0x0, 0x0, 0x0, 0x0, 0x0, 0x0, 0x0,
    0xcf, 0xf9, 0x0, 0x0, 0x0, 0x0, 0x0, 0x0,
    0x0, 0x0, 0xcf, 0xf9, 0x0, 0x0, 0x0, 0x0,
    0x0, 0x0, 0x0, 0x0, 0x68, 0x84, 0x0, 0x0,
    0x0, 0x0, 0x0, 0x0, 0x0, 0x0, 0x0, 0x0,
    0x0, 0x0, 0x0, 0x0, 0x0, 0x0, 0x0, 0x0,
    0x0, 0x0, 0x0, 0x0, 0x0, 0x0, 0x0, 0x0,
    0x4, 0xae, 0xfe, 0xc6, 0x0, 0x6f, 0xff, 0xf1,
    0x0, 0x1, 0xbf, 0xff, 0xff, 0xff, 0xc1, 0x6f,
    0xff, 0xf1, 0x0, 0x1d, 0xff, 0xff, 0xff, 0xff,
    0xfb, 0x6f, 0xff, 0xf1, 0x0, 0xbf, 0xff, 0xff,
    0xfd, 0xdf, 0xff, 0xcf, 0xff, 0xf1, 0x4, 0xff,
    0xff, 0xf8, 0x0, 0x1, 0x9f, 0xff, 0xff, 0xf1,
    0xb, 0xff, 0xff, 0x80, 0x0, 0x0, 0xa, 0xff,
    0xff, 0xf1, 0xf, 0xff, 0xfe, 0x0, 0x0, 0x0,
    0x1, 0xff, 0xff, 0xf1, 0x3f, 0xff, 0xf9, 0x0,
    0x0, 0x0, 0x0, 0xcf, 0xff, 0xf1, 0x5f, 0xff,
    0xf6, 0x0, 0x0, 0x0, 0x0, 0x8f, 0xff, 0xf1,
    0x6f, 0xff, 0xf4, 0x0, 0x0, 0x0, 0x0, 0x7f,
    0xff, 0xf1, 0x6f, 0xff, 0xf4, 0x0, 0x0, 0x0,
    0x0, 0x6f, 0xff, 0xf1, 0x6f, 0xff, 0xf5, 0x0,
    0x0, 0x0, 0x0, 0x7f, 0xff, 0xf1, 0x4f, 0xff,
    0xf7, 0x0, 0x0, 0x0, 0x0, 0xaf, 0xff, 0xf1,
    0x1f, 0xff, 0xfc, 0x0, 0x0, 0x0, 0x0, 0xff,
    0xff, 0xf1, 0xd, 0xff, 0xff, 0x50, 0x0, 0x0,
    0x8, 0xff, 0xff, 0xf1, 0x6, 0xff, 0xff, 0xf4,
    0x0, 0x0, 0x6f, 0xff, 0xff, 0xf1, 0x0, 0xdf,
    0xff, 0xff, 0xda, 0xae, 0xff, 0xef, 0xff, 0xf1,
    0x0, 0x2e, 0xff, 0xff, 0xff, 0xff, 0xfb, 0x6f,
    0xff, 0xf1, 0x0, 0x2, 0xdf, 0xff, 0xff, 0xff,
    0xc1, 0x6f, 0xff, 0xf1, 0x0, 0x0, 0x5, 0xbe,
    0xfe, 0xc7, 0x0, 0x6f, 0xff, 0xf1, 0x0, 0x0,
    0x0, 0x0, 0x0, 0x0, 0x0, 0x7f, 0xff, 0xf0,
    0x0, 0x0, 0x22, 0x0, 0x0, 0x0, 0x0, 0xcf,
    0xff, 0xd0, 0x3, 0xae, 0xfe, 0x40, 0x0, 0x0,
    0x8, 0xff, 0xff, 0x80, 0x3, 0xff, 0xff, 0xfc,
    0x98, 0x9a, 0xff, 0xff, 0xfe, 0x10, 0x0, 0x6f,
    0xff, 0xff, 0xff, 0xff, 0xff, 0xff, 0xe2, 0x0,
    0x0, 0x4, 0xef, 0xff, 0xff, 0xff, 0xff, 0xfa,
    0x20, 0x0, 0x0, 0x0, 0x5, 0xad, 0xef, 0xfd,
    0xc7, 0x30, 0x0, 0x0,

    /* U+0124 "Ĥ" */
    0x0, 0x0, 0x0, 0x0, 0x5, 0x88, 0x83, 0x0,
    0x0, 0x0, 0x0, 0x0, 0x0, 0x0, 0x0, 0x5,
    0xff, 0xff, 0xf2, 0x0, 0x0, 0x0, 0x0, 0x0,
    0x0, 0x0, 0x3, 0xff, 0xff, 0xff, 0xe1, 0x0,
    0x0, 0x0, 0x0, 0x0, 0x0, 0x2, 0xff, 0xfd,
    0x2e, 0xff, 0xc0, 0x0, 0x0, 0x0, 0x0, 0x0,
    0x1, 0xef, 0xfe, 0x20, 0x4f, 0xff, 0xb0, 0x0,
    0x0, 0x0, 0x0, 0x0, 0xdf, 0xff, 0x40, 0x0,
    0x7f, 0xff, 0x90, 0x0, 0x0, 0x0, 0x0, 0x0,
    0x0, 0x0, 0x0, 0x0, 0x0, 0x0, 0x0, 0x0,
    0x0, 0x0, 0x0, 0x0, 0x0, 0x0, 0x0, 0x0,
    0x0, 0x0, 0x0, 0x0, 0x0, 0x0, 0x0, 0x0,
    0x0, 0x0, 0x0, 0x0, 0x0, 0x0, 0x0, 0x5,
    0xff, 0xff, 0x50, 0x0, 0x0, 0x0, 0x0, 0x0,
    0x7f, 0xff, 0xf3, 0x5f, 0xff, 0xf5, 0x0, 0x0,
    0x0, 0x0, 0x0, 0x7, 0xff, 0xff, 0x35, 0xff,
    0xff, 0x50, 0x0, 0x0, 0x0, 0x0, 0x0, 0x7f,
    0xff, 0xf3, 0x5f, 0xff, 0xf5, 0x0, 0x0, 0x0,
    0x0, 0x0, 0x7, 0xff, 0xff, 0x35, 0xff, 0xff,
    0x50, 0x0, 0x0, 0x0, 0x0, 0x0, 0x7f, 0xff,
    0xf3, 0x5f, 0xff, 0xf5, 0x0, 0x0, 0x0, 0x0,
    0x0, 0x7, 0xff, 0xff, 0x35, 0xff, 0xff, 0x50,
    0x0, 0x0, 0x0, 0x0, 0x0, 0x7f, 0xff, 0xf3,
    0x5f, 0xff, 0xf5, 0x0, 0x0, 0x0, 0x0, 0x0,
    0x7, 0xff, 0xff, 0x35, 0xff, 0xff, 0x50, 0x0,
    0x0, 0x0, 0x0, 0x0, 0x7f, 0xff, 0xf3, 0x5f,
    0xff, 0xf5, 0x0, 0x0, 0x0, 0x0, 0x0, 0x7,
    0xff, 0xff, 0x35, 0xff, 0xff, 0x50, 0x0, 0x0,
    0x0, 0x0, 0x0, 0x7f, 0xff, 0xf3, 0x5f, 0xff,
    0xff, 0xff, 0xff, 0xff, 0xff, 0xff, 0xff, 0xff,
    0xff, 0x35, 0xff, 0xff, 0xff, 0xff, 0xff, 0xff,
    0xff, 0xff, 0xff, 0xff, 0xf3, 0x5f, 0xff, 0xff,
    0xff, 0xff, 0xff, 0xff, 0xff, 0xff, 0xff, 0xff,
    0x35, 0xff, 0xff, 0xff, 0xff, 0xff, 0xff, 0xff,
    0xff, 0xff, 0xff, 0xf3, 0x5f, 0xff, 0xf5, 0x0,
    0x0, 0x0, 0x0, 0x0, 0x7, 0xff, 0xff, 0x35,
    0xff, 0xff, 0x50, 0x0, 0x0, 0x0, 0x0, 0x0,
    0x7f, 0xff, 0xf3, 0x5f, 0xff, 0xf5, 0x0, 0x0,
    0x0, 0x0, 0x0, 0x7, 0xff, 0xff, 0x35, 0xff,
    0xff, 0x50, 0x0, 0x0, 0x0, 0x0, 0x0, 0x7f,
    0xff, 0xf3, 0x5f, 0xff, 0xf5, 0x0, 0x0, 0x0,
    0x0, 0x0, 0x7, 0xff, 0xff, 0x35, 0xff, 0xff,
    0x50, 0x0, 0x0, 0x0, 0x0, 0x0, 0x7f, 0xff,
    0xf3, 0x5f, 0xff, 0xf5, 0x0, 0x0, 0x0, 0x0,
    0x0, 0x7, 0xff, 0xff, 0x35, 0xff, 0xff, 0x50,
    0x0, 0x0, 0x0, 0x0, 0x0, 0x7f, 0xff, 0xf3,
    0x5f, 0xff, 0xf5, 0x0, 0x0, 0x0, 0x0, 0x0,
    0x7, 0xff, 0xff, 0x35, 0xff, 0xff, 0x50, 0x0,
    0x0, 0x0, 0x0, 0x0, 0x7f, 0xff, 0xf3, 0x5f,
    0xff, 0xf5, 0x0, 0x0, 0x0, 0x0, 0x0, 0x7,
    0xff, 0xff, 0x30,

    /* U+0125 "ĥ" */
    0x0, 0x0, 0x38, 0x88, 0x50, 0x0, 0x0, 0x0,
    0x0, 0x0, 0x0, 0x0, 0x2, 0xef, 0xff, 0xf5,
    0x0, 0x0, 0x0, 0x0, 0x0, 0x0, 0x0, 0x1d,
    0xff, 0xff, 0xff, 0x40, 0x0, 0x0, 0x0, 0x0,
    0x0, 0x0, 0xcf, 0xff, 0x2c, 0xff, 0xe2, 0x0,
    0x0, 0x0, 0x0, 0x0, 0xb, 0xff, 0xf5, 0x1,
    0xef, 0xfd, 0x10, 0x0, 0x0, 0x0, 0x0, 0xaf,
    0xff, 0x80, 0x0, 0x4f, 0xff, 0xc0, 0x0, 0x0,
    0x0, 0x0, 0x0, 0x0, 0x0, 0x0, 0x0, 0x0,
    0x0, 0x0, 0x0, 0x0, 0x0, 0x0, 0x0, 0x0,
    0x0, 0x0, 0x0, 0x0, 0x0, 0x0, 0x0, 0x0,
    0x0, 0x0, 0x0, 0x0, 0x0, 0x0, 0x0, 0x0,
    0x0, 0x0, 0x0, 0x0, 0x0, 0x9f, 0xff, 0xe0,
    0x0, 0x0, 0x0, 0x0, 0x0, 0x0, 0x0, 0x0,
    0x9f, 0xff, 0xe0, 0x0, 0x0, 0x0, 0x0, 0x0,
    0x0, 0x0, 0x0, 0x9f, 0xff, 0xe0, 0x0, 0x0,
    0x0, 0x0, 0x0, 0x0, 0x0, 0x0, 0x9f, 0xff,
    0xe0, 0x0, 0x0, 0x0, 0x0, 0x0, 0x0, 0x0,
    0x0, 0x9f, 0xff, 0xe0, 0x0, 0x0, 0x0, 0x0,
    0x0, 0x0, 0x0, 0x0, 0x9f, 0xff, 0xe0, 0x0,
    0x0, 0x0, 0x0, 0x0, 0x0, 0x0, 0x0, 0x9f,
    0xff, 0xe0, 0x1, 0x8d, 0xff, 0xd8, 0x10, 0x0,
    0x0, 0x0, 0x9f, 0xff, 0xe0, 0x4f, 0xff, 0xff,
    0xff, 0xf4, 0x0, 0x0, 0x0, 0x9f, 0xff, 0xe3,
    0xff, 0xff, 0xff, 0xff, 0xff, 0x30, 0x0, 0x0,
    0x9f, 0xff, 0xed, 0xff, 0xfe, 0xff, 0xff, 0xff,
    0xc0, 0x0, 0x0, 0x9f, 0xff, 0xff, 0xc3, 0x0,
    0x19, 0xff, 0xff, 0xf3, 0x0, 0x0, 0x9f, 0xff,
    0xfd, 0x0, 0x0, 0x0, 0xaf, 0xff, 0xf7, 0x0,
    0x0, 0x9f, 0xff, 0xf5, 0x0, 0x0, 0x0, 0x3f,
    0xff, 0xf8, 0x0, 0x0, 0x9f, 0xff, 0xf1, 0x0,
    0x0, 0x0, 0xf, 0xff, 0xf9, 0x0, 0x0, 0x9f,
    0xff, 0xf0, 0x0, 0x0, 0x0, 0xf, 0xff, 0xfa,
    0x0, 0x0, 0x9f, 0xff, 0xf0, 0x0, 0x0, 0x0,
    0xf, 0xff, 0xfa, 0x0, 0x0, 0x9f, 0xff, 0xf0,
    0x0, 0x0, 0x0, 0xf, 0xff, 0xfa, 0x0, 0x0,
    0x9f, 0xff, 0xf0, 0x0, 0x0, 0x0, 0xf, 0xff,
    0xfa, 0x0, 0x0, 0x9f, 0xff, 0xf0, 0x0, 0x0,
    0x0, 0xf, 0xff, 0xfa, 0x0, 0x0, 0x9f, 0xff,
    0xf0, 0x0, 0x0, 0x0, 0xf, 0xff, 0xfa, 0x0,
    0x0, 0x9f, 0xff, 0xf0, 0x0, 0x0, 0x0, 0xf,
    0xff, 0xfa, 0x0, 0x0, 0x9f, 0xff, 0xf0, 0x0,
    0x0, 0x0, 0xf, 0xff, 0xfa, 0x0, 0x0, 0x9f,
    0xff, 0xf0, 0x0, 0x0, 0x0, 0xf, 0xff, 0xfa,
    0x0, 0x0, 0x9f, 0xff, 0xf0, 0x0, 0x0, 0x0,
    0xf, 0xff, 0xfa, 0x0, 0x0, 0x9f, 0xff, 0xf0,
    0x0, 0x0, 0x0, 0xf, 0xff, 0xfa, 0x0, 0x0,
    0x9f, 0xff, 0xf0, 0x0, 0x0, 0x0, 0xf, 0xff,
    0xfa,

    /* U+0126 "Ħ" */
    0x0, 0x6f, 0xff, 0xf4, 0x0, 0x0, 0x0, 0x0,
    0x0, 0x8, 0xff, 0xff, 0x20, 0x0, 0x6, 0xff,
    0xff, 0x40, 0x0, 0x0, 0x0, 0x0, 0x0, 0x8f,
    0xff, 0xf2, 0x0, 0x0, 0x6f, 0xff, 0xf4, 0x0,
    0x0, 0x0, 0x0, 0x0, 0x8, 0xff, 0xff, 0x20,
    0x0, 0x6, 0xff, 0xff, 0x40, 0x0, 0x0, 0x0,
    0x0, 0x0, 0x8f, 0xff, 0xf2, 0x0, 0x0, 0x6f,
    0xff, 0xf4, 0x0, 0x0, 0x0, 0x0, 0x0, 0x8,
    0xff, 0xff, 0x20, 0x8, 0xff, 0xff, 0xff, 0xff,
    0xff, 0xff, 0xff, 0xff, 0xff, 0xff, 0xff, 0xff,
    0xf3, 0x8f, 0xff, 0xff, 0xff, 0xff, 0xff, 0xff,
    0xff, 0xff, 0xff, 0xff, 0xff, 0xff, 0x38, 0xff,
    0xff, 0xff, 0xff, 0xff, 0xff, 0xff, 0xff, 0xff,
    0xff, 0xff, 0xff, 0xf3, 0x0, 0x6f, 0xff, 0xf4,
    0x0, 0x0, 0x0, 0x0, 0x0, 0x8, 0xff, 0xff,
    0x20, 0x0, 0x6, 0xff, 0xff, 0x40, 0x0, 0x0,
    0x0, 0x0, 0x0, 0x8f, 0xff, 0xf2, 0x0, 0x0,
    0x6f, 0xff, 0xf4, 0x0, 0x0, 0x0, 0x0, 0x0,
    0x8, 0xff, 0xff, 0x20, 0x0, 0x6, 0xff, 0xff,
    0xff, 0xff, 0xff, 0xff, 0xff, 0xff, 0xff, 0xff,
    0xf2, 0x0, 0x0, 0x6f, 0xff, 0xff, 0xff, 0xff,
    0xff, 0xff, 0xff, 0xff, 0xff, 0xff, 0x20, 0x0,
    0x6, 0xff, 0xff, 0xff, 0xff, 0xff, 0xff, 0xff,
    0xff, 0xff, 0xff, 0xf2, 0x0, 0x0, 0x6f, 0xff,
    0xff, 0xff, 0xff, 0xff, 0xff, 0xff, 0xff, 0xff,
    0xff, 0x20, 0x0, 0x6, 0xff, 0xff, 0x40, 0x0,
    0x0, 0x0, 0x0, 0x0, 0x8f, 0xff, 0xf2, 0x0,
    0x0, 0x6f, 0xff, 0xf4, 0x0, 0x0, 0x0, 0x0,
    0x0, 0x8, 0xff, 0xff, 0x20, 0x0, 0x6, 0xff,
    0xff, 0x40, 0x0, 0x0, 0x0, 0x0, 0x0, 0x8f,
    0xff, 0xf2, 0x0, 0x0, 0x6f, 0xff, 0xf4, 0x0,
    0x0, 0x0, 0x0, 0x0, 0x8, 0xff, 0xff, 0x20,
    0x0, 0x6, 0xff, 0xff, 0x40, 0x0, 0x0, 0x0,
    0x0, 0x0, 0x8f, 0xff, 0xf2, 0x0, 0x0, 0x6f,
    0xff, 0xf4, 0x0, 0x0, 0x0, 0x0, 0x0, 0x8,
    0xff, 0xff, 0x20, 0x0, 0x6, 0xff, 0xff, 0x40,
    0x0, 0x0, 0x0, 0x0, 0x0, 0x8f, 0xff, 0xf2,
    0x0, 0x0, 0x6f, 0xff, 0xf4, 0x0, 0x0, 0x0,
    0x0, 0x0, 0x8, 0xff, 0xff, 0x20, 0x0, 0x6,
    0xff, 0xff, 0x40, 0x0, 0x0, 0x0, 0x0, 0x0,
    0x8f, 0xff, 0xf2, 0x0, 0x0, 0x6f, 0xff, 0xf4,
    0x0, 0x0, 0x0, 0x0, 0x0, 0x8, 0xff, 0xff,
    0x20, 0x0, 0x6, 0xff, 0xff, 0x40, 0x0, 0x0,
    0x0, 0x0, 0x0, 0x8f, 0xff, 0xf2, 0x0,

    /* U+0127 "ħ" */
    0x0, 0x9, 0xff, 0xfe, 0x0, 0x0, 0x0, 0x0,
    0x0, 0x0, 0x0, 0xff, 0xff, 0xff, 0xff, 0xff,
    0xff, 0x20, 0x0, 0x0, 0x0, 0xf, 0xff, 0xff,
    0xff, 0xff, 0xff, 0xf2, 0x0, 0x0, 0x0, 0x0,
    0xff, 0xff, 0xff, 0xff, 0xff, 0xff, 0x20, 0x0,
    0x0, 0x0, 0x0, 0x9, 0xff, 0xfe, 0x0, 0x0,
    0x0, 0x0, 0x0, 0x0, 0x0, 0x0, 0x9f, 0xff,
    0xe0, 0x0, 0x0, 0x0, 0x0, 0x0, 0x0, 0x0,
    0x9, 0xff, 0xfe, 0x0, 0x18, 0xdf, 0xfd, 0x81,
    0x0, 0x0, 0x0, 0x9f, 0xff, 0xe0, 0x4f, 0xff,
    0xff, 0xff, 0xf4, 0x0, 0x0, 0x9, 0xff, 0xfe,
    0x3f, 0xff, 0xff, 0xff, 0xff, 0xf3, 0x0, 0x0,
    0x9f, 0xff, 0xed, 0xff, 0xfe, 0xff, 0xff, 0xff,
    0xc0, 0x0, 0x9, 0xff, 0xff, 0xfc, 0x30, 0x1,
    0x9f, 0xff, 0xff, 0x30, 0x0, 0x9f, 0xff, 0xfd,
    0x0, 0x0, 0x0, 0xaf, 0xff, 0xf7, 0x0, 0x9,
    0xff, 0xff, 0x50, 0x0, 0x0, 0x3, 0xff, 0xff,
    0x80, 0x0, 0x9f, 0xff, 0xf1, 0x0, 0x0, 0x0,
    0xf, 0xff, 0xf9, 0x0, 0x9, 0xff, 0xff, 0x0,
    0x0, 0x0, 0x0, 0xff, 0xff, 0xa0, 0x0, 0x9f,
    0xff, 0xf0, 0x0, 0x0, 0x0, 0xf, 0xff, 0xfa,
    0x0, 0x9, 0xff, 0xff, 0x0, 0x0, 0x0, 0x0,
    0xff, 0xff, 0xa0, 0x0, 0x9f, 0xff, 0xf0, 0x0,
    0x0, 0x0, 0xf, 0xff, 0xfa, 0x0, 0x9, 0xff,
    0xff, 0x0, 0x0, 0x0, 0x0, 0xff, 0xff, 0xa0,
    0x0, 0x9f, 0xff, 0xf0, 0x0, 0x0, 0x0, 0xf,
    0xff, 0xfa, 0x0, 0x9, 0xff, 0xff, 0x0, 0x0,
    0x0, 0x0, 0xff, 0xff, 0xa0, 0x0, 0x9f, 0xff,
    0xf0, 0x0, 0x0, 0x0, 0xf, 0xff, 0xfa, 0x0,
    0x9, 0xff, 0xff, 0x0, 0x0, 0x0, 0x0, 0xff,
    0xff, 0xa0, 0x0, 0x9f, 0xff, 0xf0, 0x0, 0x0,
    0x0, 0xf, 0xff, 0xfa, 0x0, 0x9, 0xff, 0xff,
    0x0, 0x0, 0x0, 0x0, 0xff, 0xff, 0xa0, 0x0,
    0x9f, 0xff, 0xf0, 0x0, 0x0, 0x0, 0xf, 0xff,
    0xfa,

    /* U+0128 "Ĩ" */
    0x0, 0x8b, 0x93, 0x0, 0xa, 0xb8, 0xc, 0xff,
    0xff, 0x91, 0x3f, 0xf9, 0x5f, 0xff, 0xff, 0xff,
    0xff, 0xf5, 0x9f, 0xf4, 0x2a, 0xff, 0xff, 0xc0,
    0x8b, 0xb0, 0x0, 0x39, 0xb8, 0x0, 0x0, 0x0,
    0x0, 0x0, 0x0, 0x0, 0x0, 0x0, 0x0, 0x0,
    0x0, 0x0, 0x0, 0x0, 0x0, 0x0, 0x0, 0x0,
    0x0, 0x5, 0xff, 0xff, 0x50, 0x0, 0x0, 0x5,
    0xff, 0xff, 0x50, 0x0, 0x0, 0x5, 0xff, 0xff,
    0x50, 0x0, 0x0, 0x5, 0xff, 0xff, 0x50, 0x0,
    0x0, 0x5, 0xff, 0xff, 0x50, 0x0, 0x0, 0x5,
    0xff, 0xff, 0x50, 0x0, 0x0, 0x5, 0xff, 0xff,
    0x50, 0x0, 0x0, 0x5, 0xff, 0xff, 0x50, 0x0,
    0x0, 0x5, 0xff, 0xff, 0x50, 0x0, 0x0, 0x5,
    0xff, 0xff, 0x50, 0x0, 0x0, 0x5, 0xff, 0xff,
    0x50, 0x0, 0x0, 0x5, 0xff, 0xff, 0x50, 0x0,
    0x0, 0x5, 0xff, 0xff, 0x50, 0x0, 0x0, 0x5,
    0xff, 0xff, 0x50, 0x0, 0x0, 0x5, 0xff, 0xff,
    0x50, 0x0, 0x0, 0x5, 0xff, 0xff, 0x50, 0x0,
    0x0, 0x5, 0xff, 0xff, 0x50, 0x0, 0x0, 0x5,
    0xff, 0xff, 0x50, 0x0, 0x0, 0x5, 0xff, 0xff,
    0x50, 0x0, 0x0, 0x5, 0xff, 0xff, 0x50, 0x0,
    0x0, 0x5, 0xff, 0xff, 0x50, 0x0, 0x0, 0x5,
    0xff, 0xff, 0x50, 0x0, 0x0, 0x5, 0xff, 0xff,
    0x50, 0x0, 0x0, 0x5, 0xff, 0xff, 0x50, 0x0,
    0x0, 0x5, 0xff, 0xff, 0x50, 0x0, 0x0, 0x5,
    0xff, 0xff, 0x50, 0x0,

    /* U+0129 "ĩ" */
    0x0, 0x7e, 0xfd, 0x81, 0x4, 0xff, 0x60, 0x5f,
    0xff, 0xff, 0xfc, 0xff, 0xf3, 0xd, 0xff, 0xce,
    0xff, 0xff, 0xfc, 0x0, 0xff, 0xc0, 0x5, 0xbf,
    0xfa, 0x10, 0x0, 0x0, 0x0, 0x0, 0x0, 0x0,
    0x0, 0x0, 0x0, 0x0, 0x0, 0x0, 0x0, 0x0,
    0x0, 0x0, 0x0, 0x0, 0x0, 0x0, 0x0, 0x9,
    0xff, 0xff, 0x0, 0x0, 0x0, 0x0, 0x9f, 0xff,
    0xf0, 0x0, 0x0, 0x0, 0x9, 0xff, 0xff, 0x0,
    0x0, 0x0, 0x0, 0x9f, 0xff, 0xf0, 0x0, 0x0,
    0x0, 0x9, 0xff, 0xff, 0x0, 0x0, 0x0, 0x0,
    0x9f, 0xff, 0xf0, 0x0, 0x0, 0x0, 0x9, 0xff,
    0xff, 0x0, 0x0, 0x0, 0x0, 0x9f, 0xff, 0xf0,
    0x0, 0x0, 0x0, 0x9, 0xff, 0xff, 0x0, 0x0,
    0x0, 0x0, 0x9f, 0xff, 0xf0, 0x0, 0x0, 0x0,
    0x9, 0xff, 0xff, 0x0, 0x0, 0x0, 0x0, 0x9f,
    0xff, 0xf0, 0x0, 0x0, 0x0, 0x9, 0xff, 0xff,
    0x0, 0x0, 0x0, 0x0, 0x9f, 0xff, 0xf0, 0x0,
    0x0, 0x0, 0x9, 0xff, 0xff, 0x0, 0x0, 0x0,
    0x0, 0x9f, 0xff, 0xf0, 0x0, 0x0, 0x0, 0x9,
    0xff, 0xff, 0x0, 0x0, 0x0, 0x0, 0x9f, 0xff,
    0xf0, 0x0, 0x0, 0x0, 0x9, 0xff, 0xff, 0x0,
    0x0, 0x0, 0x0, 0x9f, 0xff, 0xf0, 0x0, 0x0,

    /* U+012A "Ī" */
    0x1, 0x11, 0x11, 0x11, 0x11, 0x10, 0xff, 0xff,
    0xff, 0xff, 0xff, 0xf, 0xff, 0xff, 0xff, 0xff,
    0xf0, 0xff, 0xff, 0xff, 0xff, 0xff, 0x0, 0x0,
    0x0, 0x0, 0x0, 0x0, 0x0, 0x0, 0x0, 0x0,
    0x0, 0x0, 0x0, 0x0, 0x0, 0x0, 0x0, 0x0,
    0x0, 0x0, 0x0, 0x0, 0x0, 0x5, 0xff, 0xff,
    0x50, 0x0, 0x0, 0x5f, 0xff, 0xf5, 0x0, 0x0,
    0x5, 0xff, 0xff, 0x50, 0x0, 0x0, 0x5f, 0xff,
    0xf5, 0x0, 0x0, 0x5, 0xff, 0xff, 0x50, 0x0,
    0x0, 0x5f, 0xff, 0xf5, 0x0, 0x0, 0x5, 0xff,
    0xff, 0x50, 0x0, 0x0, 0x5f, 0xff, 0xf5, 0x0,
    0x0, 0x5, 0xff, 0xff, 0x50, 0x0, 0x0, 0x5f,
    0xff, 0xf5, 0x0, 0x0, 0x5, 0xff, 0xff, 0x50,
    0x0, 0x0, 0x5f, 0xff, 0xf5, 0x0, 0x0, 0x5,
    0xff, 0xff, 0x50, 0x0, 0x0, 0x5f, 0xff, 0xf5,
    0x0, 0x0, 0x5, 0xff, 0xff, 0x50, 0x0, 0x0,
    0x5f, 0xff, 0xf5, 0x0, 0x0, 0x5, 0xff, 0xff,
    0x50, 0x0, 0x0, 0x5f, 0xff, 0xf5, 0x0, 0x0,
    0x5, 0xff, 0xff, 0x50, 0x0, 0x0, 0x5f, 0xff,
    0xf5, 0x0, 0x0, 0x5, 0xff, 0xff, 0x50, 0x0,
    0x0, 0x5f, 0xff, 0xf5, 0x0, 0x0, 0x5, 0xff,
    0xff, 0x50, 0x0, 0x0, 0x5f, 0xff, 0xf5, 0x0,
    0x0, 0x5, 0xff, 0xff, 0x50, 0x0, 0x0, 0x5f,
    0xff, 0xf5, 0x0,

    /* U+012B "ī" */
    0x5f, 0xff, 0xff, 0xff, 0xff, 0xb5, 0xff, 0xff,
    0xff, 0xff, 0xfb, 0x5f, 0xff, 0xff, 0xff, 0xff,
    0xb0, 0x11, 0x11, 0x11, 0x11, 0x11, 0x0, 0x0,
    0x0, 0x0, 0x0, 0x0, 0x0, 0x0, 0x0, 0x0,
    0x0, 0x0, 0x9, 0xff, 0xff, 0x0, 0x0, 0x0,
    0x9f, 0xff, 0xf0, 0x0, 0x0, 0x9, 0xff, 0xff,
    0x0, 0x0, 0x0, 0x9f, 0xff, 0xf0, 0x0, 0x0,
    0x9, 0xff, 0xff, 0x0, 0x0, 0x0, 0x9f, 0xff,
    0xf0, 0x0, 0x0, 0x9, 0xff, 0xff, 0x0, 0x0,
    0x0, 0x9f, 0xff, 0xf0, 0x0, 0x0, 0x9, 0xff,
    0xff, 0x0, 0x0, 0x0, 0x9f, 0xff, 0xf0, 0x0,
    0x0, 0x9, 0xff, 0xff, 0x0, 0x0, 0x0, 0x9f,
    0xff, 0xf0, 0x0, 0x0, 0x9, 0xff, 0xff, 0x0,
    0x0, 0x0, 0x9f, 0xff, 0xf0, 0x0, 0x0, 0x9,
    0xff, 0xff, 0x0, 0x0, 0x0, 0x9f, 0xff, 0xf0,
    0x0, 0x0, 0x9, 0xff, 0xff, 0x0, 0x0, 0x0,
    0x9f, 0xff, 0xf0, 0x0, 0x0, 0x9, 0xff, 0xff,
    0x0, 0x0, 0x0, 0x9f, 0xff, 0xf0, 0x0,

    /* U+012C "Ĭ" */
    0xaf, 0xf3, 0x0, 0x0, 0x3f, 0xfa, 0x7f, 0xfc,
    0x10, 0x1, 0xcf, 0xf6, 0x1e, 0xff, 0xfc, 0xcf,
    0xff, 0xe0, 0x3, 0xef, 0xff, 0xff, 0xfe, 0x20,
    0x0, 0x17, 0xdf, 0xfd, 0x70, 0x0, 0x0, 0x0,
    0x0, 0x0, 0x0, 0x0, 0x0, 0x0, 0x0, 0x0,
    0x0, 0x0, 0x0, 0x0, 0x0, 0x0, 0x0, 0x0,
    0x0, 0x5, 0xff, 0xff, 0x50, 0x0, 0x0, 0x5,
    0xff, 0xff, 0x50, 0x0, 0x0, 0x5, 0xff, 0xff,
    0x50, 0x0, 0x0, 0x5, 0xff, 0xff, 0x50, 0x0,
    0x0, 0x5, 0xff, 0xff, 0x50, 0x0, 0x0, 0x5,
    0xff, 0xff, 0x50, 0x0, 0x0, 0x5, 0xff, 0xff,
    0x50, 0x0, 0x0, 0x5, 0xff, 0xff, 0x50, 0x0,
    0x0, 0x5, 0xff, 0xff, 0x50, 0x0, 0x0, 0x5,
    0xff, 0xff, 0x50, 0x0, 0x0, 0x5, 0xff, 0xff,
    0x50, 0x0, 0x0, 0x5, 0xff, 0xff, 0x50, 0x0,
    0x0, 0x5, 0xff, 0xff, 0x50, 0x0, 0x0, 0x5,
    0xff, 0xff, 0x50, 0x0, 0x0, 0x5, 0xff, 0xff,
    0x50, 0x0, 0x0, 0x5, 0xff, 0xff, 0x50, 0x0,
    0x0, 0x5, 0xff, 0xff, 0x50, 0x0, 0x0, 0x5,
    0xff, 0xff, 0x50, 0x0, 0x0, 0x5, 0xff, 0xff,
    0x50, 0x0, 0x0, 0x5, 0xff, 0xff, 0x50, 0x0,
    0x0, 0x5, 0xff, 0xff, 0x50, 0x0, 0x0, 0x5,
    0xff, 0xff, 0x50, 0x0, 0x0, 0x5, 0xff, 0xff,
    0x50, 0x0, 0x0, 0x5, 0xff, 0xff, 0x50, 0x0,
    0x0, 0x5, 0xff, 0xff, 0x50, 0x0, 0x0, 0x5,
    0xff, 0xff, 0x50, 0x0,

    /* U+012D "ĭ" */
    0x7, 0x86, 0x0, 0x0, 0x3, 0x88, 0x30, 0xef,
    0xf1, 0x0, 0x0, 0xaf, 0xf4, 0x8, 0xff, 0xd3,
    0x2, 0x8f, 0xfe, 0x0, 0x1d, 0xff, 0xff, 0xff,
    0xff, 0x50, 0x0, 0x2c, 0xff, 0xff, 0xff, 0x60,
    0x0, 0x0, 0x4, 0x8a, 0x96, 0x10, 0x0, 0x0,
    0x0, 0x0, 0x0, 0x0, 0x0, 0x0, 0x0, 0x0,
    0x0, 0x0, 0x0, 0x0, 0x0, 0x0, 0x9f, 0xff,
    0xf0, 0x0, 0x0, 0x0, 0x9, 0xff, 0xff, 0x0,
    0x0, 0x0, 0x0, 0x9f, 0xff, 0xf0, 0x0, 0x0,
    0x0, 0x9, 0xff, 0xff, 0x0, 0x0, 0x0, 0x0,
    0x9f, 0xff, 0xf0, 0x0, 0x0, 0x0, 0x9, 0xff,
    0xff, 0x0, 0x0, 0x0, 0x0, 0x9f, 0xff, 0xf0,
    0x0, 0x0, 0x0, 0x9, 0xff, 0xff, 0x0, 0x0,
    0x0, 0x0, 0x9f, 0xff, 0xf0, 0x0, 0x0, 0x0,
    0x9, 0xff, 0xff, 0x0, 0x0, 0x0, 0x0, 0x9f,
    0xff, 0xf0, 0x0, 0x0, 0x0, 0x9, 0xff, 0xff,
    0x0, 0x0, 0x0, 0x0, 0x9f, 0xff, 0xf0, 0x0,
    0x0, 0x0, 0x9, 0xff, 0xff, 0x0, 0x0, 0x0,
    0x0, 0x9f, 0xff, 0xf0, 0x0, 0x0, 0x0, 0x9,
    0xff, 0xff, 0x0, 0x0, 0x0, 0x0, 0x9f, 0xff,
    0xf0, 0x0, 0x0, 0x0, 0x9, 0xff, 0xff, 0x0,
    0x0, 0x0, 0x0, 0x9f, 0xff, 0xf0, 0x0, 0x0,
    0x0, 0x9, 0xff, 0xff, 0x0, 0x0,

    /* U+012E "Į" */
    0x0, 0x5f, 0xff, 0xf5, 0x0, 0x5, 0xff, 0xff,
    0x50, 0x0, 0x5f, 0xff, 0xf5, 0x0, 0x5, 0xff,
    0xff, 0x50, 0x0, 0x5f, 0xff, 0xf5, 0x0, 0x5,
    0xff, 0xff, 0x50, 0x0, 0x5f, 0xff, 0xf5, 0x0,
    0x5, 0xff, 0xff, 0x50, 0x0, 0x5f, 0xff, 0xf5,
    0x0, 0x5, 0xff, 0xff, 0x50, 0x0, 0x5f, 0xff,
    0xf5, 0x0, 0x5, 0xff, 0xff, 0x50, 0x0, 0x5f,
    0xff, 0xf5, 0x0, 0x5, 0xff, 0xff, 0x50, 0x0,
    0x5f, 0xff, 0xf5, 0x0, 0x5, 0xff, 0xff, 0x50,
    0x0, 0x5f, 0xff, 0xf5, 0x0, 0x5, 0xff, 0xff,
    0x50, 0x0, 0x5f, 0xff, 0xf5, 0x0, 0x5, 0xff,
    0xff, 0x50, 0x0, 0x5f, 0xff, 0xf5, 0x0, 0x5,
    0xff, 0xff, 0x50, 0x0, 0x5f, 0xff, 0xf5, 0x0,
    0x5, 0xff, 0xff, 0x50, 0x0, 0x5f, 0xff, 0xf5,
    0x0, 0x7, 0xff, 0xff, 0x50, 0x2, 0xef, 0xff,
    0x60, 0x1, 0xef, 0xfe, 0x20, 0x0, 0x7f, 0xff,
    0x70, 0x0, 0xa, 0xff, 0xfa, 0x12, 0x10, 0x9f,
    0xff, 0xff, 0xf9, 0x2, 0xef, 0xff, 0xff, 0xf1,
    0x1, 0x9d, 0xff, 0xc7, 0x0,

    /* U+012F "į" */
    0x0, 0x0, 0x0, 0x0, 0x0, 0x0, 0x1b, 0xfd,
    0x50, 0x0, 0xa, 0xff, 0xff, 0x20, 0x0, 0xef,
    0xff, 0xf5, 0x0, 0xa, 0xff, 0xff, 0x20, 0x0,
    0x1a, 0xfd, 0x40, 0x0, 0x0, 0x0, 0x0, 0x0,
    0x0, 0x0, 0x0, 0x0, 0x0, 0x0, 0x0, 0x0,
    0x0, 0x0, 0x9f, 0xff, 0xf0, 0x0, 0x9, 0xff,
    0xff, 0x0, 0x0, 0x9f, 0xff, 0xf0, 0x0, 0x9,
    0xff, 0xff, 0x0, 0x0, 0x9f, 0xff, 0xf0, 0x0,
    0x9, 0xff, 0xff, 0x0, 0x0, 0x9f, 0xff, 0xf0,
    0x0, 0x9, 0xff, 0xff, 0x0, 0x0, 0x9f, 0xff,
    0xf0, 0x0, 0x9, 0xff, 0xff, 0x0, 0x0, 0x9f,
    0xff, 0xf0, 0x0, 0x9, 0xff, 0xff, 0x0, 0x0,
    0x9f, 0xff, 0xf0, 0x0, 0x9, 0xff, 0xff, 0x0,
    0x0, 0x9f, 0xff, 0xf0, 0x0, 0x9, 0xff, 0xff,
    0x0, 0x0, 0x9f, 0xff, 0xf0, 0x0, 0x9, 0xff,
    0xff, 0x0, 0x0, 0x9f, 0xff, 0xf0, 0x0, 0xc,
    0xff, 0xff, 0x0, 0x7, 0xff, 0xfc, 0x40, 0x4,
    0xff, 0xfa, 0x0, 0x0, 0xcf, 0xff, 0x20, 0x0,
    0xf, 0xff, 0xf6, 0x14, 0x0, 0xef, 0xff, 0xff,
    0xf4, 0x6, 0xff, 0xff, 0xff, 0xb0, 0x3, 0xae,
    0xfe, 0xb5,

    /* U+0130 "İ" */
    0x0, 0x0, 0x0, 0x8, 0xee, 0x80, 0x6f, 0xff,
    0xf6, 0x9f, 0xff, 0xf9, 0x6f, 0xff, 0xf6, 0x8,
    0xee, 0x80, 0x0, 0x0, 0x0, 0x0, 0x0, 0x0,
    0x0, 0x0, 0x0, 0x5f, 0xff, 0xf5, 0x5f, 0xff,
    0xf5, 0x5f, 0xff, 0xf5, 0x5f, 0xff, 0xf5, 0x5f,
    0xff, 0xf5, 0x5f, 0xff, 0xf5, 0x5f, 0xff, 0xf5,
    0x5f, 0xff, 0xf5, 0x5f, 0xff, 0xf5, 0x5f, 0xff,
    0xf5, 0x5f, 0xff, 0xf5, 0x5f, 0xff, 0xf5, 0x5f,
    0xff, 0xf5, 0x5f, 0xff, 0xf5, 0x5f, 0xff, 0xf5,
    0x5f, 0xff, 0xf5, 0x5f, 0xff, 0xf5, 0x5f, 0xff,
    0xf5, 0x5f, 0xff, 0xf5, 0x5f, 0xff, 0xf5, 0x5f,
    0xff, 0xf5, 0x5f, 0xff, 0xf5, 0x5f, 0xff, 0xf5,
    0x5f, 0xff, 0xf5, 0x5f, 0xff, 0xf5, 0x5f, 0xff,
    0xf5,

    /* U+0131 "ı" */
    0x9f, 0xff, 0xf9, 0xff, 0xff, 0x9f, 0xff, 0xf9,
    0xff, 0xff, 0x9f, 0xff, 0xf9, 0xff, 0xff, 0x9f,
    0xff, 0xf9, 0xff, 0xff, 0x9f, 0xff, 0xf9, 0xff,
    0xff, 0x9f, 0xff, 0xf9, 0xff, 0xff, 0x9f, 0xff,
    0xf9, 0xff, 0xff, 0x9f, 0xff, 0xf9, 0xff, 0xff,
    0x9f, 0xff, 0xf9, 0xff, 0xff, 0x9f, 0xff, 0xf9,
    0xff, 0xff,

    /* U+0132 "Ĳ" */
    0x5f, 0xff, 0xf5, 0x0, 0x0, 0x0, 0x0, 0x0,
    0x0, 0x0, 0x7, 0xff, 0xff, 0x35, 0xff, 0xff,
    0x50, 0x0, 0x0, 0x0, 0x0, 0x0, 0x0, 0x0,
    0x7f, 0xff, 0xf3, 0x5f, 0xff, 0xf5, 0x0, 0x0,
    0x0, 0x0, 0x0, 0x0, 0x0, 0x7, 0xff, 0xff,
    0x35, 0xff, 0xff, 0x50, 0x0, 0x0, 0x0, 0x0,
    0x0, 0x0, 0x0, 0x7f, 0xff, 0xf3, 0x5f, 0xff,
    0xf5, 0x0, 0x0, 0x0, 0x0, 0x0, 0x0, 0x0,
    0x7, 0xff, 0xff, 0x35, 0xff, 0xff, 0x50, 0x0,
    0x0, 0x0, 0x0, 0x0, 0x0, 0x0, 0x7f, 0xff,
    0xf3, 0x5f, 0xff, 0xf5, 0x0, 0x0, 0x0, 0x0,
    0x0, 0x0, 0x0, 0x7, 0xff, 0xff, 0x35, 0xff,
    0xff, 0x50, 0x0, 0x0, 0x0, 0x0, 0x0, 0x0,
    0x0, 0x7f, 0xff, 0xf3, 0x5f, 0xff, 0xf5, 0x0,
    0x0, 0x0, 0x0, 0x0, 0x0, 0x0, 0x7, 0xff,
    0xff, 0x35, 0xff, 0xff, 0x50, 0x0, 0x0, 0x0,
    0x0, 0x0, 0x0, 0x0, 0x7f, 0xff, 0xf3, 0x5f,
    0xff, 0xf5, 0x0, 0x0, 0x0, 0x0, 0x0, 0x0,
    0x0, 0x7, 0xff, 0xff, 0x35, 0xff, 0xff, 0x50,
    0x0, 0x0, 0x0, 0x0, 0x0, 0x0, 0x0, 0x7f,
    0xff, 0xf3, 0x5f, 0xff, 0xf5, 0x0, 0x0, 0x0,
    0x0, 0x0, 0x0, 0x0, 0x7, 0xff, 0xff, 0x35,
    0xff, 0xff, 0x50, 0x0, 0x0, 0x0, 0x0, 0x0,
    0x0, 0x0, 0x7f, 0xff, 0xf3, 0x5f, 0xff, 0xf5,
    0x0, 0x0, 0x0, 0x0, 0x0, 0x0, 0x0, 0x7,
    0xff, 0xff, 0x35, 0xff, 0xff, 0x50, 0x0, 0x0,
    0x0, 0x0, 0x0, 0x0, 0x0, 0x7f, 0xff, 0xf3,
    0x5f, 0xff, 0xf5, 0x0, 0x4, 0x77, 0x77, 0x0,
    0x0, 0x0, 0x7, 0xff, 0xff, 0x35, 0xff, 0xff,
    0x50, 0x0, 0xaf, 0xff, 0xf0, 0x0, 0x0, 0x0,
    0x7f, 0xff, 0xf3, 0x5f, 0xff, 0xf5, 0x0, 0x9,
    0xff, 0xff, 0x0, 0x0, 0x0, 0x7, 0xff, 0xff,
    0x25, 0xff, 0xff, 0x50, 0x0, 0x8f, 0xff, 0xf3,
    0x0, 0x0, 0x0, 0xaf, 0xff, 0xf1, 0x5f, 0xff,
    0xf5, 0x0, 0x5, 0xff, 0xff, 0xa0, 0x0, 0x0,
    0x1f, 0xff, 0xfe, 0x5, 0xff, 0xff, 0x50, 0x0,
    0x1f, 0xff, 0xff, 0x91, 0x0, 0x3d, 0xff, 0xff,
    0x90, 0x5f, 0xff, 0xf5, 0x0, 0x0, 0x8f, 0xff,
    0xff, 0xfe, 0xff, 0xff, 0xff, 0xf1, 0x5, 0xff,
    0xff, 0x50, 0x0, 0x0, 0xbf, 0xff, 0xff, 0xff,
    0xff, 0xff, 0xf5, 0x0, 0x5f, 0xff, 0xf5, 0x0,
    0x0, 0x0, 0x8f, 0xff, 0xff, 0xff, 0xff, 0xe4,
    0x0, 0x5, 0xff, 0xff, 0x50, 0x0, 0x0, 0x0,
    0x28, 0xce, 0xff, 0xda, 0x50, 0x0, 0x0,

    /* U+0133 "ĳ" */
    0x1a, 0xfd, 0x40, 0x0, 0x0, 0x6e, 0xe9, 0xa,
    0xff, 0xff, 0x20, 0x0, 0x4f, 0xff, 0xf8, 0xef,
    0xff, 0xf5, 0x0, 0x7, 0xff, 0xff, 0xba, 0xff,
    0xff, 0x20, 0x0, 0x4f, 0xff, 0xf8, 0x1b, 0xfd,
    0x50, 0x0, 0x0, 0x6e, 0xf9, 0x0, 0x0, 0x0,
    0x0, 0x0, 0x0, 0x0, 0x0, 0x0, 0x0, 0x0,
    0x0, 0x0, 0x0, 0x0, 0x0, 0x0, 0x0, 0x0,
    0x0, 0x0, 0x0, 0x0, 0x9f, 0xff, 0xf0, 0x0,
    0x2, 0xff, 0xff, 0x69, 0xff, 0xff, 0x0, 0x0,
    0x2f, 0xff, 0xf6, 0x9f, 0xff, 0xf0, 0x0, 0x2,
    0xff, 0xff, 0x69, 0xff, 0xff, 0x0, 0x0, 0x2f,
    0xff, 0xf6, 0x9f, 0xff, 0xf0, 0x0, 0x2, 0xff,
    0xff, 0x69, 0xff, 0xff, 0x0, 0x0, 0x2f, 0xff,
    0xf6, 0x9f, 0xff, 0xf0, 0x0, 0x2, 0xff, 0xff,
    0x69, 0xff, 0xff, 0x0, 0x0, 0x2f, 0xff, 0xf6,
    0x9f, 0xff, 0xf0, 0x0, 0x2, 0xff, 0xff, 0x69,
    0xff, 0xff, 0x0, 0x0, 0x2f, 0xff, 0xf6, 0x9f,
    0xff, 0xf0, 0x0, 0x2, 0xff, 0xff, 0x69, 0xff,
    0xff, 0x0, 0x0, 0x2f, 0xff, 0xf6, 0x9f, 0xff,
    0xf0, 0x0, 0x2, 0xff, 0xff, 0x69, 0xff, 0xff,
    0x0, 0x0, 0x2f, 0xff, 0xf6, 0x9f, 0xff, 0xf0,
    0x0, 0x2, 0xff, 0xff, 0x69, 0xff, 0xff, 0x0,
    0x0, 0x2f, 0xff, 0xf6, 0x9f, 0xff, 0xf0, 0x0,
    0x2, 0xff, 0xff, 0x69, 0xff, 0xff, 0x0, 0x0,
    0x2f, 0xff, 0xf6, 0x9f, 0xff, 0xf0, 0x0, 0x2,
    0xff, 0xff, 0x69, 0xff, 0xff, 0x0, 0x0, 0x2f,
    0xff, 0xf6, 0x0, 0x0, 0x0, 0x0, 0x2, 0xff,
    0xff, 0x60, 0x0, 0x0, 0x0, 0x0, 0x4f, 0xff,
    0xf5, 0x0, 0x0, 0x0, 0x0, 0xb, 0xff, 0xff,
    0x30, 0x0, 0x0, 0x3, 0xce, 0xff, 0xff, 0xf0,
    0x0, 0x0, 0x0, 0x5f, 0xff, 0xff, 0xf7, 0x0,
    0x0, 0x0, 0x5, 0xff, 0xff, 0xf8, 0x0, 0x0,
    0x0, 0x0, 0x5f, 0xfd, 0x93, 0x0, 0x0,

    /* U+0134 "Ĵ" */
    0x0, 0x0, 0x0, 0x0, 0x0, 0x0, 0x17, 0x88,
    0x70, 0x0, 0x0, 0x0, 0x0, 0x0, 0x0, 0x0,
    0x1, 0xdf, 0xff, 0xfa, 0x0, 0x0, 0x0, 0x0,
    0x0, 0x0, 0x0, 0x1d, 0xff, 0xef, 0xff, 0xa0,
    0x0, 0x0, 0x0, 0x0, 0x0, 0x1, 0xcf, 0xff,
    0x25, 0xff, 0xf9, 0x0, 0x0, 0x0, 0x0, 0x0,
    0xc, 0xff, 0xf4, 0x0, 0x7f, 0xff, 0x80, 0x0,
    0x0, 0x0, 0x0, 0x48, 0x88, 0x40, 0x0, 0x6,
    0x88, 0x82, 0x0, 0x0, 0x0, 0x0, 0x0, 0x0,
    0x0, 0x0, 0x0, 0x0, 0x0, 0x0, 0x0, 0x0,
    0x0, 0x0, 0x0, 0x0, 0x0, 0x0, 0x0, 0x0,
    0x0, 0x0, 0x0, 0x0, 0x0, 0x0, 0x0, 0x0,
    0x0, 0x0, 0x0, 0x0, 0x0, 0x0, 0x0, 0x0,
    0x0, 0x6f, 0xff, 0xf4, 0x0, 0x0, 0x0, 0x0,
    0x0, 0x0, 0x0, 0x0, 0x6f, 0xff, 0xf4, 0x0,
    0x0, 0x0, 0x0, 0x0, 0x0, 0x0, 0x0, 0x6f,
    0xff, 0xf4, 0x0, 0x0, 0x0, 0x0, 0x0, 0x0,
    0x0, 0x0, 0x6f, 0xff, 0xf4, 0x0, 0x0, 0x0,
    0x0, 0x0, 0x0, 0x0, 0x0, 0x6f, 0xff, 0xf4,
    0x0, 0x0, 0x0, 0x0, 0x0, 0x0, 0x0, 0x0,
    0x6f, 0xff, 0xf4, 0x0, 0x0, 0x0, 0x0, 0x0,
    0x0, 0x0, 0x0, 0x6f, 0xff, 0xf4, 0x0, 0x0,
    0x0, 0x0, 0x0, 0x0, 0x0, 0x0, 0x6f, 0xff,
    0xf4, 0x0, 0x0, 0x0, 0x0, 0x0, 0x0, 0x0,
    0x0, 0x6f, 0xff, 0xf4, 0x0, 0x0, 0x0, 0x0,
    0x0, 0x0, 0x0, 0x0, 0x6f, 0xff, 0xf4, 0x0,
    0x0, 0x0, 0x0, 0x0, 0x0, 0x0, 0x0, 0x6f,
    0xff, 0xf4, 0x0, 0x0, 0x0, 0x0, 0x0, 0x0,
    0x0, 0x0, 0x6f, 0xff, 0xf4, 0x0, 0x0, 0x0,
    0x0, 0x0, 0x0, 0x0, 0x0, 0x6f, 0xff, 0xf4,
    0x0, 0x0, 0x0, 0x0, 0x0, 0x0, 0x0, 0x0,
    0x6f, 0xff, 0xf4, 0x0, 0x0, 0x0, 0x0, 0x0,
    0x0, 0x0, 0x0, 0x6f, 0xff, 0xf4, 0x0, 0x0,
    0x0, 0x0, 0x0, 0x0, 0x0, 0x0, 0x6f, 0xff,
    0xf4, 0x0, 0x0, 0x47, 0x77, 0x70, 0x0, 0x0,
    0x0, 0x6f, 0xff, 0xf4, 0x0, 0x0, 0xaf, 0xff,
    0xf1, 0x0, 0x0, 0x0, 0x6f, 0xff, 0xf4, 0x0,
    0x0, 0x9f, 0xff, 0xf1, 0x0, 0x0, 0x0, 0x7f,
    0xff, 0xf3, 0x0, 0x0, 0x8f, 0xff, 0xf4, 0x0,
    0x0, 0x0, 0x9f, 0xff, 0xf2, 0x0, 0x0, 0x4f,
    0xff, 0xfa, 0x0, 0x0, 0x1, 0xff, 0xff, 0xe0,
    0x0, 0x0, 0xf, 0xff, 0xff, 0x91, 0x0, 0x3d,
    0xff, 0xff, 0x90, 0x0, 0x0, 0x7, 0xff, 0xff,
    0xff, 0xef, 0xff, 0xff, 0xff, 0x20, 0x0, 0x0,
    0x0, 0xbf, 0xff, 0xff, 0xff, 0xff, 0xff, 0xf5,
    0x0, 0x0, 0x0, 0x0, 0x8, 0xff, 0xff, 0xff,
    0xff, 0xfe, 0x40, 0x0, 0x0, 0x0, 0x0, 0x0,
    0x18, 0xce, 0xff, 0xea, 0x60, 0x0, 0x0, 0x0,
    0x0,

    /* U+0135 "ĵ" */
    0x0, 0x0, 0x9f, 0xff, 0xe2, 0x0, 0x0, 0x0,
    0x9, 0xff, 0xff, 0xfe, 0x10, 0x0, 0x0, 0x9f,
    0xff, 0x7d, 0xff, 0xd1, 0x0, 0x9, 0xff, 0xf8,
    0x2, 0xef, 0xfd, 0x10, 0x8f, 0xff, 0xa0, 0x0,
    0x3f, 0xff, 0xc0, 0x0, 0x0, 0x0, 0x0, 0x0,
    0x0, 0x0, 0x0, 0x0, 0x0, 0x0, 0x0, 0x0,
    0x0, 0x0, 0x0, 0x0, 0x0, 0x0, 0x0, 0x0,
    0x0, 0x0, 0x9f, 0xff, 0xf0, 0x0, 0x0, 0x0,
    0x0, 0x9f, 0xff, 0xf0, 0x0, 0x0, 0x0, 0x0,
    0x9f, 0xff, 0xf0, 0x0, 0x0, 0x0, 0x0, 0x9f,
    0xff, 0xf0, 0x0, 0x0, 0x0, 0x0, 0x9f, 0xff,
    0xf0, 0x0, 0x0, 0x0, 0x0, 0x9f, 0xff, 0xf0,
    0x0, 0x0, 0x0, 0x0, 0x9f, 0xff, 0xf0, 0x0,
    0x0, 0x0, 0x0, 0x9f, 0xff, 0xf0, 0x0, 0x0,
    0x0, 0x0, 0x9f, 0xff, 0xf0, 0x0, 0x0, 0x0,
    0x0, 0x9f, 0xff, 0xf0, 0x0, 0x0, 0x0, 0x0,
    0x9f, 0xff, 0xf0, 0x0, 0x0, 0x0, 0x0, 0x9f,
    0xff, 0xf0, 0x0, 0x0, 0x0, 0x0, 0x9f, 0xff,
    0xf0, 0x0, 0x0, 0x0, 0x0, 0x9f, 0xff, 0xf0,
    0x0, 0x0, 0x0, 0x0, 0x9f, 0xff, 0xf0, 0x0,
    0x0, 0x0, 0x0, 0x9f, 0xff, 0xf0, 0x0, 0x0,
    0x0, 0x0, 0x9f, 0xff, 0xf0, 0x0, 0x0, 0x0,
    0x0, 0x9f, 0xff, 0xf0, 0x0, 0x0, 0x0, 0x0,
    0x9f, 0xff, 0xf0, 0x0, 0x0, 0x0, 0x0, 0x9f,
    0xff, 0xf0, 0x0, 0x0, 0x0, 0x0, 0x9f, 0xff,
    0xf0, 0x0, 0x0, 0x0, 0x0, 0xbf, 0xff, 0xf0,
    0x0, 0x0, 0x0, 0x3, 0xff, 0xff, 0xd0, 0x0,
    0x0, 0x8, 0xdf, 0xff, 0xff, 0x80, 0x0, 0x0,
    0xb, 0xff, 0xff, 0xfe, 0x10, 0x0, 0x0, 0xb,
    0xff, 0xff, 0xe3, 0x0, 0x0, 0x0, 0xb, 0xfe,
    0xb7, 0x0, 0x0, 0x0, 0x0,

    /* U+0136 "Ķ" */
    0x5f, 0xff, 0xf5, 0x0, 0x0, 0x0, 0x0, 0x2,
    0xef, 0xff, 0xfb, 0x5, 0xff, 0xff, 0x50, 0x0,
    0x0, 0x0, 0x1, 0xdf, 0xff, 0xfc, 0x0, 0x5f,
    0xff, 0xf5, 0x0, 0x0, 0x0, 0x0, 0xcf, 0xff,
    0xfd, 0x10, 0x5, 0xff, 0xff, 0x50, 0x0, 0x0,
    0x0, 0xbf, 0xff, 0xfe, 0x20, 0x0, 0x5f, 0xff,
    0xf5, 0x0, 0x0, 0x0, 0x9f, 0xff, 0xff, 0x30,
    0x0, 0x5, 0xff, 0xff, 0x50, 0x0, 0x0, 0x7f,
    0xff, 0xff, 0x40, 0x0, 0x0, 0x5f, 0xff, 0xf5,
    0x0, 0x0, 0x5f, 0xff, 0xff, 0x60, 0x0, 0x0,
    0x5, 0xff, 0xff, 0x50, 0x0, 0x4f, 0xff, 0xff,
    0x80, 0x0, 0x0, 0x0, 0x5f, 0xff, 0xf5, 0x0,
    0x2f, 0xff, 0xff, 0x90, 0x0, 0x0, 0x0, 0x5,
    0xff, 0xff, 0x40, 0x1d, 0xff, 0xff, 0xb0, 0x0,
    0x0, 0x0, 0x0, 0x5f, 0xff, 0xf4, 0xb, 0xff,
    0xff, 0xc0, 0x0, 0x0, 0x0, 0x0, 0x5, 0xff,
    0xff, 0x47, 0xff, 0xff, 0xf6, 0x0, 0x0, 0x0,
    0x0, 0x0, 0x5f, 0xff, 0xf7, 0xff, 0xff, 0xff,
    0xe1, 0x0, 0x0, 0x0, 0x0, 0x5, 0xff, 0xff,
    0xff, 0xff, 0xff, 0xff, 0xb0, 0x0, 0x0, 0x0,
    0x0, 0x5f, 0xff, 0xff, 0xff, 0xbe, 0xff, 0xff,
    0x60, 0x0, 0x0, 0x0, 0x5, 0xff, 0xff, 0xff,
    0xc0, 0x4f, 0xff, 0xff, 0x20, 0x0, 0x0, 0x0,
    0x5f, 0xff, 0xff, 0xd1, 0x0, 0xaf, 0xff, 0xfc,
    0x0, 0x0, 0x0, 0x5, 0xff, 0xff, 0xd1, 0x0,
    0x0, 0xef, 0xff, 0xf7, 0x0, 0x0, 0x0, 0x5f,
    0xff, 0xf5, 0x0, 0x0, 0x4, 0xff, 0xff, 0xf3,
    0x0, 0x0, 0x5, 0xff, 0xff, 0x50, 0x0, 0x0,
    0x9, 0xff, 0xff, 0xd0, 0x0, 0x0, 0x5f, 0xff,
    0xf5, 0x0, 0x0, 0x0, 0xd, 0xff, 0xff, 0x90,
    0x0, 0x5, 0xff, 0xff, 0x50, 0x0, 0x0, 0x0,
    0x3f, 0xff, 0xff, 0x40, 0x0, 0x5f, 0xff, 0xf5,
    0x0, 0x0, 0x0, 0x0, 0x8f, 0xff, 0xfe, 0x0,
    0x5, 0xff, 0xff, 0x50, 0x0, 0x0, 0x0, 0x0,
    0xdf, 0xff, 0xfa, 0x0, 0x5f, 0xff, 0xf5, 0x0,
    0x0, 0x0, 0x0, 0x3, 0xff, 0xff, 0xf5, 0x5,
    0xff, 0xff, 0x50, 0x0, 0x0, 0x0, 0x0, 0x7,
    0xff, 0xff, 0xe1, 0x0, 0x0, 0x0, 0x0, 0x0,
    0x0, 0x0, 0x0, 0x0, 0x0, 0x0, 0x0, 0x0,
    0x0, 0x0, 0x0, 0x0, 0x0, 0x0, 0x0, 0x0,
    0x0, 0x0, 0x0, 0x0, 0x0, 0x0, 0x9f, 0xff,
    0xa0, 0x0, 0x0, 0x0, 0x0, 0x0, 0x0, 0x0,
    0x0, 0xd, 0xff, 0xf3, 0x0, 0x0, 0x0, 0x0,
    0x0, 0x0, 0x0, 0x0, 0x1, 0xff, 0xfd, 0x0,
    0x0, 0x0, 0x0, 0x0, 0x0, 0x0, 0x0, 0x0,
    0x5f, 0xff, 0x60, 0x0, 0x0, 0x0, 0x0, 0x0,
    0x0, 0x0, 0x0, 0x9, 0xff, 0xf1, 0x0, 0x0,
    0x0, 0x0, 0x0, 0x0, 0x0, 0x0, 0x0, 0xcf,
    0xfa, 0x0, 0x0, 0x0, 0x0, 0x0, 0x0, 0x0,
    0x0, 0x0, 0x7, 0x77, 0x20, 0x0, 0x0, 0x0,
    0x0, 0x0, 0x0,

    /* U+0137 "ķ" */
    0x9f, 0xff, 0xf0, 0x0, 0x0, 0x0, 0x0, 0x0,
    0x0, 0x9, 0xff, 0xff, 0x0, 0x0, 0x0, 0x0,
    0x0, 0x0, 0x0, 0x9f, 0xff, 0xf0, 0x0, 0x0,
    0x0, 0x0, 0x0, 0x0, 0x9, 0xff, 0xff, 0x0,
    0x0, 0x0, 0x0, 0x0, 0x0, 0x0, 0x9f, 0xff,
    0xf0, 0x0, 0x0, 0x0, 0x0, 0x0, 0x0, 0x9,
    0xff, 0xff, 0x0, 0x0, 0x0, 0x0, 0x0, 0x0,
    0x0, 0x9f, 0xff, 0xf0, 0x0, 0x0, 0x1, 0xef,
    0xff, 0xf5, 0x9, 0xff, 0xff, 0x0, 0x0, 0x1,
    0xdf, 0xff, 0xf7, 0x0, 0x9f, 0xff, 0xf0, 0x0,
    0x0, 0xcf, 0xff, 0xf9, 0x0, 0x9, 0xff, 0xff,
    0x0, 0x0, 0xaf, 0xff, 0xfb, 0x0, 0x0, 0x9f,
    0xff, 0xf0, 0x0, 0x8f, 0xff, 0xfc, 0x0, 0x0,
    0x9, 0xff, 0xff, 0x0, 0x6f, 0xff, 0xfd, 0x10,
    0x0, 0x0, 0x9f, 0xff, 0xf0, 0x4f, 0xff, 0xfe,
    0x20, 0x0, 0x0, 0x9, 0xff, 0xff, 0x3f, 0xff,
    0xff, 0x30, 0x0, 0x0, 0x0, 0x9f, 0xff, 0xff,
    0xff, 0xff, 0x60, 0x0, 0x0, 0x0, 0x9, 0xff,
    0xff, 0xff, 0xff, 0xfc, 0x0, 0x0, 0x0, 0x0,
    0x9f, 0xff, 0xff, 0xff, 0xff, 0xf7, 0x0, 0x0,
    0x0, 0x9, 0xff, 0xff, 0xfb, 0xff, 0xff, 0xf3,
    0x0, 0x0, 0x0, 0x9f, 0xff, 0xfb, 0x9, 0xff,
    0xff, 0xd0, 0x0, 0x0, 0x9, 0xff, 0xff, 0x0,
    0xd, 0xff, 0xff, 0x90, 0x0, 0x0, 0x9f, 0xff,
    0xf0, 0x0, 0x2f, 0xff, 0xff, 0x50, 0x0, 0x9,
    0xff, 0xff, 0x0, 0x0, 0x7f, 0xff, 0xfe, 0x10,
    0x0, 0x9f, 0xff, 0xf0, 0x0, 0x0, 0xbf, 0xff,
    0xfb, 0x0, 0x9, 0xff, 0xff, 0x0, 0x0, 0x1,
    0xef, 0xff, 0xf7, 0x0, 0x9f, 0xff, 0xf0, 0x0,
    0x0, 0x5, 0xff, 0xff, 0xf3, 0x9, 0xff, 0xff,
    0x0, 0x0, 0x0, 0x9, 0xff, 0xff, 0xd0, 0x0,
    0x0, 0x0, 0x0, 0x0, 0x0, 0x0, 0x0, 0x0,
    0x0, 0x0, 0x0, 0x0, 0x0, 0x0, 0x0, 0x0,
    0x0, 0x0, 0x0, 0x0, 0x0, 0xcf, 0xff, 0x70,
    0x0, 0x0, 0x0, 0x0, 0x0, 0x0, 0xf, 0xff,
    0xf1, 0x0, 0x0, 0x0, 0x0, 0x0, 0x0, 0x3,
    0xff, 0xfb, 0x0, 0x0, 0x0, 0x0, 0x0, 0x0,
    0x0, 0x7f, 0xff, 0x40, 0x0, 0x0, 0x0, 0x0,
    0x0, 0x0, 0xb, 0xff, 0xe0, 0x0, 0x0, 0x0,
    0x0, 0x0, 0x0, 0x0, 0xff, 0xf7, 0x0, 0x0,
    0x0, 0x0, 0x0, 0x0, 0x0, 0x7, 0x77, 0x10,
    0x0, 0x0, 0x0, 0x0, 0x0,

    /* U+0138 "ĸ" */
    0x9f, 0xff, 0xf0, 0x0, 0x0, 0x0, 0xcf, 0xff,
    0xfb, 0x9, 0xff, 0xff, 0x0, 0x0, 0x0, 0x7f,
    0xff, 0xfe, 0x10, 0x9f, 0xff, 0xf0, 0x0, 0x0,
    0x2f, 0xff, 0xff, 0x30, 0x9, 0xff, 0xff, 0x0,
    0x0, 0xc, 0xff, 0xff, 0x70, 0x0, 0x9f, 0xff,
    0xf0, 0x0, 0x8, 0xff, 0xff, 0xb0, 0x0, 0x9,
    0xff, 0xff, 0x0, 0x3, 0xff, 0xff, 0xe1, 0x0,
    0x0, 0x9f, 0xff, 0xf0, 0x0, 0xdf, 0xff, 0xf4,
    0x0, 0x0, 0x9, 0xff, 0xff, 0x0, 0x9f, 0xff,
    0xf7, 0x0, 0x0, 0x0, 0x9f, 0xff, 0xf5, 0x6f,
    0xff, 0xfb, 0x0, 0x0, 0x0, 0x9, 0xff, 0xff,
    0xff, 0xff, 0xfe, 0x10, 0x0, 0x0, 0x0, 0x9f,
    0xff, 0xff, 0xff, 0xff, 0x90, 0x0, 0x0, 0x0,
    0x9, 0xff, 0xff, 0xff, 0xff, 0xff, 0x50, 0x0,
    0x0, 0x0, 0x9f, 0xff, 0xf0, 0x2f, 0xff, 0xff,
    0x20, 0x0, 0x0, 0x9, 0xff, 0xff, 0x0, 0x6f,
    0xff, 0xfd, 0x0, 0x0, 0x0, 0x9f, 0xff, 0xf0,
    0x0, 0xaf, 0xff, 0xfa, 0x0, 0x0, 0x9, 0xff,
    0xff, 0x0, 0x0, 0xdf, 0xff, 0xf6, 0x0, 0x0,
    0x9f, 0xff, 0xf0, 0x0, 0x3, 0xff, 0xff, 0xf3,
    0x0, 0x9, 0xff, 0xff, 0x0, 0x0, 0x7, 0xff,
    0xff, 0xe1, 0x0, 0x9f, 0xff, 0xf0, 0x0, 0x0,
    0xb, 0xff, 0xff, 0xc0, 0x9, 0xff, 0xff, 0x0,
    0x0, 0x0, 0x1e, 0xff, 0xff, 0x80,

    /* U+0139 "Ĺ" */
    0x0, 0x2, 0x66, 0x66, 0x0, 0x0, 0x0, 0x0,
    0x0, 0x0, 0xcf, 0xff, 0x70, 0x0, 0x0, 0x0,
    0x0, 0x0, 0x3f, 0xff, 0xd0, 0x0, 0x0, 0x0,
    0x0, 0x0, 0xa, 0xff, 0xf3, 0x0, 0x0, 0x0,
    0x0, 0x0, 0x1, 0xff, 0xf8, 0x0, 0x0, 0x0,
    0x0, 0x0, 0x0, 0x8f, 0xfd, 0x0, 0x0, 0x0,
    0x0, 0x0, 0x0, 0x0, 0x0, 0x0, 0x0, 0x0,
    0x0, 0x0, 0x0, 0x0, 0x0, 0x0, 0x0, 0x0,
    0x0, 0x0, 0x0, 0x0, 0x0, 0x0, 0x0, 0x0,
    0x0, 0x0, 0x0, 0x0, 0x5, 0xff, 0xff, 0x50,
    0x0, 0x0, 0x0, 0x0, 0x0, 0x5f, 0xff, 0xf5,
    0x0, 0x0, 0x0, 0x0, 0x0, 0x5, 0xff, 0xff,
    0x50, 0x0, 0x0, 0x0, 0x0, 0x0, 0x5f, 0xff,
    0xf5, 0x0, 0x0, 0x0, 0x0, 0x0, 0x5, 0xff,
    0xff, 0x50, 0x0, 0x0, 0x0, 0x0, 0x0, 0x5f,
    0xff, 0xf5, 0x0, 0x0, 0x0, 0x0, 0x0, 0x5,
    0xff, 0xff, 0x50, 0x0, 0x0, 0x0, 0x0, 0x0,
    0x5f, 0xff, 0xf5, 0x0, 0x0, 0x0, 0x0, 0x0,
    0x5, 0xff, 0xff, 0x50, 0x0, 0x0, 0x0, 0x0,
    0x0, 0x5f, 0xff, 0xf5, 0x0, 0x0, 0x0, 0x0,
    0x0, 0x5, 0xff, 0xff, 0x50, 0x0, 0x0, 0x0,
    0x0, 0x0, 0x5f, 0xff, 0xf5, 0x0, 0x0, 0x0,
    0x0, 0x0, 0x5, 0xff, 0xff, 0x50, 0x0, 0x0,
    0x0, 0x0, 0x0, 0x5f, 0xff, 0xf5, 0x0, 0x0,
    0x0, 0x0, 0x0, 0x5, 0xff, 0xff, 0x50, 0x0,
    0x0, 0x0, 0x0, 0x0, 0x5f, 0xff, 0xf5, 0x0,
    0x0, 0x0, 0x0, 0x0, 0x5, 0xff, 0xff, 0x50,
    0x0, 0x0, 0x0, 0x0, 0x0, 0x5f, 0xff, 0xf5,
    0x0, 0x0, 0x0, 0x0, 0x0, 0x5, 0xff, 0xff,
    0x50, 0x0, 0x0, 0x0, 0x0, 0x0, 0x5f, 0xff,
    0xf5, 0x0, 0x0, 0x0, 0x0, 0x0, 0x5, 0xff,
    0xff, 0x50, 0x0, 0x0, 0x0, 0x0, 0x0, 0x5f,
    0xff, 0xf5, 0x0, 0x0, 0x0, 0x0, 0x0, 0x5,
    0xff, 0xff, 0xff, 0xff, 0xff, 0xff, 0xff, 0xfd,
    0x5f, 0xff, 0xff, 0xff, 0xff, 0xff, 0xff, 0xff,
    0xe5, 0xff, 0xff, 0xff, 0xff, 0xff, 0xff, 0xff,
    0xfe, 0x5f, 0xff, 0xff, 0xff, 0xff, 0xff, 0xff,
    0xff, 0xe0,

    /* U+013A "ĺ" */
    0x0, 0x4, 0x66, 0x64, 0x0, 0xf, 0xff, 0xf4,
    0x0, 0x7f, 0xff, 0x90, 0x0, 0xef, 0xfe, 0x0,
    0x5, 0xff, 0xf4, 0x0, 0xc, 0xff, 0x90, 0x0,
    0x0, 0x0, 0x0, 0x0, 0x0, 0x0, 0x0, 0x0,
    0x0, 0x0, 0x0, 0x0, 0x9f, 0xff, 0xf0, 0x0,
    0x9f, 0xff, 0xf0, 0x0, 0x9f, 0xff, 0xf0, 0x0,
    0x9f, 0xff, 0xf0, 0x0, 0x9f, 0xff, 0xf0, 0x0,
    0x9f, 0xff, 0xf0, 0x0, 0x9f, 0xff, 0xf0, 0x0,
    0x9f, 0xff, 0xf0, 0x0, 0x9f, 0xff, 0xf0, 0x0,
    0x9f, 0xff, 0xf0, 0x0, 0x9f, 0xff, 0xf0, 0x0,
    0x9f, 0xff, 0xf0, 0x0, 0x9f, 0xff, 0xf0, 0x0,
    0x9f, 0xff, 0xf0, 0x0, 0x9f, 0xff, 0xf0, 0x0,
    0x9f, 0xff, 0xf0, 0x0, 0x9f, 0xff, 0xf0, 0x0,
    0x9f, 0xff, 0xf0, 0x0, 0x9f, 0xff, 0xf0, 0x0,
    0x9f, 0xff, 0xf0, 0x0, 0x9f, 0xff, 0xf0, 0x0,
    0x9f, 0xff, 0xf0, 0x0, 0x9f, 0xff, 0xf0, 0x0,
    0x9f, 0xff, 0xf0, 0x0, 0x9f, 0xff, 0xf0, 0x0,
    0x9f, 0xff, 0xf0, 0x0,

    /* U+013B "Ļ" */
    0x5f, 0xff, 0xf5, 0x0, 0x0, 0x0, 0x0, 0x0,
    0x5, 0xff, 0xff, 0x50, 0x0, 0x0, 0x0, 0x0,
    0x0, 0x5f, 0xff, 0xf5, 0x0, 0x0, 0x0, 0x0,
    0x0, 0x5, 0xff, 0xff, 0x50, 0x0, 0x0, 0x0,
    0x0, 0x0, 0x5f, 0xff, 0xf5, 0x0, 0x0, 0x0,
    0x0, 0x0, 0x5, 0xff, 0xff, 0x50, 0x0, 0x0,
    0x0, 0x0, 0x0, 0x5f, 0xff, 0xf5, 0x0, 0x0,
    0x0, 0x0, 0x0, 0x5, 0xff, 0xff, 0x50, 0x0,
    0x0, 0x0, 0x0, 0x0, 0x5f, 0xff, 0xf5, 0x0,
    0x0, 0x0, 0x0, 0x0, 0x5, 0xff, 0xff, 0x50,
    0x0, 0x0, 0x0, 0x0, 0x0, 0x5f, 0xff, 0xf5,
    0x0, 0x0, 0x0, 0x0, 0x0, 0x5, 0xff, 0xff,
    0x50, 0x0, 0x0, 0x0, 0x0, 0x0, 0x5f, 0xff,
    0xf5, 0x0, 0x0, 0x0, 0x0, 0x0, 0x5, 0xff,
    0xff, 0x50, 0x0, 0x0, 0x0, 0x0, 0x0, 0x5f,
    0xff, 0xf5, 0x0, 0x0, 0x0, 0x0, 0x0, 0x5,
    0xff, 0xff, 0x50, 0x0, 0x0, 0x0, 0x0, 0x0,
    0x5f, 0xff, 0xf5, 0x0, 0x0, 0x0, 0x0, 0x0,
    0x5, 0xff, 0xff, 0x50, 0x0, 0x0, 0x0, 0x0,
    0x0, 0x5f, 0xff, 0xf5, 0x0, 0x0, 0x0, 0x0,
    0x0, 0x5, 0xff, 0xff, 0x50, 0x0, 0x0, 0x0,
    0x0, 0x0, 0x5f, 0xff, 0xf5, 0x0, 0x0, 0x0,
    0x0, 0x0, 0x5, 0xff, 0xff, 0x50, 0x0, 0x0,
    0x0, 0x0, 0x0, 0x5f, 0xff, 0xff, 0xff, 0xff,
    0xff, 0xff, 0xff, 0xd5, 0xff, 0xff, 0xff, 0xff,
    0xff, 0xff, 0xff, 0xfe, 0x5f, 0xff, 0xff, 0xff,
    0xff, 0xff, 0xff, 0xff, 0xe5, 0xff, 0xff, 0xff,
    0xff, 0xff, 0xff, 0xff, 0xfe, 0x0, 0x0, 0x0,
    0x0, 0x0, 0x0, 0x0, 0x0, 0x0, 0x0, 0x0,
    0x0, 0x0, 0x0, 0x0, 0x0, 0x0, 0x0, 0x0,
    0x0, 0x8f, 0xff, 0xb0, 0x0, 0x0, 0x0, 0x0,
    0x0, 0xc, 0xff, 0xf5, 0x0, 0x0, 0x0, 0x0,
    0x0, 0x0, 0xff, 0xfe, 0x0, 0x0, 0x0, 0x0,
    0x0, 0x0, 0x3f, 0xff, 0x80, 0x0, 0x0, 0x0,
    0x0, 0x0, 0x7, 0xff, 0xf2, 0x0, 0x0, 0x0,
    0x0, 0x0, 0x0, 0xbf, 0xfb, 0x0, 0x0, 0x0,
    0x0, 0x0, 0x0, 0x6, 0x77, 0x30, 0x0, 0x0,
    0x0, 0x0,

    /* U+013C "ļ" */
    0x9, 0xff, 0xff, 0x9, 0xff, 0xff, 0x9, 0xff,
    0xff, 0x9, 0xff, 0xff, 0x9, 0xff, 0xff, 0x9,
    0xff, 0xff, 0x9, 0xff, 0xff, 0x9, 0xff, 0xff,
    0x9, 0xff, 0xff, 0x9, 0xff, 0xff, 0x9, 0xff,
    0xff, 0x9, 0xff, 0xff, 0x9, 0xff, 0xff, 0x9,
    0xff, 0xff, 0x9, 0xff, 0xff, 0x9, 0xff, 0xff,
    0x9, 0xff, 0xff, 0x9, 0xff, 0xff, 0x9, 0xff,
    0xff, 0x9, 0xff, 0xff, 0x9, 0xff, 0xff, 0x9,
    0xff, 0xff, 0x9, 0xff, 0xff, 0x9, 0xff, 0xff,
    0x9, 0xff, 0xff, 0x9, 0xff, 0xff, 0x0, 0x0,
    0x0, 0x0, 0x0, 0x0, 0x9, 0xff, 0xfa, 0xd,
    0xff, 0xf4, 0x1f, 0xff, 0xd0, 0x4f, 0xff, 0x70,
    0x8f, 0xff, 0x10, 0xcf, 0xfa, 0x0, 0x67, 0x72,
    0x0,

    /* U+013D "Ľ" */
    0x0, 0x0, 0x0, 0x0, 0x6, 0xcc, 0xc1, 0x0,
    0x0, 0x0, 0x0, 0x0, 0x0, 0x9f, 0xff, 0x0,
    0x0, 0x5f, 0xff, 0xf5, 0x0, 0x9, 0xff, 0xd0,
    0x0, 0x5, 0xff, 0xff, 0x50, 0x0, 0x9f, 0xfb,
    0x0, 0x0, 0x5f, 0xff, 0xf5, 0x0, 0x9, 0xff,
    0x90, 0x0, 0x5, 0xff, 0xff, 0x50, 0x0, 0x9f,
    0xf7, 0x0, 0x0, 0x5f, 0xff, 0xf5, 0x0, 0x9,
    0xff, 0x50, 0x0, 0x5, 0xff, 0xff, 0x50, 0x0,
    0x0, 0x0, 0x0, 0x0, 0x5f, 0xff, 0xf5, 0x0,
    0x0, 0x0, 0x0, 0x0, 0x5, 0xff, 0xff, 0x50,
    0x0, 0x0, 0x0, 0x0, 0x0, 0x5f, 0xff, 0xf5,
    0x0, 0x0, 0x0, 0x0, 0x0, 0x5, 0xff, 0xff,
    0x50, 0x0, 0x0, 0x0, 0x0, 0x0, 0x5f, 0xff,
    0xf5, 0x0, 0x0, 0x0, 0x0, 0x0, 0x5, 0xff,
    0xff, 0x50, 0x0, 0x0, 0x0, 0x0, 0x0, 0x5f,
    0xff, 0xf5, 0x0, 0x0, 0x0, 0x0, 0x0, 0x5,
    0xff, 0xff, 0x50, 0x0, 0x0, 0x0, 0x0, 0x0,
    0x5f, 0xff, 0xf5, 0x0, 0x0, 0x0, 0x0, 0x0,
    0x5, 0xff, 0xff, 0x50, 0x0, 0x0, 0x0, 0x0,
    0x0, 0x5f, 0xff, 0xf5, 0x0, 0x0, 0x0, 0x0,
    0x0, 0x5, 0xff, 0xff, 0x50, 0x0, 0x0, 0x0,
    0x0, 0x0, 0x5f, 0xff, 0xf5, 0x0, 0x0, 0x0,
    0x0, 0x0, 0x5, 0xff, 0xff, 0x50, 0x0, 0x0,
    0x0, 0x0, 0x0, 0x5f, 0xff, 0xf5, 0x0, 0x0,
    0x0, 0x0, 0x0, 0x5, 0xff, 0xff, 0x50, 0x0,
    0x0, 0x0, 0x0, 0x0, 0x5f, 0xff, 0xff, 0xff,
    0xff, 0xff, 0xff, 0xff, 0xd5, 0xff, 0xff, 0xff,
    0xff, 0xff, 0xff, 0xff, 0xfe, 0x5f, 0xff, 0xff,
    0xff, 0xff, 0xff, 0xff, 0xff, 0xe5, 0xff, 0xff,
    0xff, 0xff, 0xff, 0xff, 0xff, 0xfe,

    /* U+013E "ľ" */
    0x0, 0x0, 0x0, 0x8, 0xcc, 0xb0, 0x0, 0x0,
    0x0, 0xa, 0xff, 0xe0, 0x9f, 0xff, 0xf0, 0xa,
    0xff, 0xc0, 0x9f, 0xff, 0xf0, 0xa, 0xff, 0xa0,
    0x9f, 0xff, 0xf0, 0xa, 0xff, 0x70, 0x9f, 0xff,
    0xf0, 0xa, 0xff, 0x50, 0x9f, 0xff, 0xf0, 0xa,
    0xff, 0x30, 0x9f, 0xff, 0xf0, 0x0, 0x0, 0x0,
    0x9f, 0xff, 0xf0, 0x0, 0x0, 0x0, 0x9f, 0xff,
    0xf0, 0x0, 0x0, 0x0, 0x9f, 0xff, 0xf0, 0x0,
    0x0, 0x0, 0x9f, 0xff, 0xf0, 0x0, 0x0, 0x0,
    0x9f, 0xff, 0xf0, 0x0, 0x0, 0x0, 0x9f, 0xff,
    0xf0, 0x0, 0x0, 0x0, 0x9f, 0xff, 0xf0, 0x0,
    0x0, 0x0, 0x9f, 0xff, 0xf0, 0x0, 0x0, 0x0,
    0x9f, 0xff, 0xf0, 0x0, 0x0, 0x0, 0x9f, 0xff,
    0xf0, 0x0, 0x0, 0x0, 0x9f, 0xff, 0xf0, 0x0,
    0x0, 0x0, 0x9f, 0xff, 0xf0, 0x0, 0x0, 0x0,
    0x9f, 0xff, 0xf0, 0x0, 0x0, 0x0, 0x9f, 0xff,
    0xf0, 0x0, 0x0, 0x0, 0x9f, 0xff, 0xf0, 0x0,
    0x0, 0x0, 0x9f, 0xff, 0xf0, 0x0, 0x0, 0x0,
    0x9f, 0xff, 0xf0, 0x0, 0x0, 0x0, 0x9f, 0xff,
    0xf0, 0x0, 0x0, 0x0, 0x9f, 0xff, 0xf0, 0x0,
    0x0, 0x0, 0x9f, 0xff, 0xf0, 0x0, 0x0, 0x0,

    /* U+013F "Ŀ" */
    0x5f, 0xff, 0xf6, 0x0, 0x0, 0x0, 0x0, 0x0,
    0x5, 0xff, 0xff, 0x60, 0x0, 0x0, 0x0, 0x0,
    0x0, 0x5f, 0xff, 0xf6, 0x0, 0x0, 0x0, 0x0,
    0x0, 0x5, 0xff, 0xff, 0x60, 0x0, 0x0, 0x0,
    0x0, 0x0, 0x5f, 0xff, 0xf6, 0x0, 0x0, 0x0,
    0x0, 0x0, 0x5, 0xff, 0xff, 0x60, 0x0, 0x0,
    0x0, 0x0, 0x0, 0x5f, 0xff, 0xf6, 0x0, 0x0,
    0x0, 0x0, 0x0, 0x5, 0xff, 0xff, 0x60, 0x0,
    0x0, 0x0, 0x0, 0x0, 0x5f, 0xff, 0xf6, 0x0,
    0x9, 0xff, 0x80, 0x0, 0x5, 0xff, 0xff, 0x60,
    0x7, 0xff, 0xff, 0x50, 0x0, 0x5f, 0xff, 0xf6,
    0x0, 0xaf, 0xff, 0xf8, 0x0, 0x5, 0xff, 0xff,
    0x60, 0x6, 0xff, 0xff, 0x50, 0x0, 0x5f, 0xff,
    0xf6, 0x0, 0x8, 0xee, 0x70, 0x0, 0x5, 0xff,
    0xff, 0x60, 0x0, 0x0, 0x0, 0x0, 0x0, 0x5f,
    0xff, 0xf6, 0x0, 0x0, 0x0, 0x0, 0x0, 0x5,
    0xff, 0xff, 0x60, 0x0, 0x0, 0x0, 0x0, 0x0,
    0x5f, 0xff, 0xf6, 0x0, 0x0, 0x0, 0x0, 0x0,
    0x5, 0xff, 0xff, 0x60, 0x0, 0x0, 0x0, 0x0,
    0x0, 0x5f, 0xff, 0xf6, 0x0, 0x0, 0x0, 0x0,
    0x0, 0x5, 0xff, 0xff, 0x60, 0x0, 0x0, 0x0,
    0x0, 0x0, 0x5f, 0xff, 0xf6, 0x0, 0x0, 0x0,
    0x0, 0x0, 0x5, 0xff, 0xff, 0x60, 0x0, 0x0,
    0x0, 0x0, 0x0, 0x5f, 0xff, 0xff, 0xff, 0xff,
    0xff, 0xff, 0xff, 0xe5, 0xff, 0xff, 0xff, 0xff,
    0xff, 0xff, 0xff, 0xff, 0x5f, 0xff, 0xff, 0xff,
    0xff, 0xff, 0xff, 0xff, 0xf5, 0xff, 0xff, 0xff,
    0xff, 0xff, 0xff, 0xff, 0xff,

    /* U+0140 "ŀ" */
    0x9f, 0xff, 0xf0, 0x0, 0x0, 0x0, 0x9, 0xff,
    0xff, 0x0, 0x0, 0x0, 0x0, 0x9f, 0xff, 0xf0,
    0x0, 0x0, 0x0, 0x9, 0xff, 0xff, 0x0, 0x0,
    0x0, 0x0, 0x9f, 0xff, 0xf0, 0x0, 0x0, 0x0,
    0x9, 0xff, 0xff, 0x0, 0x0, 0x0, 0x0, 0x9f,
    0xff, 0xf0, 0x0, 0x0, 0x0, 0x9, 0xff, 0xff,
    0x0, 0x0, 0x0, 0x0, 0x9f, 0xff, 0xf0, 0x0,
    0x0, 0x0, 0x9, 0xff, 0xff, 0x0, 0x0, 0x0,
    0x0, 0x9f, 0xff, 0xf0, 0x0, 0x7e, 0xe8, 0x9,
    0xff, 0xff, 0x0, 0x6f, 0xff, 0xf8, 0x9f, 0xff,
    0xf0, 0xa, 0xff, 0xff, 0xd9, 0xff, 0xff, 0x0,
    0x9f, 0xff, 0xfc, 0x9f, 0xff, 0xf0, 0x2, 0xff,
    0xff, 0x49, 0xff, 0xff, 0x0, 0x2, 0x88, 0x30,
    0x9f, 0xff, 0xf0, 0x0, 0x0, 0x0, 0x9, 0xff,
    0xff, 0x0, 0x0, 0x0, 0x0, 0x9f, 0xff, 0xf0,
    0x0, 0x0, 0x0, 0x9, 0xff, 0xff, 0x0, 0x0,
    0x0, 0x0, 0x9f, 0xff, 0xf0, 0x0, 0x0, 0x0,
    0x9, 0xff, 0xff, 0x0, 0x0, 0x0, 0x0, 0x9f,
    0xff, 0xf0, 0x0, 0x0, 0x0, 0x9, 0xff, 0xff,
    0x0, 0x0, 0x0, 0x0, 0x9f, 0xff, 0xf0, 0x0,
    0x0, 0x0, 0x9, 0xff, 0xff, 0x0, 0x0, 0x0,
    0x0,

    /* U+0141 "Ł" */
    0x0, 0x1, 0xff, 0xff, 0xa0, 0x0, 0x0, 0x0,
    0x0, 0x0, 0x0, 0x0, 0x1f, 0xff, 0xfa, 0x0,
    0x0, 0x0, 0x0, 0x0, 0x0, 0x0, 0x1, 0xff,
    0xff, 0xa0, 0x0, 0x0, 0x0, 0x0, 0x0, 0x0,
    0x0, 0x1f, 0xff, 0xfa, 0x0, 0x0, 0x0, 0x0,
    0x0, 0x0, 0x0, 0x1, 0xff, 0xff, 0xa0, 0x0,
    0x0, 0x0, 0x0, 0x0, 0x0, 0x0, 0x1f, 0xff,
    0xfa, 0x0, 0x0, 0x0, 0x0, 0x0, 0x0, 0x0,
    0x1, 0xff, 0xff, 0xa0, 0x0, 0x6, 0xc0, 0x0,
    0x0, 0x0, 0x0, 0x1f, 0xff, 0xfa, 0x0, 0x4d,
    0xfe, 0x0, 0x0, 0x0, 0x0, 0x1, 0xff, 0xff,
    0xa2, 0xbf, 0xff, 0xe0, 0x0, 0x0, 0x0, 0x0,
    0x1f, 0xff, 0xff, 0xff, 0xff, 0xfd, 0x0, 0x0,
    0x0, 0x0, 0x1, 0xff, 0xff, 0xff, 0xff, 0xfc,
    0x30, 0x0, 0x0, 0x0, 0x0, 0x1f, 0xff, 0xff,
    0xff, 0xd5, 0x0, 0x0, 0x0, 0x0, 0x0, 0x2c,
    0xff, 0xff, 0xff, 0x70, 0x0, 0x0, 0x0, 0x0,
    0x0, 0x8f, 0xff, 0xff, 0xff, 0x10, 0x0, 0x0,
    0x0, 0x0, 0x0, 0x7f, 0xff, 0xff, 0xff, 0xa0,
    0x0, 0x0, 0x0, 0x0, 0x0, 0x7, 0xff, 0xff,
    0xff, 0xfa, 0x0, 0x0, 0x0, 0x0, 0x0, 0x0,
    0x7f, 0xf8, 0xff, 0xff, 0xa0, 0x0, 0x0, 0x0,
    0x0, 0x0, 0x6, 0x91, 0x1f, 0xff, 0xfa, 0x0,
    0x0, 0x0, 0x0, 0x0, 0x0, 0x0, 0x1, 0xff,
    0xff, 0xa0, 0x0, 0x0, 0x0, 0x0, 0x0, 0x0,
    0x0, 0x1f, 0xff, 0xfa, 0x0, 0x0, 0x0, 0x0,
    0x0, 0x0, 0x0, 0x1, 0xff, 0xff, 0xa0, 0x0,
    0x0, 0x0, 0x0, 0x0, 0x0, 0x0, 0x1f, 0xff,
    0xfa, 0x0, 0x0, 0x0, 0x0, 0x0, 0x0, 0x0,
    0x1, 0xff, 0xff, 0xff, 0xff, 0xff, 0xff, 0xff,
    0xff, 0x30, 0x0, 0x1f, 0xff, 0xff, 0xff, 0xff,
    0xff, 0xff, 0xff, 0xf3, 0x0, 0x1, 0xff, 0xff,
    0xff, 0xff, 0xff, 0xff, 0xff, 0xff, 0x30, 0x0,
    0x1f, 0xff, 0xff, 0xff, 0xff, 0xff, 0xff, 0xff,
    0xf3,

    /* U+0142 "ł" */
    0x0, 0x9, 0xff, 0xff, 0x0, 0x0, 0x0, 0x9f,
    0xff, 0xf0, 0x0, 0x0, 0x9, 0xff, 0xff, 0x0,
    0x0, 0x0, 0x9f, 0xff, 0xf0, 0x0, 0x0, 0x9,
    0xff, 0xff, 0x0, 0x0, 0x0, 0x9f, 0xff, 0xf0,
    0x0, 0x0, 0x9, 0xff, 0xff, 0x1, 0x50, 0x0,
    0x9f, 0xff, 0xf6, 0xea, 0x0, 0x9, 0xff, 0xff,
    0xff, 0xa0, 0x0, 0x9f, 0xff, 0xff, 0xfa, 0x0,
    0xf, 0xff, 0xff, 0xf9, 0x10, 0x6e, 0xff, 0xff,
    0xf2, 0x0, 0x4f, 0xff, 0xff, 0xff, 0x0, 0x4,
    0xff, 0xff, 0xff, 0xf0, 0x0, 0x4f, 0xaa, 0xff,
    0xff, 0x0, 0x2, 0x30, 0x9f, 0xff, 0xf0, 0x0,
    0x0, 0x9, 0xff, 0xff, 0x0, 0x0, 0x0, 0x9f,
    0xff, 0xf0, 0x0, 0x0, 0x9, 0xff, 0xff, 0x0,
    0x0, 0x0, 0x9f, 0xff, 0xf0, 0x0, 0x0, 0x9,
    0xff, 0xff, 0x0, 0x0, 0x0, 0x9f, 0xff, 0xf0,
    0x0, 0x0, 0x9, 0xff, 0xff, 0x0, 0x0, 0x0,
    0x9f, 0xff, 0xf0, 0x0, 0x0, 0x9, 0xff, 0xff,
    0x0, 0x0, 0x0, 0x9f, 0xff, 0xf0, 0x0,

    /* U+0143 "Ń" */
    0x0, 0x0, 0x0, 0x0, 0x0, 0x0, 0x46, 0x66,
    0x40, 0x0, 0x0, 0x0, 0x0, 0x0, 0x0, 0x0,
    0x0, 0x1f, 0xff, 0xf3, 0x0, 0x0, 0x0, 0x0,
    0x0, 0x0, 0x0, 0x0, 0x7, 0xff, 0xf8, 0x0,
    0x0, 0x0, 0x0, 0x0, 0x0, 0x0, 0x0, 0x0,
    0xef, 0xfd, 0x0, 0x0, 0x0, 0x0, 0x0, 0x0,
    0x0, 0x0, 0x0, 0x6f, 0xff, 0x40, 0x0, 0x0,
    0x0, 0x0, 0x0, 0x0, 0x0, 0x0, 0xd, 0xff,
    0x90, 0x0, 0x0, 0x0, 0x0, 0x0, 0x0, 0x0,
    0x0, 0x0, 0x0, 0x0, 0x0, 0x0, 0x0, 0x0,
    0x0, 0x0, 0x0, 0x0, 0x0, 0x0, 0x0, 0x0,
    0x0, 0x0, 0x0, 0x0, 0x0, 0x0, 0x0, 0x0,
    0x0, 0x0, 0x0, 0x0, 0x0, 0x0, 0x0, 0x5,
    0xff, 0xff, 0xf4, 0x0, 0x0, 0x0, 0x0, 0x0,
    0x1f, 0xff, 0xfb, 0x5f, 0xff, 0xff, 0xd0, 0x0,
    0x0, 0x0, 0x0, 0x1, 0xff, 0xff, 0xb5, 0xff,
    0xff, 0xff, 0x80, 0x0, 0x0, 0x0, 0x0, 0x1f,
    0xff, 0xfb, 0x5f, 0xff, 0xff, 0xff, 0x20, 0x0,
    0x0, 0x0, 0x1, 0xff, 0xff, 0xb5, 0xff, 0xff,
    0xff, 0xfc, 0x0, 0x0, 0x0, 0x0, 0x1f, 0xff,
    0xfb, 0x5f, 0xff, 0xff, 0xff, 0xf6, 0x0, 0x0,
    0x0, 0x1, 0xff, 0xff, 0xb5, 0xff, 0xff, 0x9f,
    0xff, 0xf1, 0x0, 0x0, 0x0, 0x1f, 0xff, 0xfb,
    0x5f, 0xff, 0xf3, 0xef, 0xff, 0xa0, 0x0, 0x0,
    0x1, 0xff, 0xff, 0xb5, 0xff, 0xff, 0x37, 0xff,
    0xff, 0x50, 0x0, 0x0, 0x1f, 0xff, 0xfb, 0x5f,
    0xff, 0xf4, 0xe, 0xff, 0xfe, 0x0, 0x0, 0x1,
    0xff, 0xff, 0xb5, 0xff, 0xff, 0x50, 0x5f, 0xff,
    0xf9, 0x0, 0x0, 0x1f, 0xff, 0xfb, 0x5f, 0xff,
    0xf6, 0x0, 0xcf, 0xff, 0xf3, 0x0, 0x1, 0xff,
    0xff, 0xb5, 0xff, 0xff, 0x60, 0x2, 0xff, 0xff,
    0xd0, 0x0, 0x1f, 0xff, 0xfb, 0x5f, 0xff, 0xf6,
    0x0, 0x8, 0xff, 0xff, 0x70, 0x0, 0xff, 0xff,
    0xb5, 0xff, 0xff, 0x60, 0x0, 0xd, 0xff, 0xff,
    0x20, 0xf, 0xff, 0xfb, 0x5f, 0xff, 0xf6, 0x0,
    0x0, 0x4f, 0xff, 0xfb, 0x0, 0xff, 0xff, 0xb5,
    0xff, 0xff, 0x60, 0x0, 0x0, 0xaf, 0xff, 0xf4,
    0xf, 0xff, 0xfb, 0x5f, 0xff, 0xf6, 0x0, 0x0,
    0x1, 0xef, 0xff, 0xd0, 0xff, 0xff, 0xb5, 0xff,
    0xff, 0x60, 0x0, 0x0, 0x6, 0xff, 0xff, 0x5e,
    0xff, 0xfb, 0x5f, 0xff, 0xf6, 0x0, 0x0, 0x0,
    0xb, 0xff, 0xfc, 0xdf, 0xff, 0xb5, 0xff, 0xff,
    0x60, 0x0, 0x0, 0x0, 0x2f, 0xff, 0xff, 0xff,
    0xfb, 0x5f, 0xff, 0xf6, 0x0, 0x0, 0x0, 0x0,
    0x7f, 0xff, 0xff, 0xff, 0xb5, 0xff, 0xff, 0x60,
    0x0, 0x0, 0x0, 0x0, 0xdf, 0xff, 0xff, 0xfb,
    0x5f, 0xff, 0xf6, 0x0, 0x0, 0x0, 0x0, 0x3,
    0xff, 0xff, 0xff, 0xb5, 0xff, 0xff, 0x60, 0x0,
    0x0, 0x0, 0x0, 0x9, 0xff, 0xff, 0xfb, 0x5f,
    0xff, 0xf6, 0x0, 0x0, 0x0, 0x0, 0x0, 0xe,
    0xff, 0xff, 0xb0,

    /* U+0144 "ń" */
    0x0, 0x0, 0x0, 0x0, 0x2, 0x66, 0x66, 0x0,
    0x0, 0x0, 0x0, 0x0, 0x0, 0xb, 0xff, 0xf8,
    0x0, 0x0, 0x0, 0x0, 0x0, 0x0, 0x2f, 0xff,
    0xd0, 0x0, 0x0, 0x0, 0x0, 0x0, 0x0, 0x9f,
    0xff, 0x40, 0x0, 0x0, 0x0, 0x0, 0x0, 0x1,
    0xff, 0xf9, 0x0, 0x0, 0x0, 0x0, 0x0, 0x0,
    0x7, 0xff, 0xe0, 0x0, 0x0, 0x0, 0x0, 0x0,
    0x0, 0x0, 0x0, 0x0, 0x0, 0x0, 0x0, 0x0,
    0x0, 0x0, 0x0, 0x0, 0x0, 0x0, 0x0, 0x0,
    0x9f, 0xff, 0xc0, 0x2, 0x9d, 0xff, 0xd8, 0x10,
    0x0, 0x9f, 0xff, 0xc0, 0x5f, 0xff, 0xff, 0xff,
    0xf4, 0x0, 0x9f, 0xff, 0xc4, 0xff, 0xff, 0xff,
    0xff, 0xff, 0x30, 0x9f, 0xff, 0xcd, 0xff, 0xfe,
    0xff, 0xff, 0xff, 0xc0, 0x9f, 0xff, 0xff, 0xc3,
    0x0, 0x19, 0xff, 0xff, 0xf2, 0x9f, 0xff, 0xfd,
    0x0, 0x0, 0x0, 0xaf, 0xff, 0xf6, 0x9f, 0xff,
    0xf5, 0x0, 0x0, 0x0, 0x3f, 0xff, 0xf8, 0x9f,
    0xff, 0xf1, 0x0, 0x0, 0x0, 0xf, 0xff, 0xf9,
    0x9f, 0xff, 0xf0, 0x0, 0x0, 0x0, 0xf, 0xff,
    0xf9, 0x9f, 0xff, 0xf0, 0x0, 0x0, 0x0, 0xf,
    0xff, 0xf9, 0x9f, 0xff, 0xf0, 0x0, 0x0, 0x0,
    0xf, 0xff, 0xf9, 0x9f, 0xff, 0xf0, 0x0, 0x0,
    0x0, 0xf, 0xff, 0xf9, 0x9f, 0xff, 0xf0, 0x0,
    0x0, 0x0, 0xf, 0xff, 0xf9, 0x9f, 0xff, 0xf0,
    0x0, 0x0, 0x0, 0xf, 0xff, 0xf9, 0x9f, 0xff,
    0xf0, 0x0, 0x0, 0x0, 0xf, 0xff, 0xf9, 0x9f,
    0xff, 0xf0, 0x0, 0x0, 0x0, 0xf, 0xff, 0xf9,
    0x9f, 0xff, 0xf0, 0x0, 0x0, 0x0, 0xf, 0xff,
    0xf9, 0x9f, 0xff, 0xf0, 0x0, 0x0, 0x0, 0xf,
    0xff, 0xf9, 0x9f, 0xff, 0xf0, 0x0, 0x0, 0x0,
    0xf, 0xff, 0xf9, 0x9f, 0xff, 0xf0, 0x0, 0x0,
    0x0, 0xf, 0xff, 0xf9,

    /* U+0145 "Ņ" */
    0x5f, 0xff, 0xff, 0x40, 0x0, 0x0, 0x0, 0x0,
    0x1, 0xff, 0xff, 0xb5, 0xff, 0xff, 0xfd, 0x0,
    0x0, 0x0, 0x0, 0x0, 0x1f, 0xff, 0xfb, 0x5f,
    0xff, 0xff, 0xf8, 0x0, 0x0, 0x0, 0x0, 0x1,
    0xff, 0xff, 0xb5, 0xff, 0xff, 0xff, 0xf2, 0x0,
    0x0, 0x0, 0x0, 0x1f, 0xff, 0xfb, 0x5f, 0xff,
    0xff, 0xff, 0xc0, 0x0, 0x0, 0x0, 0x1, 0xff,
    0xff, 0xb5, 0xff, 0xff, 0xff, 0xff, 0x60, 0x0,
    0x0, 0x0, 0x1f, 0xff, 0xfb, 0x5f, 0xff, 0xf9,
    0xff, 0xff, 0x10, 0x0, 0x0, 0x1, 0xff, 0xff,
    0xb5, 0xff, 0xff, 0x3e, 0xff, 0xfa, 0x0, 0x0,
    0x0, 0x1f, 0xff, 0xfb, 0x5f, 0xff, 0xf3, 0x7f,
    0xff, 0xf5, 0x0, 0x0, 0x1, 0xff, 0xff, 0xb5,
    0xff, 0xff, 0x40, 0xef, 0xff, 0xe0, 0x0, 0x0,
    0x1f, 0xff, 0xfb, 0x5f, 0xff, 0xf5, 0x5, 0xff,
    0xff, 0x90, 0x0, 0x1, 0xff, 0xff, 0xb5, 0xff,
    0xff, 0x60, 0xc, 0xff, 0xff, 0x30, 0x0, 0x1f,
    0xff, 0xfb, 0x5f, 0xff, 0xf6, 0x0, 0x2f, 0xff,
    0xfd, 0x0, 0x1, 0xff, 0xff, 0xb5, 0xff, 0xff,
    0x60, 0x0, 0x8f, 0xff, 0xf7, 0x0, 0xf, 0xff,
    0xfb, 0x5f, 0xff, 0xf6, 0x0, 0x0, 0xdf, 0xff,
    0xf2, 0x0, 0xff, 0xff, 0xb5, 0xff, 0xff, 0x60,
    0x0, 0x4, 0xff, 0xff, 0xb0, 0xf, 0xff, 0xfb,
    0x5f, 0xff, 0xf6, 0x0, 0x0, 0xa, 0xff, 0xff,
    0x40, 0xff, 0xff, 0xb5, 0xff, 0xff, 0x60, 0x0,
    0x0, 0x1e, 0xff, 0xfd, 0xf, 0xff, 0xfb, 0x5f,
    0xff, 0xf6, 0x0, 0x0, 0x0, 0x6f, 0xff, 0xf5,
    0xef, 0xff, 0xb5, 0xff, 0xff, 0x60, 0x0, 0x0,
    0x0, 0xbf, 0xff, 0xcd, 0xff, 0xfb, 0x5f, 0xff,
    0xf6, 0x0, 0x0, 0x0, 0x2, 0xff, 0xff, 0xff,
    0xff, 0xb5, 0xff, 0xff, 0x60, 0x0, 0x0, 0x0,
    0x7, 0xff, 0xff, 0xff, 0xfb, 0x5f, 0xff, 0xf6,
    0x0, 0x0, 0x0, 0x0, 0xd, 0xff, 0xff, 0xff,
    0xb5, 0xff, 0xff, 0x60, 0x0, 0x0, 0x0, 0x0,
    0x3f, 0xff, 0xff, 0xfb, 0x5f, 0xff, 0xf6, 0x0,
    0x0, 0x0, 0x0, 0x0, 0x9f, 0xff, 0xff, 0xb5,
    0xff, 0xff, 0x60, 0x0, 0x0, 0x0, 0x0, 0x0,
    0xef, 0xff, 0xfb, 0x0, 0x0, 0x0, 0x0, 0x0,
    0x0, 0x0, 0x0, 0x0, 0x0, 0x0, 0x0, 0x0,
    0x0, 0x0, 0x0, 0x0, 0x0, 0x0, 0x0, 0x0,
    0x0, 0x0, 0x0, 0x0, 0x0, 0x0, 0x9, 0xff,
    0xfa, 0x0, 0x0, 0x0, 0x0, 0x0, 0x0, 0x0,
    0x0, 0x0, 0xdf, 0xff, 0x40, 0x0, 0x0, 0x0,
    0x0, 0x0, 0x0, 0x0, 0x0, 0x1f, 0xff, 0xd0,
    0x0, 0x0, 0x0, 0x0, 0x0, 0x0, 0x0, 0x0,
    0x5, 0xff, 0xf7, 0x0, 0x0, 0x0, 0x0, 0x0,
    0x0, 0x0, 0x0, 0x0, 0x8f, 0xff, 0x10, 0x0,
    0x0, 0x0, 0x0, 0x0, 0x0, 0x0, 0x0, 0xc,
    0xff, 0xa0, 0x0, 0x0, 0x0, 0x0, 0x0, 0x0,
    0x0, 0x0, 0x0, 0x67, 0x72, 0x0, 0x0, 0x0,
    0x0, 0x0, 0x0,

    /* U+0146 "ņ" */
    0x9f, 0xff, 0xc0, 0x2, 0x9d, 0xff, 0xd8, 0x10,
    0x0, 0x9f, 0xff, 0xc0, 0x5f, 0xff, 0xff, 0xff,
    0xf4, 0x0, 0x9f, 0xff, 0xc4, 0xff, 0xff, 0xff,
    0xff, 0xff, 0x30, 0x9f, 0xff, 0xcd, 0xff, 0xfe,
    0xff, 0xff, 0xff, 0xc0, 0x9f, 0xff, 0xff, 0xc3,
    0x0, 0x19, 0xff, 0xff, 0xf2, 0x9f, 0xff, 0xfd,
    0x0, 0x0, 0x0, 0xaf, 0xff, 0xf6, 0x9f, 0xff,
    0xf5, 0x0, 0x0, 0x0, 0x3f, 0xff, 0xf8, 0x9f,
    0xff, 0xf1, 0x0, 0x0, 0x0, 0xf, 0xff, 0xf9,
    0x9f, 0xff, 0xf0, 0x0, 0x0, 0x0, 0xf, 0xff,
    0xf9, 0x9f, 0xff, 0xf0, 0x0, 0x0, 0x0, 0xf,
    0xff, 0xf9, 0x9f, 0xff, 0xf0, 0x0, 0x0, 0x0,
    0xf, 0xff, 0xf9, 0x9f, 0xff, 0xf0, 0x0, 0x0,
    0x0, 0xf, 0xff, 0xf9, 0x9f, 0xff, 0xf0, 0x0,
    0x0, 0x0, 0xf, 0xff, 0xf9, 0x9f, 0xff, 0xf0,
    0x0, 0x0, 0x0, 0xf, 0xff, 0xf9, 0x9f, 0xff,
    0xf0, 0x0, 0x0, 0x0, 0xf, 0xff, 0xf9, 0x9f,
    0xff, 0xf0, 0x0, 0x0, 0x0, 0xf, 0xff, 0xf9,
    0x9f, 0xff, 0xf0, 0x0, 0x0, 0x0, 0xf, 0xff,
    0xf9, 0x9f, 0xff, 0xf0, 0x0, 0x0, 0x0, 0xf,
    0xff, 0xf9, 0x9f, 0xff, 0xf0, 0x0, 0x0, 0x0,
    0xf, 0xff, 0xf9, 0x9f, 0xff, 0xf0, 0x0, 0x0,
    0x0, 0xf, 0xff, 0xf9, 0x0, 0x0, 0x0, 0x0,
    0x0, 0x0, 0x0, 0x0, 0x0, 0x0, 0x0, 0x0,
    0x0, 0x0, 0x0, 0x0, 0x0, 0x0, 0x0, 0x0,
    0x0, 0x4f, 0xff, 0xf0, 0x0, 0x0, 0x0, 0x0,
    0x0, 0x0, 0x8f, 0xff, 0x90, 0x0, 0x0, 0x0,
    0x0, 0x0, 0x0, 0xcf, 0xff, 0x20, 0x0, 0x0,
    0x0, 0x0, 0x0, 0x0, 0xff, 0xfc, 0x0, 0x0,
    0x0, 0x0, 0x0, 0x0, 0x3, 0xff, 0xf6, 0x0,
    0x0, 0x0, 0x0, 0x0, 0x0, 0x7, 0xff, 0xe0,
    0x0, 0x0, 0x0, 0x0, 0x0, 0x0, 0x4, 0x77,
    0x40, 0x0, 0x0, 0x0, 0x0,

    /* U+0147 "Ň" */
    0x0, 0x0, 0x5, 0x88, 0x82, 0x0, 0x0, 0x78,
    0x87, 0x10, 0x0, 0x0, 0x0, 0x0, 0x2e, 0xff,
    0xd1, 0x0, 0x9f, 0xff, 0x80, 0x0, 0x0, 0x0,
    0x0, 0x0, 0x3f, 0xff, 0xb0, 0x6f, 0xff, 0xa0,
    0x0, 0x0, 0x0, 0x0, 0x0, 0x0, 0x5f, 0xff,
    0xaf, 0xff, 0xb0, 0x0, 0x0, 0x0, 0x0, 0x0,
    0x0, 0x0, 0x7f, 0xff, 0xff, 0xc0, 0x0, 0x0,
    0x0, 0x0, 0x0, 0x0, 0x0, 0x0, 0x9f, 0xff,
    0xd1, 0x0, 0x0, 0x0, 0x0, 0x0, 0x0, 0x0,
    0x0, 0x0, 0x0, 0x0, 0x0, 0x0, 0x0, 0x0,
    0x0, 0x0, 0x0, 0x0, 0x0, 0x0, 0x0, 0x0,
    0x0, 0x0, 0x0, 0x0, 0x0, 0x0, 0x0, 0x0,
    0x0, 0x0, 0x0, 0x0, 0x0, 0x0, 0x0, 0x5,
    0xff, 0xff, 0xf4, 0x0, 0x0, 0x0, 0x0, 0x0,
    0x1f, 0xff, 0xfb, 0x5f, 0xff, 0xff, 0xd0, 0x0,
    0x0, 0x0, 0x0, 0x1, 0xff, 0xff, 0xb5, 0xff,
    0xff, 0xff, 0x80, 0x0, 0x0, 0x0, 0x0, 0x1f,
    0xff, 0xfb, 0x5f, 0xff, 0xff, 0xff, 0x20, 0x0,
    0x0, 0x0, 0x1, 0xff, 0xff, 0xb5, 0xff, 0xff,
    0xff, 0xfc, 0x0, 0x0, 0x0, 0x0, 0x1f, 0xff,
    0xfb, 0x5f, 0xff, 0xff, 0xff, 0xf6, 0x0, 0x0,
    0x0, 0x1, 0xff, 0xff, 0xb5, 0xff, 0xff, 0x9f,
    0xff, 0xf1, 0x0, 0x0, 0x0, 0x1f, 0xff, 0xfb,
    0x5f, 0xff, 0xf3, 0xef, 0xff, 0xa0, 0x0, 0x0,
    0x1, 0xff, 0xff, 0xb5, 0xff, 0xff, 0x37, 0xff,
    0xff, 0x50, 0x0, 0x0, 0x1f, 0xff, 0xfb, 0x5f,
    0xff, 0xf4, 0xe, 0xff, 0xfe, 0x0, 0x0, 0x1,
    0xff, 0xff, 0xb5, 0xff, 0xff, 0x50, 0x5f, 0xff,
    0xf9, 0x0, 0x0, 0x1f, 0xff, 0xfb, 0x5f, 0xff,
    0xf6, 0x0, 0xcf, 0xff, 0xf3, 0x0, 0x1, 0xff,
    0xff, 0xb5, 0xff, 0xff, 0x60, 0x2, 0xff, 0xff,
    0xd0, 0x0, 0x1f, 0xff, 0xfb, 0x5f, 0xff, 0xf6,
    0x0, 0x8, 0xff, 0xff, 0x70, 0x0, 0xff, 0xff,
    0xb5, 0xff, 0xff, 0x60, 0x0, 0xd, 0xff, 0xff,
    0x20, 0xf, 0xff, 0xfb, 0x5f, 0xff, 0xf6, 0x0,
    0x0, 0x4f, 0xff, 0xfb, 0x0, 0xff, 0xff, 0xb5,
    0xff, 0xff, 0x60, 0x0, 0x0, 0xaf, 0xff, 0xf4,
    0xf, 0xff, 0xfb, 0x5f, 0xff, 0xf6, 0x0, 0x0,
    0x1, 0xef, 0xff, 0xd0, 0xff, 0xff, 0xb5, 0xff,
    0xff, 0x60, 0x0, 0x0, 0x6, 0xff, 0xff, 0x5e,
    0xff, 0xfb, 0x5f, 0xff, 0xf6, 0x0, 0x0, 0x0,
    0xb, 0xff, 0xfc, 0xdf, 0xff, 0xb5, 0xff, 0xff,
    0x60, 0x0, 0x0, 0x0, 0x2f, 0xff, 0xff, 0xff,
    0xfb, 0x5f, 0xff, 0xf6, 0x0, 0x0, 0x0, 0x0,
    0x7f, 0xff, 0xff, 0xff, 0xb5, 0xff, 0xff, 0x60,
    0x0, 0x0, 0x0, 0x0, 0xdf, 0xff, 0xff, 0xfb,
    0x5f, 0xff, 0xf6, 0x0, 0x0, 0x0, 0x0, 0x3,
    0xff, 0xff, 0xff, 0xb5, 0xff, 0xff, 0x60, 0x0,
    0x0, 0x0, 0x0, 0x9, 0xff, 0xff, 0xfb, 0x5f,
    0xff, 0xf6, 0x0, 0x0, 0x0, 0x0, 0x0, 0xe,
    0xff, 0xff, 0xb0,

    /* U+0148 "ň" */
    0x0, 0x28, 0x88, 0x50, 0x0, 0x5, 0x88, 0x83,
    0x0, 0x0, 0xa, 0xff, 0xf5, 0x0, 0x5f, 0xff,
    0xb0, 0x0, 0x0, 0x0, 0xbf, 0xff, 0x33, 0xff,
    0xfb, 0x0, 0x0, 0x0, 0x0, 0xb, 0xff, 0xee,
    0xff, 0xc0, 0x0, 0x0, 0x0, 0x0, 0x0, 0xcf,
    0xff, 0xfc, 0x0, 0x0, 0x0, 0x0, 0x0, 0x0,
    0x7, 0x88, 0x70, 0x0, 0x0, 0x0, 0x0, 0x0,
    0x0, 0x0, 0x0, 0x0, 0x0, 0x0, 0x0, 0x0,
    0x0, 0x0, 0x0, 0x0, 0x0, 0x0, 0x0, 0x0,
    0x9f, 0xff, 0xc0, 0x2, 0x9d, 0xff, 0xd8, 0x10,
    0x0, 0x9f, 0xff, 0xc0, 0x5f, 0xff, 0xff, 0xff,
    0xf4, 0x0, 0x9f, 0xff, 0xc4, 0xff, 0xff, 0xff,
    0xff, 0xff, 0x30, 0x9f, 0xff, 0xcd, 0xff, 0xfe,
    0xff, 0xff, 0xff, 0xc0, 0x9f, 0xff, 0xff, 0xc3,
    0x0, 0x19, 0xff, 0xff, 0xf2, 0x9f, 0xff, 0xfd,
    0x0, 0x0, 0x0, 0xaf, 0xff, 0xf6, 0x9f, 0xff,
    0xf5, 0x0, 0x0, 0x0, 0x3f, 0xff, 0xf8, 0x9f,
    0xff, 0xf1, 0x0, 0x0, 0x0, 0xf, 0xff, 0xf9,
    0x9f, 0xff, 0xf0, 0x0, 0x0, 0x0, 0xf, 0xff,
    0xf9, 0x9f, 0xff, 0xf0, 0x0, 0x0, 0x0, 0xf,
    0xff, 0xf9, 0x9f, 0xff, 0xf0, 0x0, 0x0, 0x0,
    0xf, 0xff, 0xf9, 0x9f, 0xff, 0xf0, 0x0, 0x0,
    0x0, 0xf, 0xff, 0xf9, 0x9f, 0xff, 0xf0, 0x0,
    0x0, 0x0, 0xf, 0xff, 0xf9, 0x9f, 0xff, 0xf0,
    0x0, 0x0, 0x0, 0xf, 0xff, 0xf9, 0x9f, 0xff,
    0xf0, 0x0, 0x0, 0x0, 0xf, 0xff, 0xf9, 0x9f,
    0xff, 0xf0, 0x0, 0x0, 0x0, 0xf, 0xff, 0xf9,
    0x9f, 0xff, 0xf0, 0x0, 0x0, 0x0, 0xf, 0xff,
    0xf9, 0x9f, 0xff, 0xf0, 0x0, 0x0, 0x0, 0xf,
    0xff, 0xf9, 0x9f, 0xff, 0xf0, 0x0, 0x0, 0x0,
    0xf, 0xff, 0xf9, 0x9f, 0xff, 0xf0, 0x0, 0x0,
    0x0, 0xf, 0xff, 0xf9,

    /* U+014A "Ŋ" */
    0x5f, 0xff, 0xff, 0x40, 0x0, 0x0, 0x0, 0x0,
    0x1, 0xff, 0xff, 0xb5, 0xff, 0xff, 0xfd, 0x0,
    0x0, 0x0, 0x0, 0x0, 0x1f, 0xff, 0xfb, 0x5f,
    0xff, 0xff, 0xf8, 0x0, 0x0, 0x0, 0x0, 0x1,
    0xff, 0xff, 0xb5, 0xff, 0xff, 0xff, 0xf2, 0x0,
    0x0, 0x0, 0x0, 0x1f, 0xff, 0xfb, 0x5f, 0xff,
    0xff, 0xff, 0xc0, 0x0, 0x0, 0x0, 0x1, 0xff,
    0xff, 0xb5, 0xff, 0xff, 0xff, 0xff, 0x60, 0x0,
    0x0, 0x0, 0x1f, 0xff, 0xfb, 0x5f, 0xff, 0xf9,
    0xff, 0xff, 0x10, 0x0, 0x0, 0x1, 0xff, 0xff,
    0xb5, 0xff, 0xff, 0x3e, 0xff, 0xfa, 0x0, 0x0,
    0x0, 0x1f, 0xff, 0xfb, 0x5f, 0xff, 0xf3, 0x7f,
    0xff, 0xf5, 0x0, 0x0, 0x1, 0xff, 0xff, 0xb5,
    0xff, 0xff, 0x40, 0xef, 0xff, 0xe0, 0x0, 0x0,
    0x1f, 0xff, 0xfb, 0x5f, 0xff, 0xf5, 0x5, 0xff,
    0xff, 0x90, 0x0, 0x1, 0xff, 0xff, 0xb5, 0xff,
    0xff, 0x60, 0xc, 0xff, 0xff, 0x30, 0x0, 0x1f,
    0xff, 0xfb, 0x5f, 0xff, 0xf6, 0x0, 0x2f, 0xff,
    0xfd, 0x0, 0x1, 0xff, 0xff, 0xb5, 0xff, 0xff,
    0x60, 0x0, 0x8f, 0xff, 0xf7, 0x0, 0xf, 0xff,
    0xfb, 0x5f, 0xff, 0xf6, 0x0, 0x0, 0xdf, 0xff,
    0xf2, 0x0, 0xff, 0xff, 0xb5, 0xff, 0xff, 0x60,
    0x0, 0x4, 0xff, 0xff, 0xb0, 0xf, 0xff, 0xfb,
    0x5f, 0xff, 0xf6, 0x0, 0x0, 0xa, 0xff, 0xff,
    0x40, 0xff, 0xff, 0xb5, 0xff, 0xff, 0x60, 0x0,
    0x0, 0x1e, 0xff, 0xfd, 0xf, 0xff, 0xfb, 0x5f,
    0xff, 0xf6, 0x0, 0x0, 0x0, 0x6f, 0xff, 0xf5,
    0xef, 0xff, 0xb5, 0xff, 0xff, 0x60, 0x0, 0x0,
    0x0, 0xbf, 0xff, 0xcd, 0xff, 0xfb, 0x5f, 0xff,
    0xf6, 0x0, 0x0, 0x0, 0x2, 0xff, 0xff, 0xff,
    0xff, 0xb5, 0xff, 0xff, 0x60, 0x0, 0x0, 0x0,
    0x7, 0xff, 0xff, 0xff, 0xfb, 0x5f, 0xff, 0xf6,
    0x0, 0x0, 0x0, 0x0, 0xd, 0xff, 0xff, 0xff,
    0xb5, 0xff, 0xff, 0x60, 0x0, 0x0, 0x0, 0x0,
    0x3f, 0xff, 0xff, 0xfc, 0x5f, 0xff, 0xf6, 0x0,
    0x0, 0x0, 0x0, 0x0, 0x9f, 0xff, 0xff, 0xd5,
    0xff, 0xff, 0x60, 0x0, 0x0, 0x0, 0x0, 0x0,
    0xef, 0xff, 0xfd, 0x0, 0x0, 0x0, 0x0, 0x0,
    0x0, 0x0, 0x0, 0x0, 0xef, 0xff, 0xd0, 0x0,
    0x0, 0x0, 0x0, 0x0, 0x0, 0x0, 0x0, 0xe,
    0xff, 0xfd, 0x0, 0x0, 0x0, 0x0, 0x0, 0x0,
    0x0, 0x0, 0x2, 0xff, 0xff, 0xc0, 0x0, 0x0,
    0x0, 0x0, 0x0, 0x0, 0x8, 0xde, 0xff, 0xff,
    0xfa, 0x0, 0x0, 0x0, 0x0, 0x0, 0x0, 0x0,
    0x9f, 0xff, 0xff, 0xff, 0x40, 0x0, 0x0, 0x0,
    0x0, 0x0, 0x0, 0x9, 0xff, 0xff, 0xff, 0x80,
    0x0, 0x0, 0x0, 0x0, 0x0, 0x0, 0x0, 0x7e,
    0xff, 0xda, 0x40, 0x0,

    /* U+014B "ŋ" */
    0x9f, 0xff, 0xc0, 0x2, 0x9d, 0xff, 0xd8, 0x10,
    0x0, 0x9f, 0xff, 0xc0, 0x5f, 0xff, 0xff, 0xff,
    0xf4, 0x0, 0x9f, 0xff, 0xc4, 0xff, 0xff, 0xff,
    0xff, 0xff, 0x30, 0x9f, 0xff, 0xcd, 0xff, 0xfe,
    0xff, 0xff, 0xff, 0xc0, 0x9f, 0xff, 0xff, 0xc3,
    0x0, 0x19, 0xff, 0xff, 0xf3, 0x9f, 0xff, 0xfd,
    0x0, 0x0, 0x0, 0xaf, 0xff, 0xf6, 0x9f, 0xff,
    0xf5, 0x0, 0x0, 0x0, 0x2f, 0xff, 0xf8, 0x9f,
    0xff, 0xf1, 0x0, 0x0, 0x0, 0xf, 0xff, 0xf9,
    0x9f, 0xff, 0xf0, 0x0, 0x0, 0x0, 0xf, 0xff,
    0xf9, 0x9f, 0xff, 0xf0, 0x0, 0x0, 0x0, 0xf,
    0xff, 0xf9, 0x9f, 0xff, 0xf0, 0x0, 0x0, 0x0,
    0xf, 0xff, 0xf9, 0x9f, 0xff, 0xf0, 0x0, 0x0,
    0x0, 0xf, 0xff, 0xf9, 0x9f, 0xff, 0xf0, 0x0,
    0x0, 0x0, 0xf, 0xff, 0xf9, 0x9f, 0xff, 0xf0,
    0x0, 0x0, 0x0, 0xf, 0xff, 0xf9, 0x9f, 0xff,
    0xf0, 0x0, 0x0, 0x0, 0xf, 0xff, 0xf9, 0x9f,
    0xff, 0xf0, 0x0, 0x0, 0x0, 0xf, 0xff, 0xf9,
    0x9f, 0xff, 0xf0, 0x0, 0x0, 0x0, 0xf, 0xff,
    0xf9, 0x9f, 0xff, 0xf0, 0x0, 0x0, 0x0, 0xf,
    0xff, 0xf9, 0x9f, 0xff, 0xf0, 0x0, 0x0, 0x0,
    0xf, 0xff, 0xf9, 0x9f, 0xff, 0xf0, 0x0, 0x0,
    0x0, 0xf, 0xff, 0xf9, 0x0, 0x0, 0x0, 0x0,
    0x0, 0x0, 0xf, 0xff, 0xfa, 0x0, 0x0, 0x0,
    0x0, 0x0, 0x0, 0xf, 0xff, 0xf9, 0x0, 0x0,
    0x0, 0x0, 0x0, 0x0, 0x5f, 0xff, 0xf9, 0x0,
    0x0, 0x0, 0x0, 0xa, 0xde, 0xff, 0xff, 0xf6,
    0x0, 0x0, 0x0, 0x0, 0xc, 0xff, 0xff, 0xff,
    0xf1, 0x0, 0x0, 0x0, 0x0, 0xc, 0xff, 0xff,
    0xff, 0x50, 0x0, 0x0, 0x0, 0x0, 0xa, 0xff,
    0xfd, 0x92, 0x0,

    /* U+014C "Ō" */
    0x0, 0x0, 0x0, 0x0, 0x11, 0x11, 0x11, 0x11,
    0x11, 0x0, 0x0, 0x0, 0x0, 0x0, 0x0, 0x0,
    0x2f, 0xff, 0xff, 0xff, 0xff, 0xd0, 0x0, 0x0,
    0x0, 0x0, 0x0, 0x0, 0x2, 0xff, 0xff, 0xff,
    0xff, 0xfd, 0x0, 0x0, 0x0, 0x0, 0x0, 0x0,
    0x0, 0x2f, 0xff, 0xff, 0xff, 0xff, 0xd0, 0x0,
    0x0, 0x0, 0x0, 0x0, 0x0, 0x0, 0x0, 0x0,
    0x0, 0x0, 0x0, 0x0, 0x0, 0x0, 0x0, 0x0,
    0x0, 0x0, 0x0, 0x0, 0x0, 0x0, 0x0, 0x0,
    0x0, 0x0, 0x0, 0x0, 0x0, 0x0, 0x0, 0x0,
    0x0, 0x0, 0x0, 0x0, 0x0, 0x0, 0x0, 0x0,
    0x0, 0x0, 0x0, 0x0, 0x0, 0x0, 0x0, 0x0,
    0x0, 0x0, 0x0, 0x0, 0x0, 0x0, 0x0, 0x0,
    0x49, 0xce, 0xff, 0xeb, 0x72, 0x0, 0x0, 0x0,
    0x0, 0x0, 0x0, 0x5, 0xdf, 0xff, 0xff, 0xff,
    0xff, 0xfb, 0x20, 0x0, 0x0, 0x0, 0x0, 0xa,
    0xff, 0xff, 0xff, 0xff, 0xff, 0xff, 0xff, 0x60,
    0x0, 0x0, 0x0, 0xb, 0xff, 0xff, 0xff, 0xff,
    0xff, 0xff, 0xff, 0xff, 0x70, 0x0, 0x0, 0x9,
    0xff, 0xff, 0xff, 0x95, 0x44, 0x6b, 0xff, 0xff,
    0xff, 0x40, 0x0, 0x4, 0xff, 0xff, 0xfa, 0x10,
    0x0, 0x0, 0x3, 0xdf, 0xff, 0xfe, 0x0, 0x0,
    0xdf, 0xff, 0xf9, 0x0, 0x0, 0x0, 0x0, 0x1,
    0xdf, 0xff, 0xf7, 0x0, 0x4f, 0xff, 0xfd, 0x0,
    0x0, 0x0, 0x0, 0x0, 0x3, 0xff, 0xff, 0xe0,
    0x9, 0xff, 0xff, 0x50, 0x0, 0x0, 0x0, 0x0,
    0x0, 0xb, 0xff, 0xff, 0x40, 0xdf, 0xff, 0xf0,
    0x0, 0x0, 0x0, 0x0, 0x0, 0x0, 0x5f, 0xff,
    0xf8, 0xf, 0xff, 0xfc, 0x0, 0x0, 0x0, 0x0,
    0x0, 0x0, 0x1, 0xff, 0xff, 0xa1, 0xff, 0xff,
    0x90, 0x0, 0x0, 0x0, 0x0, 0x0, 0x0, 0xf,
    0xff, 0xfc, 0x2f, 0xff, 0xf8, 0x0, 0x0, 0x0,
    0x0, 0x0, 0x0, 0x0, 0xef, 0xff, 0xd2, 0xff,
    0xff, 0x80, 0x0, 0x0, 0x0, 0x0, 0x0, 0x0,
    0xe, 0xff, 0xfd, 0x1f, 0xff, 0xf9, 0x0, 0x0,
    0x0, 0x0, 0x0, 0x0, 0x0, 0xff, 0xff, 0xc0,
    0xff, 0xff, 0xc0, 0x0, 0x0, 0x0, 0x0, 0x0,
    0x0, 0x1f, 0xff, 0xfa, 0xd, 0xff, 0xff, 0x0,
    0x0, 0x0, 0x0, 0x0, 0x0, 0x5, 0xff, 0xff,
    0x80, 0x9f, 0xff, 0xf5, 0x0, 0x0, 0x0, 0x0,
    0x0, 0x0, 0xbf, 0xff, 0xf4, 0x4, 0xff, 0xff,
    0xd0, 0x0, 0x0, 0x0, 0x0, 0x0, 0x3f, 0xff,
    0xfe, 0x0, 0xd, 0xff, 0xff, 0x90, 0x0, 0x0,
    0x0, 0x0, 0x1d, 0xff, 0xff, 0x80, 0x0, 0x4f,
    0xff, 0xff, 0xa1, 0x0, 0x0, 0x0, 0x3d, 0xff,
    0xff, 0xe1, 0x0, 0x0, 0xaf, 0xff, 0xff, 0xf9,
    0x54, 0x46, 0xbf, 0xff, 0xff, 0xf5, 0x0, 0x0,
    0x0, 0xbf, 0xff, 0xff, 0xff, 0xff, 0xff, 0xff,
    0xff, 0xf7, 0x0, 0x0, 0x0, 0x0, 0xaf, 0xff,
    0xff, 0xff, 0xff, 0xff, 0xff, 0xf6, 0x0, 0x0,
    0x0, 0x0, 0x0, 0x5d, 0xff, 0xff, 0xff, 0xff,
    0xff, 0xb2, 0x0, 0x0, 0x0, 0x0, 0x0, 0x0,
    0x4, 0x9c, 0xef, 0xfe, 0xb7, 0x20, 0x0, 0x0,
    0x0,

    /* U+014D "ō" */
    0x0, 0x0, 0x1f, 0xff, 0xff, 0xff, 0xff, 0xf0,
    0x0, 0x0, 0x0, 0x0, 0x1f, 0xff, 0xff, 0xff,
    0xff, 0xf0, 0x0, 0x0, 0x0, 0x0, 0x1f, 0xff,
    0xff, 0xff, 0xff, 0xf0, 0x0, 0x0, 0x0, 0x0,
    0x1, 0x11, 0x11, 0x11, 0x11, 0x10, 0x0, 0x0,
    0x0, 0x0, 0x0, 0x0, 0x0, 0x0, 0x0, 0x0,
    0x0, 0x0, 0x0, 0x0, 0x0, 0x0, 0x0, 0x0,
    0x0, 0x0, 0x0, 0x0, 0x0, 0x0, 0x1, 0x6b,
    0xef, 0xfe, 0xb6, 0x0, 0x0, 0x0, 0x0, 0x0,
    0x6f, 0xff, 0xff, 0xff, 0xff, 0xe5, 0x0, 0x0,
    0x0, 0x9, 0xff, 0xff, 0xff, 0xff, 0xff, 0xff,
    0x80, 0x0, 0x0, 0x7f, 0xff, 0xff, 0xfc, 0xcf,
    0xff, 0xff, 0xf6, 0x0, 0x2, 0xff, 0xff, 0xf7,
    0x0, 0x0, 0x8f, 0xff, 0xff, 0x10, 0x9, 0xff,
    0xff, 0x70, 0x0, 0x0, 0x9, 0xff, 0xff, 0x80,
    0xe, 0xff, 0xfe, 0x0, 0x0, 0x0, 0x0, 0xef,
    0xff, 0xd0, 0x3f, 0xff, 0xf8, 0x0, 0x0, 0x0,
    0x0, 0xaf, 0xff, 0xf1, 0x5f, 0xff, 0xf5, 0x0,
    0x0, 0x0, 0x0, 0x6f, 0xff, 0xf4, 0x6f, 0xff,
    0xf4, 0x0, 0x0, 0x0, 0x0, 0x5f, 0xff, 0xf5,
    0x6f, 0xff, 0xf4, 0x0, 0x0, 0x0, 0x0, 0x5f,
    0xff, 0xf5, 0x5f, 0xff, 0xf5, 0x0, 0x0, 0x0,
    0x0, 0x6f, 0xff, 0xf4, 0x3f, 0xff, 0xf8, 0x0,
    0x0, 0x0, 0x0, 0xaf, 0xff, 0xf1, 0xf, 0xff,
    0xfe, 0x0, 0x0, 0x0, 0x0, 0xef, 0xff, 0xd0,
    0x9, 0xff, 0xff, 0x70, 0x0, 0x0, 0x9, 0xff,
    0xff, 0x80, 0x2, 0xff, 0xff, 0xf7, 0x0, 0x0,
    0x8f, 0xff, 0xfe, 0x10, 0x0, 0x6f, 0xff, 0xff,
    0xfc, 0xcf, 0xff, 0xff, 0xf5, 0x0, 0x0, 0x8,
    0xff, 0xff, 0xff, 0xff, 0xff, 0xff, 0x70, 0x0,
    0x0, 0x0, 0x5f, 0xff, 0xff, 0xff, 0xff, 0xe4,
    0x0, 0x0, 0x0, 0x0, 0x1, 0x6b, 0xef, 0xfe,
    0xb6, 0x0, 0x0, 0x0,

    /* U+014E "Ŏ" */
    0x0, 0x0, 0x0, 0x6, 0x87, 0x0, 0x0, 0x2,
    0x88, 0x40, 0x0, 0x0, 0x0, 0x0, 0x0, 0x0,
    0xcf, 0xf3, 0x0, 0x0, 0x8f, 0xf7, 0x0, 0x0,
    0x0, 0x0, 0x0, 0x0, 0x6, 0xff, 0xe4, 0x1,
    0x7f, 0xff, 0x20, 0x0, 0x0, 0x0, 0x0, 0x0,
    0x0, 0xc, 0xff, 0xff, 0xff, 0xff, 0x80, 0x0,
    0x0, 0x0, 0x0, 0x0, 0x0, 0x0, 0x1b, 0xff,
    0xff, 0xff, 0x80, 0x0, 0x0, 0x0, 0x0, 0x0,
    0x0, 0x0, 0x0, 0x3, 0x8a, 0xa7, 0x10, 0x0,
    0x0, 0x0, 0x0, 0x0, 0x0, 0x0, 0x0, 0x0,
    0x0, 0x0, 0x0, 0x0, 0x0, 0x0, 0x0, 0x0,
    0x0, 0x0, 0x0, 0x0, 0x0, 0x0, 0x0, 0x0,
    0x0, 0x0, 0x0, 0x0, 0x0, 0x0, 0x0, 0x0,
    0x0, 0x0, 0x0, 0x0, 0x0, 0x0, 0x0, 0x0,
    0x0, 0x0, 0x0, 0x0, 0x4, 0x9c, 0xef, 0xfe,
    0xb7, 0x20, 0x0, 0x0, 0x0, 0x0, 0x0, 0x0,
    0x5d, 0xff, 0xff, 0xff, 0xff, 0xff, 0xb2, 0x0,
    0x0, 0x0, 0x0, 0x0, 0xaf, 0xff, 0xff, 0xff,
    0xff, 0xff, 0xff, 0xf6, 0x0, 0x0, 0x0, 0x0,
    0xbf, 0xff, 0xff, 0xff, 0xff, 0xff, 0xff, 0xff,
    0xf7, 0x0, 0x0, 0x0, 0x9f, 0xff, 0xff, 0xf9,
    0x54, 0x46, 0xbf, 0xff, 0xff, 0xf4, 0x0, 0x0,
    0x4f, 0xff, 0xff, 0xa1, 0x0, 0x0, 0x0, 0x3d,
    0xff, 0xff, 0xe0, 0x0, 0xd, 0xff, 0xff, 0x90,
    0x0, 0x0, 0x0, 0x0, 0x1d, 0xff, 0xff, 0x70,
    0x4, 0xff, 0xff, 0xd0, 0x0, 0x0, 0x0, 0x0,
    0x0, 0x3f, 0xff, 0xfe, 0x0, 0x9f, 0xff, 0xf5,
    0x0, 0x0, 0x0, 0x0, 0x0, 0x0, 0xbf, 0xff,
    0xf4, 0xd, 0xff, 0xff, 0x0, 0x0, 0x0, 0x0,
    0x0, 0x0, 0x5, 0xff, 0xff, 0x80, 0xff, 0xff,
    0xc0, 0x0, 0x0, 0x0, 0x0, 0x0, 0x0, 0x1f,
    0xff, 0xfa, 0x1f, 0xff, 0xf9, 0x0, 0x0, 0x0,
    0x0, 0x0, 0x0, 0x0, 0xff, 0xff, 0xc2, 0xff,
    0xff, 0x80, 0x0, 0x0, 0x0, 0x0, 0x0, 0x0,
    0xe, 0xff, 0xfd, 0x2f, 0xff, 0xf8, 0x0, 0x0,
    0x0, 0x0, 0x0, 0x0, 0x0, 0xef, 0xff, 0xd1,
    0xff, 0xff, 0x90, 0x0, 0x0, 0x0, 0x0, 0x0,
    0x0, 0xf, 0xff, 0xfc, 0xf, 0xff, 0xfc, 0x0,
    0x0, 0x0, 0x0, 0x0, 0x0, 0x1, 0xff, 0xff,
    0xa0, 0xdf, 0xff, 0xf0, 0x0, 0x0, 0x0, 0x0,
    0x0, 0x0, 0x5f, 0xff, 0xf8, 0x9, 0xff, 0xff,
    0x50, 0x0, 0x0, 0x0, 0x0, 0x0, 0xb, 0xff,
    0xff, 0x40, 0x4f, 0xff, 0xfd, 0x0, 0x0, 0x0,
    0x0, 0x0, 0x3, 0xff, 0xff, 0xe0, 0x0, 0xdf,
    0xff, 0xf9, 0x0, 0x0, 0x0, 0x0, 0x1, 0xdf,
    0xff, 0xf8, 0x0, 0x4, 0xff, 0xff, 0xfa, 0x10,
    0x0, 0x0, 0x3, 0xdf, 0xff, 0xfe, 0x10, 0x0,
    0xa, 0xff, 0xff, 0xff, 0x95, 0x44, 0x6b, 0xff,
    0xff, 0xff, 0x50, 0x0, 0x0, 0xb, 0xff, 0xff,
    0xff, 0xff, 0xff, 0xff, 0xff, 0xff, 0x70, 0x0,
    0x0, 0x0, 0xa, 0xff, 0xff, 0xff, 0xff, 0xff,
    0xff, 0xff, 0x60, 0x0, 0x0, 0x0, 0x0, 0x5,
    0xdf, 0xff, 0xff, 0xff, 0xff, 0xfb, 0x20, 0x0,
    0x0, 0x0, 0x0, 0x0, 0x0, 0x49, 0xce, 0xff,
    0xeb, 0x72, 0x0, 0x0, 0x0, 0x0,

    /* U+014F "ŏ" */
    0x0, 0x0, 0xbf, 0xf2, 0x0, 0x0, 0x4f, 0xf9,
    0x0, 0x0, 0x0, 0x0, 0x8f, 0xfb, 0x10, 0x1,
    0xcf, 0xf6, 0x0, 0x0, 0x0, 0x0, 0x1e, 0xff,
    0xfc, 0xcf, 0xff, 0xd0, 0x0, 0x0, 0x0, 0x0,
    0x3, 0xef, 0xff, 0xff, 0xfd, 0x20, 0x0, 0x0,
    0x0, 0x0, 0x0, 0x18, 0xdf, 0xfc, 0x70, 0x0,
    0x0, 0x0, 0x0, 0x0, 0x0, 0x0, 0x0, 0x0,
    0x0, 0x0, 0x0, 0x0, 0x0, 0x0, 0x0, 0x0,
    0x0, 0x0, 0x0, 0x0, 0x0, 0x0, 0x0, 0x0,
    0x0, 0x0, 0x0, 0x0, 0x0, 0x0, 0x0, 0x0,
    0x0, 0x0, 0x1, 0x6b, 0xef, 0xfe, 0xb6, 0x0,
    0x0, 0x0, 0x0, 0x0, 0x6f, 0xff, 0xff, 0xff,
    0xff, 0xe5, 0x0, 0x0, 0x0, 0x9, 0xff, 0xff,
    0xff, 0xff, 0xff, 0xff, 0x80, 0x0, 0x0, 0x7f,
    0xff, 0xff, 0xfc, 0xcf, 0xff, 0xff, 0xf6, 0x0,
    0x2, 0xff, 0xff, 0xf7, 0x0, 0x0, 0x8f, 0xff,
    0xff, 0x10, 0x9, 0xff, 0xff, 0x70, 0x0, 0x0,
    0x9, 0xff, 0xff, 0x80, 0xe, 0xff, 0xfe, 0x0,
    0x0, 0x0, 0x0, 0xef, 0xff, 0xd0, 0x3f, 0xff,
    0xf8, 0x0, 0x0, 0x0, 0x0, 0xaf, 0xff, 0xf1,
    0x5f, 0xff, 0xf5, 0x0, 0x0, 0x0, 0x0, 0x6f,
    0xff, 0xf4, 0x6f, 0xff, 0xf4, 0x0, 0x0, 0x0,
    0x0, 0x5f, 0xff, 0xf5, 0x6f, 0xff, 0xf4, 0x0,
    0x0, 0x0, 0x0, 0x5f, 0xff, 0xf5, 0x5f, 0xff,
    0xf5, 0x0, 0x0, 0x0, 0x0, 0x6f, 0xff, 0xf4,
    0x3f, 0xff, 0xf8, 0x0, 0x0, 0x0, 0x0, 0xaf,
    0xff, 0xf1, 0xf, 0xff, 0xfe, 0x0, 0x0, 0x0,
    0x0, 0xef, 0xff, 0xd0, 0x9, 0xff, 0xff, 0x70,
    0x0, 0x0, 0x9, 0xff, 0xff, 0x80, 0x2, 0xff,
    0xff, 0xf7, 0x0, 0x0, 0x8f, 0xff, 0xfe, 0x10,
    0x0, 0x6f, 0xff, 0xff, 0xfc, 0xcf, 0xff, 0xff,
    0xf5, 0x0, 0x0, 0x8, 0xff, 0xff, 0xff, 0xff,
    0xff, 0xff, 0x70, 0x0, 0x0, 0x0, 0x5f, 0xff,
    0xff, 0xff, 0xff, 0xe4, 0x0, 0x0, 0x0, 0x0,
    0x1, 0x6b, 0xef, 0xfe, 0xb6, 0x0, 0x0, 0x0,

    /* U+0150 "Ő" */
    0x0, 0x0, 0x0, 0x0, 0x26, 0x66, 0x60, 0x2,
    0x66, 0x66, 0x0, 0x0, 0x0, 0x0, 0x0, 0x0,
    0x9, 0xff, 0xf9, 0x0, 0xcf, 0xff, 0x90, 0x0,
    0x0, 0x0, 0x0, 0x0, 0x0, 0xef, 0xff, 0x10,
    0x4f, 0xff, 0xc0, 0x0, 0x0, 0x0, 0x0, 0x0,
    0x0, 0x4f, 0xff, 0x70, 0xd, 0xff, 0xe2, 0x0,
    0x0, 0x0, 0x0, 0x0, 0x0, 0xa, 0xff, 0xe0,
    0x6, 0xff, 0xf4, 0x0, 0x0, 0x0, 0x0, 0x0,
    0x0, 0x0, 0xff, 0xf6, 0x0, 0xef, 0xf8, 0x0,
    0x0, 0x0, 0x0, 0x0, 0x0, 0x0, 0x0, 0x0,
    0x0, 0x0, 0x0, 0x0, 0x0, 0x0, 0x0, 0x0,
    0x0, 0x0, 0x0, 0x0, 0x0, 0x0, 0x0, 0x0,
    0x0, 0x0, 0x0, 0x0, 0x0, 0x0, 0x0, 0x0,
    0x0, 0x0, 0x0, 0x0, 0x0, 0x0, 0x0, 0x0,
    0x0, 0x0, 0x0, 0x0, 0x4, 0x9c, 0xef, 0xfe,
    0xb7, 0x20, 0x0, 0x0, 0x0, 0x0, 0x0, 0x0,
    0x5d, 0xff, 0xff, 0xff, 0xff, 0xff, 0xb2, 0x0,
    0x0, 0x0, 0x0, 0x0, 0xaf, 0xff, 0xff, 0xff,
    0xff, 0xff, 0xff, 0xf6, 0x0, 0x0, 0x0, 0x0,
    0xbf, 0xff, 0xff, 0xff, 0xff, 0xff, 0xff, 0xff,
    0xf7, 0x0, 0x0, 0x0, 0x9f, 0xff, 0xff, 0xf9,
    0x54, 0x46, 0xbf, 0xff, 0xff, 0xf4, 0x0, 0x0,
    0x4f, 0xff, 0xff, 0xa1, 0x0, 0x0, 0x0, 0x3d,
    0xff, 0xff, 0xe0, 0x0, 0xd, 0xff, 0xff, 0x90,
    0x0, 0x0, 0x0, 0x0, 0x1d, 0xff, 0xff, 0x70,
    0x4, 0xff, 0xff, 0xd0, 0x0, 0x0, 0x0, 0x0,
    0x0, 0x3f, 0xff, 0xfe, 0x0, 0x9f, 0xff, 0xf5,
    0x0, 0x0, 0x0, 0x0, 0x0, 0x0, 0xbf, 0xff,
    0xf4, 0xd, 0xff, 0xff, 0x0, 0x0, 0x0, 0x0,
    0x0, 0x0, 0x5, 0xff, 0xff, 0x80, 0xff, 0xff,
    0xc0, 0x0, 0x0, 0x0, 0x0, 0x0, 0x0, 0x1f,
    0xff, 0xfa, 0x1f, 0xff, 0xf9, 0x0, 0x0, 0x0,
    0x0, 0x0, 0x0, 0x0, 0xff, 0xff, 0xc2, 0xff,
    0xff, 0x80, 0x0, 0x0, 0x0, 0x0, 0x0, 0x0,
    0xe, 0xff, 0xfd, 0x2f, 0xff, 0xf8, 0x0, 0x0,
    0x0, 0x0, 0x0, 0x0, 0x0, 0xef, 0xff, 0xd1,
    0xff, 0xff, 0x90, 0x0, 0x0, 0x0, 0x0, 0x0,
    0x0, 0xf, 0xff, 0xfc, 0xf, 0xff, 0xfc, 0x0,
    0x0, 0x0, 0x0, 0x0, 0x0, 0x1, 0xff, 0xff,
    0xa0, 0xdf, 0xff, 0xf0, 0x0, 0x0, 0x0, 0x0,
    0x0, 0x0, 0x5f, 0xff, 0xf8, 0x9, 0xff, 0xff,
    0x50, 0x0, 0x0, 0x0, 0x0, 0x0, 0xb, 0xff,
    0xff, 0x40, 0x4f, 0xff, 0xfd, 0x0, 0x0, 0x0,
    0x0, 0x0, 0x3, 0xff, 0xff, 0xe0, 0x0, 0xdf,
    0xff, 0xf9, 0x0, 0x0, 0x0, 0x0, 0x1, 0xdf,
    0xff, 0xf8, 0x0, 0x4, 0xff, 0xff, 0xfa, 0x10,
    0x0, 0x0, 0x3, 0xdf, 0xff, 0xfe, 0x10, 0x0,
    0xa, 0xff, 0xff, 0xff, 0x95, 0x44, 0x6b, 0xff,
    0xff, 0xff, 0x50, 0x0, 0x0, 0xb, 0xff, 0xff,
    0xff, 0xff, 0xff, 0xff, 0xff, 0xff, 0x70, 0x0,
    0x0, 0x0, 0xa, 0xff, 0xff, 0xff, 0xff, 0xff,
    0xff, 0xff, 0x60, 0x0, 0x0, 0x0, 0x0, 0x5,
    0xdf, 0xff, 0xff, 0xff, 0xff, 0xfb, 0x20, 0x0,
    0x0, 0x0, 0x0, 0x0, 0x0, 0x49, 0xce, 0xff,
    0xeb, 0x72, 0x0, 0x0, 0x0, 0x0,

    /* U+0151 "ő" */
    0x0, 0x0, 0x5, 0xff, 0xfd, 0x0, 0x7f, 0xff,
    0xe1, 0x0, 0x0, 0x0, 0xb, 0xff, 0xf5, 0x1,
    0xef, 0xff, 0x40, 0x0, 0x0, 0x0, 0x1f, 0xff,
    0xc0, 0x8, 0xff, 0xf7, 0x0, 0x0, 0x0, 0x0,
    0x6f, 0xff, 0x40, 0x1f, 0xff, 0xb0, 0x0, 0x0,
    0x0, 0x0, 0xcf, 0xfb, 0x0, 0xaf, 0xfd, 0x10,
    0x0, 0x0, 0x0, 0x0, 0x66, 0x62, 0x0, 0x66,
    0x62, 0x0, 0x0, 0x0, 0x0, 0x0, 0x0, 0x0,
    0x0, 0x0, 0x0, 0x0, 0x0, 0x0, 0x0, 0x0,
    0x0, 0x0, 0x0, 0x0, 0x0, 0x0, 0x0, 0x0,
    0x0, 0x0, 0x1, 0x6b, 0xef, 0xfe, 0xb6, 0x0,
    0x0, 0x0, 0x0, 0x0, 0x6f, 0xff, 0xff, 0xff,
    0xff, 0xe5, 0x0, 0x0, 0x0, 0x9, 0xff, 0xff,
    0xff, 0xff, 0xff, 0xff, 0x80, 0x0, 0x0, 0x7f,
    0xff, 0xff, 0xfc, 0xcf, 0xff, 0xff, 0xf6, 0x0,
    0x2, 0xff, 0xff, 0xf7, 0x0, 0x0, 0x8f, 0xff,
    0xff, 0x10, 0x9, 0xff, 0xff, 0x70, 0x0, 0x0,
    0x9, 0xff, 0xff, 0x80, 0xe, 0xff, 0xfe, 0x0,
    0x0, 0x0, 0x0, 0xef, 0xff, 0xd0, 0x3f, 0xff,
    0xf8, 0x0, 0x0, 0x0, 0x0, 0xaf, 0xff, 0xf1,
    0x5f, 0xff, 0xf5, 0x0, 0x0, 0x0, 0x0, 0x6f,
    0xff, 0xf4, 0x6f, 0xff, 0xf4, 0x0, 0x0, 0x0,
    0x0, 0x5f, 0xff, 0xf5, 0x6f, 0xff, 0xf4, 0x0,
    0x0, 0x0, 0x0, 0x5f, 0xff, 0xf5, 0x5f, 0xff,
    0xf5, 0x0, 0x0, 0x0, 0x0, 0x6f, 0xff, 0xf4,
    0x3f, 0xff, 0xf8, 0x0, 0x0, 0x0, 0x0, 0xaf,
    0xff, 0xf1, 0xf, 0xff, 0xfe, 0x0, 0x0, 0x0,
    0x0, 0xef, 0xff, 0xd0, 0x9, 0xff, 0xff, 0x70,
    0x0, 0x0, 0x9, 0xff, 0xff, 0x80, 0x2, 0xff,
    0xff, 0xf7, 0x0, 0x0, 0x8f, 0xff, 0xfe, 0x10,
    0x0, 0x6f, 0xff, 0xff, 0xfc, 0xcf, 0xff, 0xff,
    0xf5, 0x0, 0x0, 0x8, 0xff, 0xff, 0xff, 0xff,
    0xff, 0xff, 0x70, 0x0, 0x0, 0x0, 0x5f, 0xff,
    0xff, 0xff, 0xff, 0xe4, 0x0, 0x0, 0x0, 0x0,
    0x1, 0x6b, 0xef, 0xfe, 0xb6, 0x0, 0x0, 0x0,

    /* U+0152 "Œ" */
    0x0, 0x0, 0x0, 0x0, 0x38, 0xce, 0xff, 0xff,
    0xff, 0xff, 0xff, 0xff, 0xff, 0xff, 0xff, 0xff,
    0xf5, 0x0, 0x0, 0x0, 0x4c, 0xff, 0xff, 0xff,
    0xff, 0xff, 0xff, 0xff, 0xff, 0xff, 0xff, 0xff,
    0xff, 0xf5, 0x0, 0x0, 0x9, 0xff, 0xff, 0xff,
    0xff, 0xff, 0xff, 0xff, 0xff, 0xff, 0xff, 0xff,
    0xff, 0xff, 0xf5, 0x0, 0x0, 0xbf, 0xff, 0xff,
    0xff, 0xff, 0xff, 0xff, 0xff, 0xff, 0xff, 0xff,
    0xff, 0xff, 0xff, 0xf5, 0x0, 0x9, 0xff, 0xff,
    0xfd, 0x62, 0x0, 0x0, 0xaf, 0xff, 0xf0, 0x0,
    0x0, 0x0, 0x0, 0x0, 0x0, 0x0, 0x4f, 0xff,
    0xff, 0x70, 0x0, 0x0, 0x0, 0xaf, 0xff, 0xf0,
    0x0, 0x0, 0x0, 0x0, 0x0, 0x0, 0x0, 0xdf,
    0xff, 0xf6, 0x0, 0x0, 0x0, 0x0, 0xaf, 0xff,
    0xf0, 0x0, 0x0, 0x0, 0x0, 0x0, 0x0, 0x4,
    0xff, 0xff, 0xb0, 0x0, 0x0, 0x0, 0x0, 0xaf,
    0xff, 0xf0, 0x0, 0x0, 0x0, 0x0, 0x0, 0x0,
    0x9, 0xff, 0xff, 0x30, 0x0, 0x0, 0x0, 0x0,
    0xaf, 0xff, 0xf0, 0x0, 0x0, 0x0, 0x0, 0x0,
    0x0, 0xd, 0xff, 0xfe, 0x0, 0x0, 0x0, 0x0,
    0x0, 0xaf, 0xff, 0xf0, 0x0, 0x0, 0x0, 0x0,
    0x0, 0x0, 0xf, 0xff, 0xfa, 0x0, 0x0, 0x0,
    0x0, 0x0, 0xaf, 0xff, 0xf0, 0x0, 0x0, 0x0,
    0x0, 0x0, 0x0, 0x1f, 0xff, 0xf8, 0x0, 0x0,
    0x0, 0x0, 0x0, 0xaf, 0xff, 0xff, 0xff, 0xff,
    0xff, 0xff, 0xff, 0x70, 0x2f, 0xff, 0xf7, 0x0,
    0x0, 0x0, 0x0, 0x0, 0xaf, 0xff, 0xff, 0xff,
    0xff, 0xff, 0xff, 0xff, 0x70, 0x2f, 0xff, 0xf7,
    0x0, 0x0, 0x0, 0x0, 0x0, 0xaf, 0xff, 0xff,
    0xff, 0xff, 0xff, 0xff, 0xff, 0x70, 0x1f, 0xff,
    0xf8, 0x0, 0x0, 0x0, 0x0, 0x0, 0xaf, 0xff,
    0xfe, 0xee, 0xee, 0xee, 0xee, 0xee, 0x60, 0xf,
    0xff, 0xfa, 0x0, 0x0, 0x0, 0x0, 0x0, 0xaf,
    0xff, 0xf0, 0x0, 0x0, 0x0, 0x0, 0x0, 0x0,
    0xd, 0xff, 0xfe, 0x0, 0x0, 0x0, 0x0, 0x0,
    0xaf, 0xff, 0xf0, 0x0, 0x0, 0x0, 0x0, 0x0,
    0x0, 0x9, 0xff, 0xff, 0x30, 0x0, 0x0, 0x0,
    0x0, 0xaf, 0xff, 0xf0, 0x0, 0x0, 0x0, 0x0,
    0x0, 0x0, 0x4, 0xff, 0xff, 0xb0, 0x0, 0x0,
    0x0, 0x0, 0xaf, 0xff, 0xf0, 0x0, 0x0, 0x0,
    0x0, 0x0, 0x0, 0x0, 0xdf, 0xff, 0xf6, 0x0,
    0x0, 0x0, 0x0, 0xaf, 0xff, 0xf0, 0x0, 0x0,
    0x0, 0x0, 0x0, 0x0, 0x0, 0x4f, 0xff, 0xff,
    0x60, 0x0, 0x0, 0x0, 0xaf, 0xff, 0xf0, 0x0,
    0x0, 0x0, 0x0, 0x0, 0x0, 0x0, 0x9, 0xff,
    0xff, 0xfc, 0x62, 0x0, 0x0, 0xaf, 0xff, 0xf0,
    0x0, 0x0, 0x0, 0x0, 0x0, 0x0, 0x0, 0x0,
    0xbf, 0xff, 0xff, 0xff, 0xff, 0xff, 0xff, 0xff,
    0xff, 0xff, 0xff, 0xff, 0xff, 0xff, 0xf6, 0x0,
    0x0, 0x9, 0xff, 0xff, 0xff, 0xff, 0xff, 0xff,
    0xff, 0xff, 0xff, 0xff, 0xff, 0xff, 0xff, 0xf6,
    0x0, 0x0, 0x0, 0x4d, 0xff, 0xff, 0xff, 0xff,
    0xff, 0xff, 0xff, 0xff, 0xff, 0xff, 0xff, 0xff,
    0xf6, 0x0, 0x0, 0x0, 0x0, 0x38, 0xce, 0xff,
    0xff, 0xff, 0xff, 0xff, 0xff, 0xff, 0xff, 0xff,
    0xff, 0xf6,

    /* U+0153 "œ" */
    0x0, 0x0, 0x1, 0x6b, 0xef, 0xfe, 0xb6, 0x0,
    0x0, 0x0, 0x4a, 0xdf, 0xfe, 0xb7, 0x10, 0x0,
    0x0, 0x0, 0x0, 0x6f, 0xff, 0xff, 0xff, 0xff,
    0xe5, 0x0, 0x1c, 0xff, 0xff, 0xff, 0xff, 0xf7,
    0x0, 0x0, 0x0, 0x9, 0xff, 0xff, 0xff, 0xff,
    0xff, 0xff, 0x83, 0xef, 0xff, 0xff, 0xff, 0xff,
    0xff, 0xa0, 0x0, 0x0, 0x7f, 0xff, 0xff, 0xfc,
    0xcf, 0xff, 0xff, 0xff, 0xff, 0xff, 0xfc, 0xbd,
    0xff, 0xff, 0xf8, 0x0, 0x2, 0xff, 0xff, 0xf7,
    0x0, 0x0, 0x8f, 0xff, 0xff, 0xff, 0xf7, 0x0,
    0x0, 0x3d, 0xff, 0xff, 0x20, 0x9, 0xff, 0xff,
    0x70, 0x0, 0x0, 0x9, 0xff, 0xff, 0xff, 0x70,
    0x0, 0x0, 0x2, 0xff, 0xff, 0x80, 0xe, 0xff,
    0xfe, 0x0, 0x0, 0x0, 0x0, 0xef, 0xff, 0xfe,
    0x0, 0x0, 0x0, 0x0, 0x9f, 0xff, 0xd0, 0x3f,
    0xff, 0xf8, 0x0, 0x0, 0x0, 0x0, 0xaf, 0xff,
    0xfc, 0x22, 0x22, 0x22, 0x22, 0x6f, 0xff, 0xf0,
    0x5f, 0xff, 0xf5, 0x0, 0x0, 0x0, 0x0, 0x6f,
    0xff, 0xff, 0xff, 0xff, 0xff, 0xff, 0xff, 0xff,
    0xf2, 0x6f, 0xff, 0xf4, 0x0, 0x0, 0x0, 0x0,
    0x5f, 0xff, 0xff, 0xff, 0xff, 0xff, 0xff, 0xff,
    0xff, 0xf3, 0x6f, 0xff, 0xf4, 0x0, 0x0, 0x0,
    0x0, 0x5f, 0xff, 0xff, 0xff, 0xff, 0xff, 0xff,
    0xff, 0xff, 0xf3, 0x5f, 0xff, 0xf5, 0x0, 0x0,
    0x0, 0x0, 0x6f, 0xff, 0xfd, 0x0, 0x0, 0x0,
    0x0, 0x0, 0x0, 0x0, 0x3f, 0xff, 0xf8, 0x0,
    0x0, 0x0, 0x0, 0xaf, 0xff, 0xfd, 0x0, 0x0,
    0x0, 0x0, 0x0, 0x0, 0x0, 0xf, 0xff, 0xfe,
    0x0, 0x0, 0x0, 0x0, 0xef, 0xff, 0xff, 0x10,
    0x0, 0x0, 0x0, 0x0, 0x0, 0x0, 0x9, 0xff,
    0xff, 0x70, 0x0, 0x0, 0x9, 0xff, 0xff, 0xff,
    0xa0, 0x0, 0x0, 0x0, 0xbf, 0xc9, 0x50, 0x2,
    0xff, 0xff, 0xf7, 0x0, 0x0, 0x8f, 0xff, 0xff,
    0xff, 0xfa, 0x10, 0x0, 0x19, 0xff, 0xff, 0x90,
    0x0, 0x6f, 0xff, 0xff, 0xfc, 0xcf, 0xff, 0xff,
    0xff, 0xff, 0xff, 0xfd, 0xbd, 0xff, 0xff, 0xff,
    0x10, 0x0, 0x8, 0xff, 0xff, 0xff, 0xff, 0xff,
    0xff, 0x74, 0xef, 0xff, 0xff, 0xff, 0xff, 0xff,
    0xf4, 0x0, 0x0, 0x0, 0x5f, 0xff, 0xff, 0xff,
    0xff, 0xe4, 0x0, 0x2c, 0xff, 0xff, 0xff, 0xff,
    0xfd, 0x30, 0x0, 0x0, 0x0, 0x1, 0x6b, 0xef,
    0xfe, 0xb6, 0x0, 0x0, 0x0, 0x49, 0xdf, 0xff,
    0xda, 0x40, 0x0, 0x0,

    /* U+0154 "Ŕ" */
    0x0, 0x0, 0x0, 0x0, 0x0, 0x56, 0x66, 0x30,
    0x0, 0x0, 0x0, 0x0, 0x0, 0x0, 0x0, 0x1f,
    0xff, 0xf2, 0x0, 0x0, 0x0, 0x0, 0x0, 0x0,
    0x0, 0x8, 0xff, 0xf7, 0x0, 0x0, 0x0, 0x0,
    0x0, 0x0, 0x0, 0x0, 0xff, 0xfc, 0x0, 0x0,
    0x0, 0x0, 0x0, 0x0, 0x0, 0x0, 0x7f, 0xff,
    0x30, 0x0, 0x0, 0x0, 0x0, 0x0, 0x0, 0x0,
    0xe, 0xff, 0x80, 0x0, 0x0, 0x0, 0x0, 0x0,
    0x0, 0x0, 0x0, 0x0, 0x0, 0x0, 0x0, 0x0,
    0x0, 0x0, 0x0, 0x0, 0x0, 0x0, 0x0, 0x0,
    0x0, 0x0, 0x0, 0x0, 0x0, 0x0, 0x0, 0x0,
    0x0, 0x0, 0x0, 0x0, 0x0, 0x0, 0x5, 0xff,
    0xff, 0xff, 0xff, 0xff, 0xed, 0xa6, 0x0, 0x0,
    0x0, 0x5f, 0xff, 0xff, 0xff, 0xff, 0xff, 0xff,
    0xfe, 0x50, 0x0, 0x5, 0xff, 0xff, 0xff, 0xff,
    0xff, 0xff, 0xff, 0xff, 0x80, 0x0, 0x5f, 0xff,
    0xff, 0xff, 0xff, 0xff, 0xff, 0xff, 0xff, 0x50,
    0x5, 0xff, 0xff, 0x50, 0x0, 0x0, 0x26, 0xef,
    0xff, 0xfd, 0x0, 0x5f, 0xff, 0xf5, 0x0, 0x0,
    0x0, 0x1, 0xef, 0xff, 0xf4, 0x5, 0xff, 0xff,
    0x50, 0x0, 0x0, 0x0, 0x6, 0xff, 0xff, 0x80,
    0x5f, 0xff, 0xf5, 0x0, 0x0, 0x0, 0x0, 0x3f,
    0xff, 0xf9, 0x5, 0xff, 0xff, 0x50, 0x0, 0x0,
    0x0, 0x2, 0xff, 0xff, 0xa0, 0x5f, 0xff, 0xf5,
    0x0, 0x0, 0x0, 0x0, 0x5f, 0xff, 0xf8, 0x5,
    0xff, 0xff, 0x50, 0x0, 0x0, 0x0, 0xd, 0xff,
    0xff, 0x50, 0x5f, 0xff, 0xf5, 0x0, 0x0, 0x1,
    0x5d, 0xff, 0xff, 0xe0, 0x5, 0xff, 0xff, 0xee,
    0xee, 0xef, 0xff, 0xff, 0xff, 0xf6, 0x0, 0x5f,
    0xff, 0xff, 0xff, 0xff, 0xff, 0xff, 0xff, 0xf9,
    0x0, 0x5, 0xff, 0xff, 0xff, 0xff, 0xff, 0xff,
    0xff, 0xe6, 0x0, 0x0, 0x5f, 0xff, 0xff, 0xff,
    0xff, 0xff, 0xff, 0xf2, 0x0, 0x0, 0x5, 0xff,
    0xff, 0x50, 0x0, 0x8, 0xff, 0xff, 0xa0, 0x0,
    0x0, 0x5f, 0xff, 0xf5, 0x0, 0x0, 0x1f, 0xff,
    0xff, 0x20, 0x0, 0x5, 0xff, 0xff, 0x50, 0x0,
    0x0, 0x7f, 0xff, 0xfa, 0x0, 0x0, 0x5f, 0xff,
    0xf5, 0x0, 0x0, 0x0, 0xef, 0xff, 0xf3, 0x0,
    0x5, 0xff, 0xff, 0x50, 0x0, 0x0, 0x7, 0xff,
    0xff, 0xb0, 0x0, 0x5f, 0xff, 0xf5, 0x0, 0x0,
    0x0, 0xe, 0xff, 0xff, 0x40, 0x5, 0xff, 0xff,
    0x50, 0x0, 0x0, 0x0, 0x6f, 0xff, 0xfc, 0x0,
    0x5f, 0xff, 0xf5, 0x0, 0x0, 0x0, 0x0, 0xef,
    0xff, 0xf4, 0x5, 0xff, 0xff, 0x50, 0x0, 0x0,
    0x0, 0x6, 0xff, 0xff, 0xd0, 0x5f, 0xff, 0xf5,
    0x0, 0x0, 0x0, 0x0, 0xd, 0xff, 0xff, 0x50,

    /* U+0155 "ŕ" */
    0x0, 0x0, 0x0, 0x36, 0x66, 0x50, 0x0, 0x0,
    0x0, 0xdf, 0xff, 0x60, 0x0, 0x0, 0x4, 0xff,
    0xfb, 0x0, 0x0, 0x0, 0xc, 0xff, 0xf1, 0x0,
    0x0, 0x0, 0x3f, 0xff, 0x60, 0x0, 0x0, 0x0,
    0xaf, 0xfc, 0x0, 0x0, 0x0, 0x0, 0x0, 0x0,
    0x0, 0x0, 0x0, 0x0, 0x0, 0x0, 0x0, 0x0,
    0x9f, 0xff, 0xd0, 0x5, 0xce, 0xf9, 0x9f, 0xff,
    0xd0, 0xaf, 0xff, 0xf9, 0x9f, 0xff, 0xd7, 0xff,
    0xff, 0xf9, 0x9f, 0xff, 0xee, 0xff, 0xff, 0xf9,
    0x9f, 0xff, 0xff, 0xf8, 0x32, 0x32, 0x9f, 0xff,
    0xfe, 0x20, 0x0, 0x0, 0x9f, 0xff, 0xf6, 0x0,
    0x0, 0x0, 0x9f, 0xff, 0xf1, 0x0, 0x0, 0x0,
    0x9f, 0xff, 0xf0, 0x0, 0x0, 0x0, 0x9f, 0xff,
    0xf0, 0x0, 0x0, 0x0, 0x9f, 0xff, 0xf0, 0x0,
    0x0, 0x0, 0x9f, 0xff, 0xf0, 0x0, 0x0, 0x0,
    0x9f, 0xff, 0xf0, 0x0, 0x0, 0x0, 0x9f, 0xff,
    0xf0, 0x0, 0x0, 0x0, 0x9f, 0xff, 0xf0, 0x0,
    0x0, 0x0, 0x9f, 0xff, 0xf0, 0x0, 0x0, 0x0,
    0x9f, 0xff, 0xf0, 0x0, 0x0, 0x0, 0x9f, 0xff,
    0xf0, 0x0, 0x0, 0x0, 0x9f, 0xff, 0xf0, 0x0,
    0x0, 0x0, 0x9f, 0xff, 0xf0, 0x0, 0x0, 0x0,

    /* U+0156 "Ŗ" */
    0x5f, 0xff, 0xff, 0xff, 0xff, 0xfe, 0xda, 0x60,
    0x0, 0x0, 0x5, 0xff, 0xff, 0xff, 0xff, 0xff,
    0xff, 0xff, 0xe5, 0x0, 0x0, 0x5f, 0xff, 0xff,
    0xff, 0xff, 0xff, 0xff, 0xff, 0xf8, 0x0, 0x5,
    0xff, 0xff, 0xff, 0xff, 0xff, 0xff, 0xff, 0xff,
    0xf5, 0x0, 0x5f, 0xff, 0xf5, 0x0, 0x0, 0x2,
    0x6e, 0xff, 0xff, 0xd0, 0x5, 0xff, 0xff, 0x50,
    0x0, 0x0, 0x0, 0x1e, 0xff, 0xff, 0x40, 0x5f,
    0xff, 0xf5, 0x0, 0x0, 0x0, 0x0, 0x6f, 0xff,
    0xf8, 0x5, 0xff, 0xff, 0x50, 0x0, 0x0, 0x0,
    0x3, 0xff, 0xff, 0x90, 0x5f, 0xff, 0xf5, 0x0,
    0x0, 0x0, 0x0, 0x2f, 0xff, 0xfa, 0x5, 0xff,
    0xff, 0x50, 0x0, 0x0, 0x0, 0x5, 0xff, 0xff,
    0x80, 0x5f, 0xff, 0xf5, 0x0, 0x0, 0x0, 0x0,
    0xdf, 0xff, 0xf5, 0x5, 0xff, 0xff, 0x50, 0x0,
    0x0, 0x15, 0xdf, 0xff, 0xfe, 0x0, 0x5f, 0xff,
    0xfe, 0xee, 0xee, 0xff, 0xff, 0xff, 0xff, 0x60,
    0x5, 0xff, 0xff, 0xff, 0xff, 0xff, 0xff, 0xff,
    0xff, 0x90, 0x0, 0x5f, 0xff, 0xff, 0xff, 0xff,
    0xff, 0xff, 0xfe, 0x60, 0x0, 0x5, 0xff, 0xff,
    0xff, 0xff, 0xff, 0xff, 0xff, 0x20, 0x0, 0x0,
    0x5f, 0xff, 0xf5, 0x0, 0x0, 0x8f, 0xff, 0xfa,
    0x0, 0x0, 0x5, 0xff, 0xff, 0x50, 0x0, 0x1,
    0xff, 0xff, 0xf2, 0x0, 0x0, 0x5f, 0xff, 0xf5,
    0x0, 0x0, 0x7, 0xff, 0xff, 0xa0, 0x0, 0x5,
    0xff, 0xff, 0x50, 0x0, 0x0, 0xe, 0xff, 0xff,
    0x30, 0x0, 0x5f, 0xff, 0xf5, 0x0, 0x0, 0x0,
    0x7f, 0xff, 0xfb, 0x0, 0x5, 0xff, 0xff, 0x50,
    0x0, 0x0, 0x0, 0xef, 0xff, 0xf4, 0x0, 0x5f,
    0xff, 0xf5, 0x0, 0x0, 0x0, 0x6, 0xff, 0xff,
    0xc0, 0x5, 0xff, 0xff, 0x50, 0x0, 0x0, 0x0,
    0xe, 0xff, 0xff, 0x40, 0x5f, 0xff, 0xf5, 0x0,
    0x0, 0x0, 0x0, 0x6f, 0xff, 0xfd, 0x5, 0xff,
    0xff, 0x50, 0x0, 0x0, 0x0, 0x0, 0xdf, 0xff,
    0xf5, 0x0, 0x0, 0x0, 0x0, 0x0, 0x0, 0x0,
    0x0, 0x0, 0x0, 0x0, 0x0, 0x0, 0x0, 0x0,
    0x0, 0x0, 0x0, 0x0, 0x0, 0x0, 0x0, 0x0,
    0x0, 0x4, 0xff, 0xff, 0x0, 0x0, 0x0, 0x0,
    0x0, 0x0, 0x0, 0x0, 0x7f, 0xff, 0x90, 0x0,
    0x0, 0x0, 0x0, 0x0, 0x0, 0x0, 0xb, 0xff,
    0xf3, 0x0, 0x0, 0x0, 0x0, 0x0, 0x0, 0x0,
    0x0, 0xff, 0xfc, 0x0, 0x0, 0x0, 0x0, 0x0,
    0x0, 0x0, 0x0, 0x3f, 0xff, 0x60, 0x0, 0x0,
    0x0, 0x0, 0x0, 0x0, 0x0, 0x7, 0xff, 0xf0,
    0x0, 0x0, 0x0, 0x0, 0x0, 0x0, 0x0, 0x0,
    0x47, 0x75, 0x0, 0x0, 0x0, 0x0, 0x0, 0x0,

    /* U+0157 "ŗ" */
    0x9, 0xff, 0xfd, 0x0, 0x5c, 0xef, 0x90, 0x9f,
    0xff, 0xd0, 0xaf, 0xff, 0xf9, 0x9, 0xff, 0xfd,
    0x7f, 0xff, 0xff, 0x90, 0x9f, 0xff, 0xee, 0xff,
    0xff, 0xf9, 0x9, 0xff, 0xff, 0xff, 0x83, 0x23,
    0x20, 0x9f, 0xff, 0xfe, 0x20, 0x0, 0x0, 0x9,
    0xff, 0xff, 0x60, 0x0, 0x0, 0x0, 0x9f, 0xff,
    0xf1, 0x0, 0x0, 0x0, 0x9, 0xff, 0xff, 0x0,
    0x0, 0x0, 0x0, 0x9f, 0xff, 0xf0, 0x0, 0x0,
    0x0, 0x9, 0xff, 0xff, 0x0, 0x0, 0x0, 0x0,
    0x9f, 0xff, 0xf0, 0x0, 0x0, 0x0, 0x9, 0xff,
    0xff, 0x0, 0x0, 0x0, 0x0, 0x9f, 0xff, 0xf0,
    0x0, 0x0, 0x0, 0x9, 0xff, 0xff, 0x0, 0x0,
    0x0, 0x0, 0x9f, 0xff, 0xf0, 0x0, 0x0, 0x0,
    0x9, 0xff, 0xff, 0x0, 0x0, 0x0, 0x0, 0x9f,
    0xff, 0xf0, 0x0, 0x0, 0x0, 0x9, 0xff, 0xff,
    0x0, 0x0, 0x0, 0x0, 0x9f, 0xff, 0xf0, 0x0,
    0x0, 0x0, 0x0, 0x0, 0x0, 0x0, 0x0, 0x0,
    0x0, 0x0, 0x0, 0x0, 0x0, 0x0, 0x0, 0x9,
    0xff, 0xfb, 0x0, 0x0, 0x0, 0x0, 0xcf, 0xff,
    0x40, 0x0, 0x0, 0x0, 0xf, 0xff, 0xe0, 0x0,
    0x0, 0x0, 0x4, 0xff, 0xf7, 0x0, 0x0, 0x0,
    0x0, 0x8f, 0xff, 0x10, 0x0, 0x0, 0x0, 0xc,
    0xff, 0xb0, 0x0, 0x0, 0x0, 0x0, 0x67, 0x72,
    0x0, 0x0, 0x0, 0x0, 0x0,

    /* U+0158 "Ř" */
    0x0, 0x6, 0x88, 0x82, 0x0, 0x0, 0x78, 0x87,
    0x0, 0x0, 0x0, 0x0, 0x3f, 0xff, 0xd0, 0x0,
    0xbf, 0xff, 0x70, 0x0, 0x0, 0x0, 0x0, 0x4f,
    0xff, 0xa0, 0x7f, 0xff, 0x80, 0x0, 0x0, 0x0,
    0x0, 0x0, 0x6f, 0xff, 0x9f, 0xff, 0xa0, 0x0,
    0x0, 0x0, 0x0, 0x0, 0x0, 0x9f, 0xff, 0xff,
    0xb0, 0x0, 0x0, 0x0, 0x0, 0x0, 0x0, 0x0,
    0xbf, 0xff, 0xd0, 0x0, 0x0, 0x0, 0x0, 0x0,
    0x0, 0x0, 0x0, 0x0, 0x0, 0x0, 0x0, 0x0,
    0x0, 0x0, 0x0, 0x0, 0x0, 0x0, 0x0, 0x0,
    0x0, 0x0, 0x0, 0x0, 0x0, 0x0, 0x0, 0x0,
    0x0, 0x0, 0x0, 0x0, 0x0, 0x0, 0x5, 0xff,
    0xff, 0xff, 0xff, 0xff, 0xed, 0xa6, 0x0, 0x0,
    0x0, 0x5f, 0xff, 0xff, 0xff, 0xff, 0xff, 0xff,
    0xfe, 0x50, 0x0, 0x5, 0xff, 0xff, 0xff, 0xff,
    0xff, 0xff, 0xff, 0xff, 0x80, 0x0, 0x5f, 0xff,
    0xff, 0xff, 0xff, 0xff, 0xff, 0xff, 0xff, 0x50,
    0x5, 0xff, 0xff, 0x50, 0x0, 0x0, 0x26, 0xef,
    0xff, 0xfd, 0x0, 0x5f, 0xff, 0xf5, 0x0, 0x0,
    0x0, 0x1, 0xef, 0xff, 0xf4, 0x5, 0xff, 0xff,
    0x50, 0x0, 0x0, 0x0, 0x6, 0xff, 0xff, 0x80,
    0x5f, 0xff, 0xf5, 0x0, 0x0, 0x0, 0x0, 0x3f,
    0xff, 0xf9, 0x5, 0xff, 0xff, 0x50, 0x0, 0x0,
    0x0, 0x2, 0xff, 0xff, 0xa0, 0x5f, 0xff, 0xf5,
    0x0, 0x0, 0x0, 0x0, 0x5f, 0xff, 0xf8, 0x5,
    0xff, 0xff, 0x50, 0x0, 0x0, 0x0, 0xd, 0xff,
    0xff, 0x50, 0x5f, 0xff, 0xf5, 0x0, 0x0, 0x1,
    0x5d, 0xff, 0xff, 0xe0, 0x5, 0xff, 0xff, 0xee,
    0xee, 0xef, 0xff, 0xff, 0xff, 0xf6, 0x0, 0x5f,
    0xff, 0xff, 0xff, 0xff, 0xff, 0xff, 0xff, 0xf9,
    0x0, 0x5, 0xff, 0xff, 0xff, 0xff, 0xff, 0xff,
    0xff, 0xe6, 0x0, 0x0, 0x5f, 0xff, 0xff, 0xff,
    0xff, 0xff, 0xff, 0xf2, 0x0, 0x0, 0x5, 0xff,
    0xff, 0x50, 0x0, 0x8, 0xff, 0xff, 0xa0, 0x0,
    0x0, 0x5f, 0xff, 0xf5, 0x0, 0x0, 0x1f, 0xff,
    0xff, 0x20, 0x0, 0x5, 0xff, 0xff, 0x50, 0x0,
    0x0, 0x7f, 0xff, 0xfa, 0x0, 0x0, 0x5f, 0xff,
    0xf5, 0x0, 0x0, 0x0, 0xef, 0xff, 0xf3, 0x0,
    0x5, 0xff, 0xff, 0x50, 0x0, 0x0, 0x7, 0xff,
    0xff, 0xb0, 0x0, 0x5f, 0xff, 0xf5, 0x0, 0x0,
    0x0, 0xe, 0xff, 0xff, 0x40, 0x5, 0xff, 0xff,
    0x50, 0x0, 0x0, 0x0, 0x6f, 0xff, 0xfc, 0x0,
    0x5f, 0xff, 0xf5, 0x0, 0x0, 0x0, 0x0, 0xef,
    0xff, 0xf4, 0x5, 0xff, 0xff, 0x50, 0x0, 0x0,
    0x0, 0x6, 0xff, 0xff, 0xd0, 0x5f, 0xff, 0xf5,
    0x0, 0x0, 0x0, 0x0, 0xd, 0xff, 0xff, 0x50,

    /* U+0159 "ř" */
    0x48, 0x88, 0x40, 0x0, 0x6, 0x88, 0x82, 0xc,
    0xff, 0xf3, 0x0, 0x7f, 0xff, 0x90, 0x0, 0xcf,
    0xfe, 0x25, 0xff, 0xfa, 0x0, 0x0, 0x1d, 0xff,
    0xef, 0xff, 0xa0, 0x0, 0x0, 0x1, 0xdf, 0xff,
    0xfa, 0x0, 0x0, 0x0, 0x0, 0x17, 0x88, 0x70,
    0x0, 0x0, 0x0, 0x0, 0x0, 0x0, 0x0, 0x0,
    0x0, 0x0, 0x0, 0x0, 0x0, 0x0, 0x0, 0x0,
    0x9, 0xff, 0xfd, 0x0, 0x5c, 0xef, 0x90, 0x9,
    0xff, 0xfd, 0xa, 0xff, 0xff, 0x90, 0x9, 0xff,
    0xfd, 0x7f, 0xff, 0xff, 0x90, 0x9, 0xff, 0xfe,
    0xef, 0xff, 0xff, 0x90, 0x9, 0xff, 0xff, 0xff,
    0x83, 0x23, 0x20, 0x9, 0xff, 0xff, 0xe2, 0x0,
    0x0, 0x0, 0x9, 0xff, 0xff, 0x60, 0x0, 0x0,
    0x0, 0x9, 0xff, 0xff, 0x10, 0x0, 0x0, 0x0,
    0x9, 0xff, 0xff, 0x0, 0x0, 0x0, 0x0, 0x9,
    0xff, 0xff, 0x0, 0x0, 0x0, 0x0, 0x9, 0xff,
    0xff, 0x0, 0x0, 0x0, 0x0, 0x9, 0xff, 0xff,
    0x0, 0x0, 0x0, 0x0, 0x9, 0xff, 0xff, 0x0,
    0x0, 0x0, 0x0, 0x9, 0xff, 0xff, 0x0, 0x0,
    0x0, 0x0, 0x9, 0xff, 0xff, 0x0, 0x0, 0x0,
    0x0, 0x9, 0xff, 0xff, 0x0, 0x0, 0x0, 0x0,
    0x9, 0xff, 0xff, 0x0, 0x0, 0x0, 0x0, 0x9,
    0xff, 0xff, 0x0, 0x0, 0x0, 0x0, 0x9, 0xff,
    0xff, 0x0, 0x0, 0x0, 0x0, 0x9, 0xff, 0xff,
    0x0, 0x0, 0x0, 0x0,

    /* U+015A "Ś" */
    0x0, 0x0, 0x0, 0x0, 0x0, 0x4, 0x66, 0x64,
    0x0, 0x0, 0x0, 0x0, 0x0, 0x0, 0x0, 0x0,
    0xef, 0xff, 0x40, 0x0, 0x0, 0x0, 0x0, 0x0,
    0x0, 0x0, 0x7f, 0xff, 0x90, 0x0, 0x0, 0x0,
    0x0, 0x0, 0x0, 0x0, 0xd, 0xff, 0xe0, 0x0,
    0x0, 0x0, 0x0, 0x0, 0x0, 0x0, 0x5, 0xff,
    0xf4, 0x0, 0x0, 0x0, 0x0, 0x0, 0x0, 0x0,
    0x0, 0xcf, 0xfa, 0x0, 0x0, 0x0, 0x0, 0x0,
    0x0, 0x0, 0x0, 0x0, 0x0, 0x0, 0x0, 0x0,
    0x0, 0x0, 0x0, 0x0, 0x0, 0x0, 0x0, 0x0,
    0x0, 0x0, 0x0, 0x0, 0x0, 0x0, 0x0, 0x0,
    0x0, 0x0, 0x0, 0x0, 0x0, 0x0, 0x0, 0x0,
    0x0, 0x3, 0x8c, 0xdf, 0xfd, 0xb7, 0x20, 0x0,
    0x0, 0x0, 0x0, 0x2b, 0xff, 0xff, 0xff, 0xff,
    0xff, 0xa1, 0x0, 0x0, 0x0, 0x5f, 0xff, 0xff,
    0xff, 0xff, 0xff, 0xff, 0xe2, 0x0, 0x0, 0x5f,
    0xff, 0xff, 0xff, 0xff, 0xff, 0xff, 0xff, 0xe1,
    0x0, 0xe, 0xff, 0xff, 0xe7, 0x21, 0x13, 0x8e,
    0xff, 0xff, 0xa0, 0x5, 0xff, 0xff, 0xc0, 0x0,
    0x0, 0x0, 0x1e, 0xff, 0xff, 0x10, 0x8f, 0xff,
    0xf4, 0x0, 0x0, 0x0, 0x0, 0x6f, 0xff, 0xf4,
    0x9, 0xff, 0xff, 0x20, 0x0, 0x0, 0x0, 0x1,
    0x55, 0x55, 0x20, 0x7f, 0xff, 0xf7, 0x0, 0x0,
    0x0, 0x0, 0x0, 0x0, 0x0, 0x3, 0xff, 0xff,
    0xf7, 0x0, 0x0, 0x0, 0x0, 0x0, 0x0, 0x0,
    0xb, 0xff, 0xff, 0xfe, 0x94, 0x0, 0x0, 0x0,
    0x0, 0x0, 0x0, 0x1d, 0xff, 0xff, 0xff, 0xff,
    0xc7, 0x30, 0x0, 0x0, 0x0, 0x0, 0x9, 0xff,
    0xff, 0xff, 0xff, 0xff, 0xd6, 0x0, 0x0, 0x0,
    0x0, 0x2, 0x8e, 0xff, 0xff, 0xff, 0xff, 0xfd,
    0x30, 0x0, 0x0, 0x0, 0x0, 0x2, 0x6a, 0xef,
    0xff, 0xff, 0xff, 0x30, 0x0, 0x0, 0x0, 0x0,
    0x0, 0x0, 0x39, 0xff, 0xff, 0xfe, 0x0, 0x0,
    0x0, 0x0, 0x0, 0x0, 0x0, 0x1, 0xbf, 0xff,
    0xf6, 0x0, 0x0, 0x0, 0x0, 0x0, 0x0, 0x0,
    0x1, 0xff, 0xff, 0xa3, 0xee, 0xee, 0x50, 0x0,
    0x0, 0x0, 0x0, 0xf, 0xff, 0xfb, 0x2f, 0xff,
    0xfa, 0x0, 0x0, 0x0, 0x0, 0x3, 0xff, 0xff,
    0xa0, 0xdf, 0xff, 0xf6, 0x0, 0x0, 0x0, 0x1,
    0xdf, 0xff, 0xf7, 0x7, 0xff, 0xff, 0xfc, 0x62,
    0x11, 0x38, 0xff, 0xff, 0xff, 0x10, 0xd, 0xff,
    0xff, 0xff, 0xff, 0xff, 0xff, 0xff, 0xff, 0x80,
    0x0, 0x1d, 0xff, 0xff, 0xff, 0xff, 0xff, 0xff,
    0xff, 0x90, 0x0, 0x0, 0x8, 0xff, 0xff, 0xff,
    0xff, 0xff, 0xfe, 0x50, 0x0, 0x0, 0x0, 0x1,
    0x6a, 0xde, 0xff, 0xdc, 0x84, 0x0, 0x0, 0x0,

    /* U+015B "ś" */
    0x0, 0x0, 0x0, 0x0, 0x8, 0xff, 0xfc, 0x0,
    0x0, 0x0, 0x0, 0x0, 0x0, 0xe, 0xff, 0xf2,
    0x0, 0x0, 0x0, 0x0, 0x0, 0x0, 0x6f, 0xff,
    0x70, 0x0, 0x0, 0x0, 0x0, 0x0, 0x0, 0xdf,
    0xfd, 0x0, 0x0, 0x0, 0x0, 0x0, 0x0, 0x5,
    0xff, 0xf3, 0x0, 0x0, 0x0, 0x0, 0x0, 0x0,
    0x4, 0x66, 0x40, 0x0, 0x0, 0x0, 0x0, 0x0,
    0x0, 0x0, 0x0, 0x0, 0x0, 0x0, 0x0, 0x0,
    0x0, 0x0, 0x0, 0x0, 0x0, 0x0, 0x0, 0x0,
    0x0, 0x0, 0x17, 0xbd, 0xff, 0xeb, 0x71, 0x0,
    0x0, 0x0, 0x8, 0xff, 0xff, 0xff, 0xff, 0xff,
    0x70, 0x0, 0x0, 0xaf, 0xff, 0xff, 0xff, 0xff,
    0xff, 0xf8, 0x0, 0x4, 0xff, 0xff, 0xfb, 0x77,
    0xaf, 0xff, 0xff, 0x30, 0xb, 0xff, 0xff, 0x30,
    0x0, 0x3, 0xef, 0xff, 0xa0, 0xd, 0xff, 0xfb,
    0x0, 0x0, 0x0, 0x5b, 0x74, 0x10, 0xd, 0xff,
    0xfe, 0x0, 0x0, 0x0, 0x0, 0x0, 0x0, 0xa,
    0xff, 0xff, 0xd5, 0x10, 0x0, 0x0, 0x0, 0x0,
    0x3, 0xff, 0xff, 0xff, 0xfd, 0xa7, 0x30, 0x0,
    0x0, 0x0, 0x5f, 0xff, 0xff, 0xff, 0xff, 0xfe,
    0x70, 0x0, 0x0, 0x2, 0x9f, 0xff, 0xff, 0xff,
    0xff, 0xfc, 0x10, 0x0, 0x0, 0x0, 0x37, 0xad,
    0xff, 0xff, 0xff, 0xb0, 0x0, 0x0, 0x0, 0x0,
    0x0, 0x28, 0xff, 0xff, 0xf1, 0x0, 0x1, 0x30,
    0x0, 0x0, 0x0, 0x9f, 0xff, 0xf4, 0x3b, 0xef,
    0xf2, 0x0, 0x0, 0x0, 0x7f, 0xff, 0xf3, 0x2f,
    0xff, 0xfd, 0x20, 0x0, 0x2, 0xef, 0xff, 0xf0,
    0xa, 0xff, 0xff, 0xfb, 0x99, 0xbf, 0xff, 0xff,
    0x80, 0x1, 0xdf, 0xff, 0xff, 0xff, 0xff, 0xff,
    0xfb, 0x0, 0x0, 0x1a, 0xff, 0xff, 0xff, 0xff,
    0xff, 0x80, 0x0, 0x0, 0x0, 0x38, 0xce, 0xff,
    0xdb, 0x61, 0x0, 0x0,

    /* U+015C "Ŝ" */
    0x0, 0x0, 0x0, 0x0, 0x38, 0x88, 0x60, 0x0,
    0x0, 0x0, 0x0, 0x0, 0x0, 0x0, 0x3e, 0xff,
    0xff, 0x70, 0x0, 0x0, 0x0, 0x0, 0x0, 0x0,
    0x2e, 0xff, 0xdf, 0xff, 0x70, 0x0, 0x0, 0x0,
    0x0, 0x0, 0x2e, 0xff, 0xd1, 0x8f, 0xff, 0x60,
    0x0, 0x0, 0x0, 0x0, 0x2e, 0xff, 0xe2, 0x0,
    0xaf, 0xff, 0x50, 0x0, 0x0, 0x0, 0x6, 0x88,
    0x83, 0x0, 0x0, 0x78, 0x87, 0x0, 0x0, 0x0,
    0x0, 0x0, 0x0, 0x0, 0x0, 0x0, 0x0, 0x0,
    0x0, 0x0, 0x0, 0x0, 0x0, 0x0, 0x0, 0x0,
    0x0, 0x0, 0x0, 0x0, 0x0, 0x0, 0x0, 0x0,
    0x0, 0x0, 0x0, 0x0, 0x0, 0x0, 0x0, 0x0,
    0x0, 0x3, 0x8c, 0xdf, 0xfd, 0xb7, 0x20, 0x0,
    0x0, 0x0, 0x0, 0x2b, 0xff, 0xff, 0xff, 0xff,
    0xff, 0xa1, 0x0, 0x0, 0x0, 0x5f, 0xff, 0xff,
    0xff, 0xff, 0xff, 0xff, 0xe2, 0x0, 0x0, 0x5f,
    0xff, 0xff, 0xff, 0xff, 0xff, 0xff, 0xff, 0xe1,
    0x0, 0xe, 0xff, 0xff, 0xe7, 0x21, 0x13, 0x8e,
    0xff, 0xff, 0xa0, 0x5, 0xff, 0xff, 0xc0, 0x0,
    0x0, 0x0, 0x1e, 0xff, 0xff, 0x10, 0x8f, 0xff,
    0xf4, 0x0, 0x0, 0x0, 0x0, 0x6f, 0xff, 0xf4,
    0x9, 0xff, 0xff, 0x20, 0x0, 0x0, 0x0, 0x1,
    0x55, 0x55, 0x20, 0x7f, 0xff, 0xf7, 0x0, 0x0,
    0x0, 0x0, 0x0, 0x0, 0x0, 0x3, 0xff, 0xff,
    0xf7, 0x0, 0x0, 0x0, 0x0, 0x0, 0x0, 0x0,
    0xb, 0xff, 0xff, 0xfe, 0x94, 0x0, 0x0, 0x0,
    0x0, 0x0, 0x0, 0x1d, 0xff, 0xff, 0xff, 0xff,
    0xc7, 0x30, 0x0, 0x0, 0x0, 0x0, 0x9, 0xff,
    0xff, 0xff, 0xff, 0xff, 0xd6, 0x0, 0x0, 0x0,
    0x0, 0x2, 0x8e, 0xff, 0xff, 0xff, 0xff, 0xfd,
    0x30, 0x0, 0x0, 0x0, 0x0, 0x2, 0x6a, 0xef,
    0xff, 0xff, 0xff, 0x30, 0x0, 0x0, 0x0, 0x0,
    0x0, 0x0, 0x39, 0xff, 0xff, 0xfe, 0x0, 0x0,
    0x0, 0x0, 0x0, 0x0, 0x0, 0x1, 0xbf, 0xff,
    0xf6, 0x0, 0x0, 0x0, 0x0, 0x0, 0x0, 0x0,
    0x1, 0xff, 0xff, 0xa3, 0xee, 0xee, 0x50, 0x0,
    0x0, 0x0, 0x0, 0xf, 0xff, 0xfb, 0x2f, 0xff,
    0xfa, 0x0, 0x0, 0x0, 0x0, 0x3, 0xff, 0xff,
    0xa0, 0xdf, 0xff, 0xf6, 0x0, 0x0, 0x0, 0x1,
    0xdf, 0xff, 0xf7, 0x7, 0xff, 0xff, 0xfc, 0x62,
    0x11, 0x38, 0xff, 0xff, 0xff, 0x10, 0xd, 0xff,
    0xff, 0xff, 0xff, 0xff, 0xff, 0xff, 0xff, 0x80,
    0x0, 0x1d, 0xff, 0xff, 0xff, 0xff, 0xff, 0xff,
    0xff, 0x90, 0x0, 0x0, 0x8, 0xff, 0xff, 0xff,
    0xff, 0xff, 0xfe, 0x50, 0x0, 0x0, 0x0, 0x1,
    0x6a, 0xde, 0xff, 0xdc, 0x84, 0x0, 0x0, 0x0,

    /* U+015D "ŝ" */
    0x0, 0x0, 0x0, 0x5f, 0xff, 0xf5, 0x0, 0x0,
    0x0, 0x0, 0x0, 0x5, 0xff, 0xff, 0xff, 0x40,
    0x0, 0x0, 0x0, 0x0, 0x5f, 0xff, 0xaa, 0xff,
    0xf4, 0x0, 0x0, 0x0, 0x4, 0xff, 0xfc, 0x0,
    0xcf, 0xff, 0x30, 0x0, 0x0, 0x4f, 0xff, 0xd1,
    0x0, 0x1d, 0xff, 0xe3, 0x0, 0x0, 0x0, 0x0,
    0x0, 0x0, 0x0, 0x0, 0x0, 0x0, 0x0, 0x0,
    0x0, 0x0, 0x0, 0x0, 0x0, 0x0, 0x0, 0x0,
    0x0, 0x0, 0x0, 0x0, 0x0, 0x0, 0x0, 0x0,
    0x0, 0x0, 0x17, 0xbd, 0xff, 0xeb, 0x71, 0x0,
    0x0, 0x0, 0x8, 0xff, 0xff, 0xff, 0xff, 0xff,
    0x70, 0x0, 0x0, 0xaf, 0xff, 0xff, 0xff, 0xff,
    0xff, 0xf8, 0x0, 0x4, 0xff, 0xff, 0xfb, 0x77,
    0xaf, 0xff, 0xff, 0x30, 0xb, 0xff, 0xff, 0x30,
    0x0, 0x3, 0xef, 0xff, 0xa0, 0xd, 0xff, 0xfb,
    0x0, 0x0, 0x0, 0x5b, 0x74, 0x10, 0xd, 0xff,
    0xfe, 0x0, 0x0, 0x0, 0x0, 0x0, 0x0, 0xa,
    0xff, 0xff, 0xd5, 0x10, 0x0, 0x0, 0x0, 0x0,
    0x3, 0xff, 0xff, 0xff, 0xfd, 0xa7, 0x30, 0x0,
    0x0, 0x0, 0x5f, 0xff, 0xff, 0xff, 0xff, 0xfe,
    0x70, 0x0, 0x0, 0x2, 0x9f, 0xff, 0xff, 0xff,
    0xff, 0xfc, 0x10, 0x0, 0x0, 0x0, 0x37, 0xad,
    0xff, 0xff, 0xff, 0xb0, 0x0, 0x0, 0x0, 0x0,
    0x0, 0x28, 0xff, 0xff, 0xf1, 0x0, 0x1, 0x30,
    0x0, 0x0, 0x0, 0x9f, 0xff, 0xf4, 0x3b, 0xef,
    0xf2, 0x0, 0x0, 0x0, 0x7f, 0xff, 0xf3, 0x2f,
    0xff, 0xfd, 0x20, 0x0, 0x2, 0xef, 0xff, 0xf0,
    0xa, 0xff, 0xff, 0xfb, 0x99, 0xbf, 0xff, 0xff,
    0x80, 0x1, 0xdf, 0xff, 0xff, 0xff, 0xff, 0xff,
    0xfb, 0x0, 0x0, 0x1a, 0xff, 0xff, 0xff, 0xff,
    0xff, 0x80, 0x0, 0x0, 0x0, 0x38, 0xce, 0xff,
    0xdb, 0x61, 0x0, 0x0,

    /* U+015E "Ş" */
    0x0, 0x0, 0x0, 0x38, 0xcd, 0xff, 0xdb, 0x72,
    0x0, 0x0, 0x0, 0x0, 0x2, 0xbf, 0xff, 0xff,
    0xff, 0xff, 0xfa, 0x10, 0x0, 0x0, 0x5, 0xff,
    0xff, 0xff, 0xff, 0xff, 0xff, 0xfe, 0x20, 0x0,
    0x5, 0xff, 0xff, 0xff, 0xff, 0xff, 0xff, 0xff,
    0xfe, 0x10, 0x0, 0xef, 0xff, 0xfe, 0x72, 0x11,
    0x38, 0xef, 0xff, 0xfa, 0x0, 0x5f, 0xff, 0xfc,
    0x0, 0x0, 0x0, 0x1, 0xef, 0xff, 0xf1, 0x8,
    0xff, 0xff, 0x40, 0x0, 0x0, 0x0, 0x6, 0xff,
    0xff, 0x40, 0x9f, 0xff, 0xf2, 0x0, 0x0, 0x0,
    0x0, 0x15, 0x55, 0x52, 0x7, 0xff, 0xff, 0x70,
    0x0, 0x0, 0x0, 0x0, 0x0, 0x0, 0x0, 0x3f,
    0xff, 0xff, 0x70, 0x0, 0x0, 0x0, 0x0, 0x0,
    0x0, 0x0, 0xbf, 0xff, 0xff, 0xe9, 0x40, 0x0,
    0x0, 0x0, 0x0, 0x0, 0x1, 0xdf, 0xff, 0xff,
    0xff, 0xfc, 0x73, 0x0, 0x0, 0x0, 0x0, 0x0,
    0x9f, 0xff, 0xff, 0xff, 0xff, 0xfd, 0x60, 0x0,
    0x0, 0x0, 0x0, 0x28, 0xef, 0xff, 0xff, 0xff,
    0xff, 0xd3, 0x0, 0x0, 0x0, 0x0, 0x0, 0x26,
    0xae, 0xff, 0xff, 0xff, 0xf3, 0x0, 0x0, 0x0,
    0x0, 0x0, 0x0, 0x3, 0x9f, 0xff, 0xff, 0xe0,
    0x0, 0x0, 0x0, 0x0, 0x0, 0x0, 0x0, 0x1b,
    0xff, 0xff, 0x60, 0x0, 0x0, 0x0, 0x0, 0x0,
    0x0, 0x0, 0x1f, 0xff, 0xfa, 0x3e, 0xee, 0xe5,
    0x0, 0x0, 0x0, 0x0, 0x0, 0xff, 0xff, 0xb2,
    0xff, 0xff, 0xa0, 0x0, 0x0, 0x0, 0x0, 0x3f,
    0xff, 0xfa, 0xd, 0xff, 0xff, 0x60, 0x0, 0x0,
    0x0, 0x1d, 0xff, 0xff, 0x70, 0x7f, 0xff, 0xff,
    0xc6, 0x21, 0x13, 0x8f, 0xff, 0xff, 0xf1, 0x0,
    0xdf, 0xff, 0xff, 0xff, 0xff, 0xff, 0xff, 0xff,
    0xf8, 0x0, 0x1, 0xdf, 0xff, 0xff, 0xff, 0xff,
    0xff, 0xff, 0xf9, 0x0, 0x0, 0x0, 0x8f, 0xff,
    0xff, 0xff, 0xff, 0xff, 0xe5, 0x0, 0x0, 0x0,
    0x0, 0x16, 0xad, 0xff, 0xfd, 0xc8, 0x40, 0x0,
    0x0, 0x0, 0x0, 0x0, 0x0, 0x6, 0xfb, 0x0,
    0x0, 0x0, 0x0, 0x0, 0x0, 0x0, 0x0, 0x0,
    0x9f, 0xfc, 0x81, 0x0, 0x0, 0x0, 0x0, 0x0,
    0x0, 0x0, 0x8, 0xcd, 0xff, 0xa0, 0x0, 0x0,
    0x0, 0x0, 0x0, 0x0, 0x0, 0x0, 0xb, 0xff,
    0x0, 0x0, 0x0, 0x0, 0x0, 0x0, 0x0, 0x0,
    0x1, 0xdf, 0xf0, 0x0, 0x0, 0x0, 0x0, 0x0,
    0x0, 0x6, 0xff, 0xff, 0xfa, 0x0, 0x0, 0x0,
    0x0, 0x0, 0x0, 0x0, 0x6f, 0xff, 0xd9, 0x10,
    0x0, 0x0, 0x0,

    /* U+015F "ş" */
    0x0, 0x0, 0x17, 0xbd, 0xff, 0xeb, 0x71, 0x0,
    0x0, 0x0, 0x8, 0xff, 0xff, 0xff, 0xff, 0xff,
    0x70, 0x0, 0x0, 0xaf, 0xff, 0xff, 0xff, 0xff,
    0xff, 0xf8, 0x0, 0x4, 0xff, 0xff, 0xfb, 0x77,
    0xaf, 0xff, 0xff, 0x30, 0xb, 0xff, 0xff, 0x30,
    0x0, 0x3, 0xef, 0xff, 0xa0, 0xd, 0xff, 0xfb,
    0x0, 0x0, 0x0, 0x5b, 0x74, 0x10, 0xd, 0xff,
    0xfe, 0x0, 0x0, 0x0, 0x0, 0x0, 0x0, 0xa,
    0xff, 0xff, 0xd5, 0x10, 0x0, 0x0, 0x0, 0x0,
    0x3, 0xff, 0xff, 0xff, 0xfd, 0xa7, 0x30, 0x0,
    0x0, 0x0, 0x5f, 0xff, 0xff, 0xff, 0xff, 0xfe,
    0x70, 0x0, 0x0, 0x2, 0x9f, 0xff, 0xff, 0xff,
    0xff, 0xfc, 0x10, 0x0, 0x0, 0x0, 0x37, 0xad,
    0xff, 0xff, 0xff, 0xb0, 0x0, 0x0, 0x0, 0x0,
    0x0, 0x28, 0xff, 0xff, 0xf1, 0x0, 0x1, 0x30,
    0x0, 0x0, 0x0, 0x9f, 0xff, 0xf4, 0x3b, 0xef,
    0xf2, 0x0, 0x0, 0x0, 0x7f, 0xff, 0xf3, 0x2f,
    0xff, 0xfd, 0x20, 0x0, 0x2, 0xef, 0xff, 0xf0,
    0xa, 0xff, 0xff, 0xfb, 0x99, 0xbf, 0xff, 0xff,
    0x80, 0x1, 0xdf, 0xff, 0xff, 0xff, 0xff, 0xff,
    0xfb, 0x0, 0x0, 0x1a, 0xff, 0xff, 0xff, 0xff,
    0xff, 0x80, 0x0, 0x0, 0x0, 0x38, 0xcf, 0xff,
    0xeb, 0x61, 0x0, 0x0, 0x0, 0x0, 0x0, 0x2,
    0xff, 0x0, 0x0, 0x0, 0x0, 0x0, 0x0, 0x0,
    0x4, 0xff, 0xda, 0x20, 0x0, 0x0, 0x0, 0x0,
    0x0, 0x5, 0xcc, 0xff, 0xe0, 0x0, 0x0, 0x0,
    0x0, 0x0, 0x0, 0x0, 0x6f, 0xf4, 0x0, 0x0,
    0x0, 0x0, 0x0, 0x0, 0x0, 0x9f, 0xf4, 0x0,
    0x0, 0x0, 0x0, 0x0, 0x2f, 0xff, 0xff, 0xe0,
    0x0, 0x0, 0x0, 0x0, 0x0, 0x2f, 0xff, 0xeb,
    0x20, 0x0, 0x0,

    /* U+0160 "Š" */
    0x0, 0x0, 0x8f, 0xff, 0x80, 0x0, 0x2f, 0xff,
    0xe1, 0x0, 0x0, 0x0, 0x0, 0xbf, 0xff, 0x30,
    0xd, 0xff, 0xf4, 0x0, 0x0, 0x0, 0x0, 0x1,
    0xef, 0xfd, 0x8, 0xff, 0xf7, 0x0, 0x0, 0x0,
    0x0, 0x0, 0x3, 0xff, 0xfc, 0xff, 0xfa, 0x0,
    0x0, 0x0, 0x0, 0x0, 0x0, 0x6, 0xff, 0xff,
    0xfd, 0x0, 0x0, 0x0, 0x0, 0x0, 0x0, 0x0,
    0xa, 0xff, 0xfe, 0x20, 0x0, 0x0, 0x0, 0x0,
    0x0, 0x0, 0x0, 0x2, 0x22, 0x10, 0x0, 0x0,
    0x0, 0x0, 0x0, 0x0, 0x0, 0x0, 0x0, 0x0,
    0x0, 0x0, 0x0, 0x0, 0x0, 0x0, 0x0, 0x0,
    0x0, 0x0, 0x0, 0x0, 0x0, 0x0, 0x0, 0x0,
    0x0, 0x3, 0x8c, 0xdf, 0xfe, 0xc8, 0x40, 0x0,
    0x0, 0x0, 0x0, 0x2b, 0xff, 0xff, 0xff, 0xff,
    0xff, 0xd5, 0x0, 0x0, 0x0, 0x5f, 0xff, 0xff,
    0xff, 0xff, 0xff, 0xff, 0xf9, 0x0, 0x0, 0x5f,
    0xff, 0xff, 0xff, 0xff, 0xff, 0xff, 0xff, 0xf8,
    0x0, 0xe, 0xff, 0xff, 0xe7, 0x21, 0x12, 0x5a,
    0xff, 0xff, 0xf1, 0x5, 0xff, 0xff, 0xc0, 0x0,
    0x0, 0x0, 0x7, 0xff, 0xff, 0x40, 0x8f, 0xff,
    0xf4, 0x0, 0x0, 0x0, 0x0, 0x2, 0x22, 0x20,
    0x9, 0xff, 0xff, 0x20, 0x0, 0x0, 0x0, 0x0,
    0x0, 0x0, 0x0, 0x7f, 0xff, 0xf7, 0x0, 0x0,
    0x0, 0x0, 0x0, 0x0, 0x0, 0x3, 0xff, 0xff,
    0xf7, 0x0, 0x0, 0x0, 0x0, 0x0, 0x0, 0x0,
    0xb, 0xff, 0xff, 0xfe, 0x94, 0x0, 0x0, 0x0,
    0x0, 0x0, 0x0, 0x1d, 0xff, 0xff, 0xff, 0xff,
    0xc7, 0x30, 0x0, 0x0, 0x0, 0x0, 0x9, 0xff,
    0xff, 0xff, 0xff, 0xff, 0xd6, 0x0, 0x0, 0x0,
    0x0, 0x2, 0x8e, 0xff, 0xff, 0xff, 0xff, 0xfd,
    0x30, 0x0, 0x0, 0x0, 0x0, 0x2, 0x6a, 0xef,
    0xff, 0xff, 0xff, 0x30, 0x0, 0x0, 0x0, 0x0,
    0x0, 0x0, 0x39, 0xff, 0xff, 0xfe, 0x0, 0x0,
    0x0, 0x0, 0x0, 0x0, 0x0, 0x1, 0xbf, 0xff,
    0xf6, 0x13, 0x33, 0x31, 0x0, 0x0, 0x0, 0x0,
    0x1, 0xff, 0xff, 0xa3, 0xff, 0xff, 0x60, 0x0,
    0x0, 0x0, 0x0, 0xf, 0xff, 0xfb, 0x1f, 0xff,
    0xfc, 0x0, 0x0, 0x0, 0x0, 0x3, 0xff, 0xff,
    0xa0, 0xcf, 0xff, 0xf8, 0x0, 0x0, 0x0, 0x1,
    0xdf, 0xff, 0xf7, 0x6, 0xff, 0xff, 0xfc, 0x62,
    0x1, 0x38, 0xff, 0xff, 0xff, 0x10, 0xb, 0xff,
    0xff, 0xff, 0xff, 0xff, 0xff, 0xff, 0xff, 0x80,
    0x0, 0xc, 0xff, 0xff, 0xff, 0xff, 0xff, 0xff,
    0xff, 0x90, 0x0, 0x0, 0x7, 0xff, 0xff, 0xff,
    0xff, 0xff, 0xfe, 0x50, 0x0, 0x0, 0x0, 0x0,
    0x5a, 0xde, 0xff, 0xdc, 0x84, 0x0, 0x0, 0x0,

    /* U+0161 "š" */
    0x0, 0x3f, 0xff, 0xd1, 0x0, 0x1d, 0xff, 0xf4,
    0x0, 0x0, 0x3, 0xff, 0xfc, 0x0, 0xcf, 0xff,
    0x40, 0x0, 0x0, 0x0, 0x4f, 0xff, 0xaa, 0xff,
    0xf5, 0x0, 0x0, 0x0, 0x0, 0x4, 0xff, 0xff,
    0xff, 0x50, 0x0, 0x0, 0x0, 0x0, 0x0, 0x5f,
    0xff, 0xf5, 0x0, 0x0, 0x0, 0x0, 0x0, 0x0,
    0x0, 0x0, 0x0, 0x0, 0x0, 0x0, 0x0, 0x0,
    0x0, 0x0, 0x0, 0x0, 0x0, 0x0, 0x0, 0x0,
    0x0, 0x0, 0x0, 0x0, 0x0, 0x0, 0x0, 0x0,
    0x0, 0x0, 0x17, 0xbd, 0xff, 0xeb, 0x71, 0x0,
    0x0, 0x0, 0x8, 0xff, 0xff, 0xff, 0xff, 0xff,
    0x70, 0x0, 0x0, 0xaf, 0xff, 0xff, 0xff, 0xff,
    0xff, 0xf8, 0x0, 0x4, 0xff, 0xff, 0xfb, 0x77,
    0xaf, 0xff, 0xff, 0x30, 0xb, 0xff, 0xff, 0x30,
    0x0, 0x3, 0xef, 0xff, 0xa0, 0xd, 0xff, 0xfb,
    0x0, 0x0, 0x0, 0x5b, 0x74, 0x10, 0xd, 0xff,
    0xfe, 0x0, 0x0, 0x0, 0x0, 0x0, 0x0, 0xa,
    0xff, 0xff, 0xd5, 0x10, 0x0, 0x0, 0x0, 0x0,
    0x3, 0xff, 0xff, 0xff, 0xfd, 0xa7, 0x30, 0x0,
    0x0, 0x0, 0x5f, 0xff, 0xff, 0xff, 0xff, 0xfe,
    0x70, 0x0, 0x0, 0x2, 0x9f, 0xff, 0xff, 0xff,
    0xff, 0xfc, 0x10, 0x0, 0x0, 0x0, 0x37, 0xad,
    0xff, 0xff, 0xff, 0xb0, 0x0, 0x0, 0x0, 0x0,
    0x0, 0x28, 0xff, 0xff, 0xf1, 0x0, 0x1, 0x30,
    0x0, 0x0, 0x0, 0x9f, 0xff, 0xf4, 0x3b, 0xef,
    0xf2, 0x0, 0x0, 0x0, 0x7f, 0xff, 0xf3, 0x2f,
    0xff, 0xfd, 0x20, 0x0, 0x2, 0xef, 0xff, 0xf0,
    0xa, 0xff, 0xff, 0xfb, 0x99, 0xbf, 0xff, 0xff,
    0x80, 0x1, 0xdf, 0xff, 0xff, 0xff, 0xff, 0xff,
    0xfb, 0x0, 0x0, 0x1a, 0xff, 0xff, 0xff, 0xff,
    0xff, 0x80, 0x0, 0x0, 0x0, 0x38, 0xce, 0xff,
    0xdb, 0x61, 0x0, 0x0,

    /* U+0162 "Ţ" */
    0x8f, 0xff, 0xff, 0xff, 0xff, 0xff, 0xff, 0xff,
    0xff, 0xff, 0xf5, 0x8f, 0xff, 0xff, 0xff, 0xff,
    0xff, 0xff, 0xff, 0xff, 0xff, 0xf5, 0x8f, 0xff,
    0xff, 0xff, 0xff, 0xff, 0xff, 0xff, 0xff, 0xff,
    0xf5, 0x8f, 0xff, 0xff, 0xff, 0xff, 0xff, 0xff,
    0xff, 0xff, 0xff, 0xf4, 0x0, 0x0, 0x0, 0x0,
    0x7f, 0xff, 0xf3, 0x0, 0x0, 0x0, 0x0, 0x0,
    0x0, 0x0, 0x0, 0x7f, 0xff, 0xf3, 0x0, 0x0,
    0x0, 0x0, 0x0, 0x0, 0x0, 0x0, 0x7f, 0xff,
    0xf3, 0x0, 0x0, 0x0, 0x0, 0x0, 0x0, 0x0,
    0x0, 0x7f, 0xff, 0xf3, 0x0, 0x0, 0x0, 0x0,
    0x0, 0x0, 0x0, 0x0, 0x7f, 0xff, 0xf3, 0x0,
    0x0, 0x0, 0x0, 0x0, 0x0, 0x0, 0x0, 0x7f,
    0xff, 0xf3, 0x0, 0x0, 0x0, 0x0, 0x0, 0x0,
    0x0, 0x0, 0x7f, 0xff, 0xf3, 0x0, 0x0, 0x0,
    0x0, 0x0, 0x0, 0x0, 0x0, 0x7f, 0xff, 0xf3,
    0x0, 0x0, 0x0, 0x0, 0x0, 0x0, 0x0, 0x0,
    0x7f, 0xff, 0xf3, 0x0, 0x0, 0x0, 0x0, 0x0,
    0x0, 0x0, 0x0, 0x7f, 0xff, 0xf3, 0x0, 0x0,
    0x0, 0x0, 0x0, 0x0, 0x0, 0x0, 0x7f, 0xff,
    0xf3, 0x0, 0x0, 0x0, 0x0, 0x0, 0x0, 0x0,
    0x0, 0x7f, 0xff, 0xf3, 0x0, 0x0, 0x0, 0x0,
    0x0, 0x0, 0x0, 0x0, 0x7f, 0xff, 0xf3, 0x0,
    0x0, 0x0, 0x0, 0x0, 0x0, 0x0, 0x0, 0x7f,
    0xff, 0xf3, 0x0, 0x0, 0x0, 0x0, 0x0, 0x0,
    0x0, 0x0, 0x7f, 0xff, 0xf3, 0x0, 0x0, 0x0,
    0x0, 0x0, 0x0, 0x0, 0x0, 0x7f, 0xff, 0xf3,
    0x0, 0x0, 0x0, 0x0, 0x0, 0x0, 0x0, 0x0,
    0x7f, 0xff, 0xf3, 0x0, 0x0, 0x0, 0x0, 0x0,
    0x0, 0x0, 0x0, 0x7f, 0xff, 0xf3, 0x0, 0x0,
    0x0, 0x0, 0x0, 0x0, 0x0, 0x0, 0x7f, 0xff,
    0xf3, 0x0, 0x0, 0x0, 0x0, 0x0, 0x0, 0x0,
    0x0, 0x7f, 0xff, 0xf3, 0x0, 0x0, 0x0, 0x0,
    0x0, 0x0, 0x0, 0x0, 0x7f, 0xff, 0xf3, 0x0,
    0x0, 0x0, 0x0, 0x0, 0x0, 0x0, 0x0, 0x7f,
    0xff, 0xf3, 0x0, 0x0, 0x0, 0x0, 0x0, 0x0,
    0x0, 0x0, 0x3, 0xfe, 0x0, 0x0, 0x0, 0x0,
    0x0, 0x0, 0x0, 0x0, 0x0, 0x6, 0xfe, 0x85,
    0x0, 0x0, 0x0, 0x0, 0x0, 0x0, 0x0, 0x0,
    0x7, 0xef, 0xff, 0xb0, 0x0, 0x0, 0x0, 0x0,
    0x0, 0x0, 0x0, 0x0, 0x0, 0xaf, 0xf2, 0x0,
    0x0, 0x0, 0x0, 0x0, 0x0, 0x0, 0x0, 0x0,
    0xaf, 0xf2, 0x0, 0x0, 0x0, 0x0, 0x0, 0x0,
    0x0, 0x4f, 0xff, 0xff, 0xd0, 0x0, 0x0, 0x0,
    0x0, 0x0, 0x0, 0x0, 0x4f, 0xff, 0xea, 0x20,
    0x0, 0x0, 0x0,

    /* U+0163 "ţ" */
    0x0, 0xd, 0xff, 0xfb, 0x0, 0x0, 0x0, 0x0,
    0xdf, 0xff, 0xb0, 0x0, 0x0, 0x0, 0xd, 0xff,
    0xfb, 0x0, 0x0, 0x0, 0x0, 0xdf, 0xff, 0xb0,
    0x0, 0x0, 0x0, 0xd, 0xff, 0xfb, 0x0, 0x0,
    0xa, 0xff, 0xff, 0xff, 0xff, 0xff, 0x80, 0xaf,
    0xff, 0xff, 0xff, 0xff, 0xf8, 0xa, 0xff, 0xff,
    0xff, 0xff, 0xff, 0x80, 0x69, 0x9f, 0xff, 0xfe,
    0x99, 0x95, 0x0, 0x0, 0xdf, 0xff, 0xb0, 0x0,
    0x0, 0x0, 0xd, 0xff, 0xfb, 0x0, 0x0, 0x0,
    0x0, 0xdf, 0xff, 0xb0, 0x0, 0x0, 0x0, 0xd,
    0xff, 0xfb, 0x0, 0x0, 0x0, 0x0, 0xdf, 0xff,
    0xb0, 0x0, 0x0, 0x0, 0xd, 0xff, 0xfb, 0x0,
    0x0, 0x0, 0x0, 0xdf, 0xff, 0xb0, 0x0, 0x0,
    0x0, 0xd, 0xff, 0xfb, 0x0, 0x0, 0x0, 0x0,
    0xdf, 0xff, 0xb0, 0x0, 0x0, 0x0, 0xd, 0xff,
    0xfb, 0x0, 0x0, 0x0, 0x0, 0xdf, 0xff, 0xc0,
    0x0, 0x0, 0x0, 0xc, 0xff, 0xff, 0x10, 0x0,
    0x0, 0x0, 0x9f, 0xff, 0xff, 0xcd, 0x60, 0x0,
    0x2, 0xff, 0xff, 0xff, 0xfa, 0x0, 0x0, 0x6,
    0xff, 0xff, 0xff, 0xd0, 0x0, 0x0, 0x3, 0xaf,
    0xff, 0xeb, 0x0, 0x0, 0x0, 0x2, 0xff, 0x0,
    0x0, 0x0, 0x0, 0x0, 0x5f, 0xfb, 0x81, 0x0,
    0x0, 0x0, 0x6, 0xdd, 0xff, 0xd0, 0x0, 0x0,
    0x0, 0x0, 0x7, 0xff, 0x30, 0x0, 0x0, 0x0,
    0x0, 0x9f, 0xf3, 0x0, 0x0, 0x2, 0xff, 0xff,
    0xfe, 0x0, 0x0, 0x0, 0x2f, 0xff, 0xeb, 0x20,

    /* U+0164 "Ť" */
    0x0, 0x0, 0x38, 0x88, 0x40, 0x0, 0x6, 0x88,
    0x83, 0x0, 0x0, 0x0, 0x0, 0xc, 0xff, 0xf3,
    0x0, 0x6f, 0xff, 0xb0, 0x0, 0x0, 0x0, 0x0,
    0x1, 0xef, 0xfe, 0x12, 0xff, 0xfd, 0x0, 0x0,
    0x0, 0x0, 0x0, 0x0, 0x2f, 0xff, 0xbd, 0xff,
    0xe1, 0x0, 0x0, 0x0, 0x0, 0x0, 0x0, 0x4,
    0xff, 0xff, 0xfe, 0x20, 0x0, 0x0, 0x0, 0x0,
    0x0, 0x0, 0x0, 0x5f, 0xff, 0xf3, 0x0, 0x0,
    0x0, 0x0, 0x0, 0x0, 0x0, 0x0, 0x0, 0x0,
    0x0, 0x0, 0x0, 0x0, 0x0, 0x0, 0x0, 0x0,
    0x0, 0x0, 0x0, 0x0, 0x0, 0x0, 0x0, 0x0,
    0x0, 0x0, 0x0, 0x0, 0x0, 0x0, 0x0, 0x0,
    0x0, 0x0, 0x0, 0x8f, 0xff, 0xff, 0xff, 0xff,
    0xff, 0xff, 0xff, 0xff, 0xff, 0xf5, 0x8f, 0xff,
    0xff, 0xff, 0xff, 0xff, 0xff, 0xff, 0xff, 0xff,
    0xf5, 0x8f, 0xff, 0xff, 0xff, 0xff, 0xff, 0xff,
    0xff, 0xff, 0xff, 0xf5, 0x8f, 0xff, 0xff, 0xff,
    0xff, 0xff, 0xff, 0xff, 0xff, 0xff, 0xf4, 0x0,
    0x0, 0x0, 0x0, 0x7f, 0xff, 0xf3, 0x0, 0x0,
    0x0, 0x0, 0x0, 0x0, 0x0, 0x0, 0x7f, 0xff,
    0xf3, 0x0, 0x0, 0x0, 0x0, 0x0, 0x0, 0x0,
    0x0, 0x7f, 0xff, 0xf3, 0x0, 0x0, 0x0, 0x0,
    0x0, 0x0, 0x0, 0x0, 0x7f, 0xff, 0xf3, 0x0,
    0x0, 0x0, 0x0, 0x0, 0x0, 0x0, 0x0, 0x7f,
    0xff, 0xf3, 0x0, 0x0, 0x0, 0x0, 0x0, 0x0,
    0x0, 0x0, 0x7f, 0xff, 0xf3, 0x0, 0x0, 0x0,
    0x0, 0x0, 0x0, 0x0, 0x0, 0x7f, 0xff, 0xf3,
    0x0, 0x0, 0x0, 0x0, 0x0, 0x0, 0x0, 0x0,
    0x7f, 0xff, 0xf3, 0x0, 0x0, 0x0, 0x0, 0x0,
    0x0, 0x0, 0x0, 0x7f, 0xff, 0xf3, 0x0, 0x0,
    0x0, 0x0, 0x0, 0x0, 0x0, 0x0, 0x7f, 0xff,
    0xf3, 0x0, 0x0, 0x0, 0x0, 0x0, 0x0, 0x0,
    0x0, 0x7f, 0xff, 0xf3, 0x0, 0x0, 0x0, 0x0,
    0x0, 0x0, 0x0, 0x0, 0x7f, 0xff, 0xf3, 0x0,
    0x0, 0x0, 0x0, 0x0, 0x0, 0x0, 0x0, 0x7f,
    0xff, 0xf3, 0x0, 0x0, 0x0, 0x0, 0x0, 0x0,
    0x0, 0x0, 0x7f, 0xff, 0xf3, 0x0, 0x0, 0x0,
    0x0, 0x0, 0x0, 0x0, 0x0, 0x7f, 0xff, 0xf3,
    0x0, 0x0, 0x0, 0x0, 0x0, 0x0, 0x0, 0x0,
    0x7f, 0xff, 0xf3, 0x0, 0x0, 0x0, 0x0, 0x0,
    0x0, 0x0, 0x0, 0x7f, 0xff, 0xf3, 0x0, 0x0,
    0x0, 0x0, 0x0, 0x0, 0x0, 0x0, 0x7f, 0xff,
    0xf3, 0x0, 0x0, 0x0, 0x0, 0x0, 0x0, 0x0,
    0x0, 0x7f, 0xff, 0xf3, 0x0, 0x0, 0x0, 0x0,
    0x0, 0x0, 0x0, 0x0, 0x7f, 0xff, 0xf3, 0x0,
    0x0, 0x0, 0x0, 0x0, 0x0, 0x0, 0x0, 0x7f,
    0xff, 0xf3, 0x0, 0x0, 0x0, 0x0, 0x0, 0x0,
    0x0, 0x0, 0x7f, 0xff, 0xf3, 0x0, 0x0, 0x0,
    0x0,

    /* U+0165 "ť" */
    0x0, 0x0, 0x0, 0x0, 0x2, 0xff, 0xf8, 0x0,
    0x0, 0x0, 0x0, 0x2, 0xff, 0xf6, 0x0, 0x0,
    0x0, 0x0, 0x2, 0xff, 0xf3, 0x0, 0x0, 0x0,
    0x0, 0x2, 0xff, 0xf1, 0x0, 0x7, 0x88, 0x86,
    0x2, 0xff, 0xf0, 0x0, 0xd, 0xff, 0xfb, 0x2,
    0xff, 0xd0, 0x0, 0xd, 0xff, 0xfb, 0x1, 0xcc,
    0x80, 0x0, 0xd, 0xff, 0xfb, 0x0, 0x0, 0x0,
    0x0, 0xd, 0xff, 0xfb, 0x0, 0x0, 0x0, 0xaf,
    0xff, 0xff, 0xff, 0xff, 0xf8, 0x0, 0xaf, 0xff,
    0xff, 0xff, 0xff, 0xf8, 0x0, 0xaf, 0xff, 0xff,
    0xff, 0xff, 0xf8, 0x0, 0x69, 0x9f, 0xff, 0xfe,
    0x99, 0x95, 0x0, 0x0, 0xd, 0xff, 0xfb, 0x0,
    0x0, 0x0, 0x0, 0xd, 0xff, 0xfb, 0x0, 0x0,
    0x0, 0x0, 0xd, 0xff, 0xfb, 0x0, 0x0, 0x0,
    0x0, 0xd, 0xff, 0xfb, 0x0, 0x0, 0x0, 0x0,
    0xd, 0xff, 0xfb, 0x0, 0x0, 0x0, 0x0, 0xd,
    0xff, 0xfb, 0x0, 0x0, 0x0, 0x0, 0xd, 0xff,
    0xfb, 0x0, 0x0, 0x0, 0x0, 0xd, 0xff, 0xfb,
    0x0, 0x0, 0x0, 0x0, 0xd, 0xff, 0xfb, 0x0,
    0x0, 0x0, 0x0, 0xd, 0xff, 0xfb, 0x0, 0x0,
    0x0, 0x0, 0xd, 0xff, 0xfc, 0x0, 0x0, 0x0,
    0x0, 0xc, 0xff, 0xff, 0x10, 0x0, 0x0, 0x0,
    0x9, 0xff, 0xff, 0xfc, 0xd6, 0x0, 0x0, 0x2,
    0xff, 0xff, 0xff, 0xfa, 0x0, 0x0, 0x0, 0x6f,
    0xff, 0xff, 0xfd, 0x0, 0x0, 0x0, 0x3, 0x9d,
    0xff, 0xeb, 0x0,

    /* U+0166 "Ŧ" */
    0x8f, 0xff, 0xff, 0xff, 0xff, 0xff, 0xff, 0xff,
    0xff, 0xff, 0xf5, 0x8f, 0xff, 0xff, 0xff, 0xff,
    0xff, 0xff, 0xff, 0xff, 0xff, 0xf5, 0x8f, 0xff,
    0xff, 0xff, 0xff, 0xff, 0xff, 0xff, 0xff, 0xff,
    0xf5, 0x8f, 0xff, 0xff, 0xff, 0xff, 0xff, 0xff,
    0xff, 0xff, 0xff, 0xf4, 0x0, 0x0, 0x0, 0x0,
    0x7f, 0xff, 0xf3, 0x0, 0x0, 0x0, 0x0, 0x0,
    0x0, 0x0, 0x0, 0x7f, 0xff, 0xf3, 0x0, 0x0,
    0x0, 0x0, 0x0, 0x0, 0x0, 0x0, 0x7f, 0xff,
    0xf3, 0x0, 0x0, 0x0, 0x0, 0x0, 0x0, 0x0,
    0x0, 0x7f, 0xff, 0xf3, 0x0, 0x0, 0x0, 0x0,
    0x0, 0x0, 0x0, 0x0, 0x7f, 0xff, 0xf3, 0x0,
    0x0, 0x0, 0x0, 0x0, 0x0, 0x0, 0x0, 0x7f,
    0xff, 0xf3, 0x0, 0x0, 0x0, 0x0, 0x0, 0x0,
    0x0, 0x0, 0x7f, 0xff, 0xf3, 0x0, 0x0, 0x0,
    0x0, 0x0, 0x2, 0x55, 0x55, 0xcf, 0xff, 0xf8,
    0x55, 0x55, 0x10, 0x0, 0x0, 0x9, 0xff, 0xff,
    0xff, 0xff, 0xff, 0xff, 0xff, 0x60, 0x0, 0x0,
    0x9, 0xff, 0xff, 0xff, 0xff, 0xff, 0xff, 0xff,
    0x60, 0x0, 0x0, 0x9, 0xff, 0xff, 0xff, 0xff,
    0xff, 0xff, 0xff, 0x60, 0x0, 0x0, 0x0, 0x0,
    0x0, 0x7f, 0xff, 0xf3, 0x0, 0x0, 0x0, 0x0,
    0x0, 0x0, 0x0, 0x0, 0x7f, 0xff, 0xf3, 0x0,
    0x0, 0x0, 0x0, 0x0, 0x0, 0x0, 0x0, 0x7f,
    0xff, 0xf3, 0x0, 0x0, 0x0, 0x0, 0x0, 0x0,
    0x0, 0x0, 0x7f, 0xff, 0xf3, 0x0, 0x0, 0x0,
    0x0, 0x0, 0x0, 0x0, 0x0, 0x7f, 0xff, 0xf3,
    0x0, 0x0, 0x0, 0x0, 0x0, 0x0, 0x0, 0x0,
    0x7f, 0xff, 0xf3, 0x0, 0x0, 0x0, 0x0, 0x0,
    0x0, 0x0, 0x0, 0x7f, 0xff, 0xf3, 0x0, 0x0,
    0x0, 0x0, 0x0, 0x0, 0x0, 0x0, 0x7f, 0xff,
    0xf3, 0x0, 0x0, 0x0, 0x0, 0x0, 0x0, 0x0,
    0x0, 0x7f, 0xff, 0xf3, 0x0, 0x0, 0x0, 0x0,
    0x0, 0x0, 0x0, 0x0, 0x7f, 0xff, 0xf3, 0x0,
    0x0, 0x0, 0x0, 0x0, 0x0, 0x0, 0x0, 0x7f,
    0xff, 0xf3, 0x0, 0x0, 0x0, 0x0,

    /* U+0167 "ŧ" */
    0x0, 0x6, 0x88, 0x85, 0x0, 0x0, 0x0, 0x0,
    0xdf, 0xff, 0xb0, 0x0, 0x0, 0x0, 0xd, 0xff,
    0xfb, 0x0, 0x0, 0x0, 0x0, 0xdf, 0xff, 0xb0,
    0x0, 0x0, 0x0, 0xd, 0xff, 0xfb, 0x0, 0x0,
    0xa, 0xff, 0xff, 0xff, 0xff, 0xff, 0x80, 0xaf,
    0xff, 0xff, 0xff, 0xff, 0xf8, 0xa, 0xff, 0xff,
    0xff, 0xff, 0xff, 0x80, 0x69, 0x9f, 0xff, 0xfe,
    0x99, 0x95, 0x0, 0x0, 0xdf, 0xff, 0xb0, 0x0,
    0x0, 0x0, 0xd, 0xff, 0xfb, 0x0, 0x0, 0x1,
    0x22, 0xef, 0xff, 0xc2, 0x22, 0x10, 0xaf, 0xff,
    0xff, 0xff, 0xff, 0xf8, 0xa, 0xff, 0xff, 0xff,
    0xff, 0xff, 0x80, 0xaf, 0xff, 0xff, 0xff, 0xff,
    0xf8, 0x0, 0x0, 0xdf, 0xff, 0xb0, 0x0, 0x0,
    0x0, 0xd, 0xff, 0xfb, 0x0, 0x0, 0x0, 0x0,
    0xdf, 0xff, 0xb0, 0x0, 0x0, 0x0, 0xd, 0xff,
    0xfb, 0x0, 0x0, 0x0, 0x0, 0xdf, 0xff, 0xc0,
    0x0, 0x0, 0x0, 0xc, 0xff, 0xff, 0x10, 0x0,
    0x0, 0x0, 0x9f, 0xff, 0xff, 0xcd, 0x60, 0x0,
    0x2, 0xff, 0xff, 0xff, 0xfa, 0x0, 0x0, 0x6,
    0xff, 0xff, 0xff, 0xd0, 0x0, 0x0, 0x3, 0xad,
    0xff, 0xeb, 0x0,

    /* U+0168 "Ũ" */
    0x0, 0x0, 0x0, 0x1b, 0xff, 0xb4, 0x0, 0xbf,
    0xf0, 0x0, 0x0, 0x0, 0x0, 0x0, 0xcf, 0xff,
    0xff, 0xec, 0xff, 0xc0, 0x0, 0x0, 0x0, 0x0,
    0x4, 0xff, 0xfc, 0xff, 0xff, 0xff, 0x40, 0x0,
    0x0, 0x0, 0x0, 0x7, 0xff, 0x40, 0x18, 0xdf,
    0xe6, 0x0, 0x0, 0x0, 0x0, 0x0, 0x0, 0x0,
    0x0, 0x0, 0x0, 0x0, 0x0, 0x0, 0x0, 0x0,
    0x0, 0x0, 0x0, 0x0, 0x0, 0x0, 0x0, 0x0,
    0x0, 0x0, 0x0, 0x0, 0x0, 0x0, 0x0, 0x0,
    0x0, 0x0, 0x0, 0x0, 0x0, 0x0, 0x0, 0x0,
    0x0, 0x0, 0x0, 0x0, 0x0, 0x0, 0x0, 0x0,
    0x5f, 0xff, 0xf5, 0x0, 0x0, 0x0, 0x0, 0x0,
    0xd, 0xff, 0xfe, 0x5f, 0xff, 0xf5, 0x0, 0x0,
    0x0, 0x0, 0x0, 0xd, 0xff, 0xfe, 0x5f, 0xff,
    0xf5, 0x0, 0x0, 0x0, 0x0, 0x0, 0xd, 0xff,
    0xfe, 0x5f, 0xff, 0xf5, 0x0, 0x0, 0x0, 0x0,
    0x0, 0xd, 0xff, 0xfe, 0x5f, 0xff, 0xf5, 0x0,
    0x0, 0x0, 0x0, 0x0, 0xd, 0xff, 0xfe, 0x5f,
    0xff, 0xf5, 0x0, 0x0, 0x0, 0x0, 0x0, 0xd,
    0xff, 0xfe, 0x5f, 0xff, 0xf5, 0x0, 0x0, 0x0,
    0x0, 0x0, 0xd, 0xff, 0xfe, 0x5f, 0xff, 0xf5,
    0x0, 0x0, 0x0, 0x0, 0x0, 0xd, 0xff, 0xfe,
    0x5f, 0xff, 0xf5, 0x0, 0x0, 0x0, 0x0, 0x0,
    0xd, 0xff, 0xfe, 0x5f, 0xff, 0xf5, 0x0, 0x0,
    0x0, 0x0, 0x0, 0xd, 0xff, 0xfe, 0x5f, 0xff,
    0xf5, 0x0, 0x0, 0x0, 0x0, 0x0, 0xd, 0xff,
    0xfe, 0x5f, 0xff, 0xf5, 0x0, 0x0, 0x0, 0x0,
    0x0, 0xd, 0xff, 0xfe, 0x5f, 0xff, 0xf5, 0x0,
    0x0, 0x0, 0x0, 0x0, 0xd, 0xff, 0xfe, 0x5f,
    0xff, 0xf5, 0x0, 0x0, 0x0, 0x0, 0x0, 0xd,
    0xff, 0xfe, 0x5f, 0xff, 0xf5, 0x0, 0x0, 0x0,
    0x0, 0x0, 0xd, 0xff, 0xfe, 0x5f, 0xff, 0xf5,
    0x0, 0x0, 0x0, 0x0, 0x0, 0xd, 0xff, 0xfe,
    0x5f, 0xff, 0xf5, 0x0, 0x0, 0x0, 0x0, 0x0,
    0xd, 0xff, 0xfd, 0x5f, 0xff, 0xf7, 0x0, 0x0,
    0x0, 0x0, 0x0, 0xf, 0xff, 0xfd, 0x3f, 0xff,
    0xfc, 0x0, 0x0, 0x0, 0x0, 0x0, 0x4f, 0xff,
    0xfb, 0xe, 0xff, 0xff, 0x50, 0x0, 0x0, 0x0,
    0x0, 0xdf, 0xff, 0xf7, 0x9, 0xff, 0xff, 0xf5,
    0x0, 0x0, 0x0, 0x1b, 0xff, 0xff, 0xf1, 0x1,
    0xff, 0xff, 0xff, 0xc6, 0x43, 0x59, 0xff, 0xff,
    0xff, 0x80, 0x0, 0x5f, 0xff, 0xff, 0xff, 0xff,
    0xff, 0xff, 0xff, 0xfc, 0x0, 0x0, 0x5, 0xff,
    0xff, 0xff, 0xff, 0xff, 0xff, 0xff, 0xb1, 0x0,
    0x0, 0x0, 0x2b, 0xff, 0xff, 0xff, 0xff, 0xff,
    0xe7, 0x0, 0x0, 0x0, 0x0, 0x0, 0x28, 0xbe,
    0xff, 0xfd, 0xa5, 0x0, 0x0, 0x0,

    /* U+0169 "ũ" */
    0x0, 0x0, 0x7, 0xa9, 0x20, 0x0, 0x9b, 0x80,
    0x0, 0x0, 0x0, 0xbf, 0xff, 0xf7, 0x1, 0xff,
    0xa0, 0x0, 0x0, 0x4, 0xff, 0xff, 0xff, 0xee,
    0xff, 0x60, 0x0, 0x0, 0x8, 0xff, 0x52, 0xbf,
    0xff, 0xfe, 0x0, 0x0, 0x0, 0xb, 0xff, 0x0,
    0x6, 0xdf, 0xc2, 0x0, 0x0, 0x0, 0x0, 0x0,
    0x0, 0x0, 0x0, 0x0, 0x0, 0x0, 0x0, 0x0,
    0x0, 0x0, 0x0, 0x0, 0x0, 0x0, 0x0, 0x0,
    0x0, 0x0, 0x0, 0x0, 0x0, 0x0, 0x0, 0x0,
    0x9f, 0xff, 0xf0, 0x0, 0x0, 0x0, 0xf, 0xff,
    0xfa, 0x9f, 0xff, 0xf0, 0x0, 0x0, 0x0, 0xf,
    0xff, 0xfa, 0x9f, 0xff, 0xf0, 0x0, 0x0, 0x0,
    0xf, 0xff, 0xfa, 0x9f, 0xff, 0xf0, 0x0, 0x0,
    0x0, 0xf, 0xff, 0xfa, 0x9f, 0xff, 0xf0, 0x0,
    0x0, 0x0, 0xf, 0xff, 0xfa, 0x9f, 0xff, 0xf0,
    0x0, 0x0, 0x0, 0xf, 0xff, 0xfa, 0x9f, 0xff,
    0xf0, 0x0, 0x0, 0x0, 0xf, 0xff, 0xfa, 0x9f,
    0xff, 0xf0, 0x0, 0x0, 0x0, 0xf, 0xff, 0xfa,
    0x9f, 0xff, 0xf0, 0x0, 0x0, 0x0, 0xf, 0xff,
    0xfa, 0x9f, 0xff, 0xf0, 0x0, 0x0, 0x0, 0xf,
    0xff, 0xfa, 0x9f, 0xff, 0xf0, 0x0, 0x0, 0x0,
    0xf, 0xff, 0xfa, 0x9f, 0xff, 0xf0, 0x0, 0x0,
    0x0, 0xf, 0xff, 0xfa, 0x9f, 0xff, 0xf0, 0x0,
    0x0, 0x0, 0xf, 0xff, 0xfa, 0x8f, 0xff, 0xf3,
    0x0, 0x0, 0x0, 0x4f, 0xff, 0xfa, 0x6f, 0xff,
    0xfb, 0x0, 0x0, 0x0, 0xcf, 0xff, 0xfa, 0x2f,
    0xff, 0xff, 0xa1, 0x0, 0x3c, 0xff, 0xff, 0xfa,
    0xc, 0xff, 0xff, 0xff, 0xef, 0xff, 0xdc, 0xff,
    0xfa, 0x3, 0xff, 0xff, 0xff, 0xff, 0xff, 0x4b,
    0xff, 0xfa, 0x0, 0x4f, 0xff, 0xff, 0xff, 0xf6,
    0xb, 0xff, 0xfa, 0x0, 0x1, 0x8c, 0xff, 0xd9,
    0x20, 0xb, 0xff, 0xfa,

    /* U+016A "Ū" */
    0x0, 0x0, 0x0, 0xcf, 0xff, 0xff, 0xff, 0xff,
    0x40, 0x0, 0x0, 0x0, 0x0, 0x0, 0xcf, 0xff,
    0xff, 0xff, 0xff, 0x40, 0x0, 0x0, 0x0, 0x0,
    0x0, 0xcf, 0xff, 0xff, 0xff, 0xff, 0x40, 0x0,
    0x0, 0x0, 0x0, 0x0, 0x11, 0x11, 0x11, 0x11,
    0x11, 0x0, 0x0, 0x0, 0x0, 0x0, 0x0, 0x0,
    0x0, 0x0, 0x0, 0x0, 0x0, 0x0, 0x0, 0x0,
    0x0, 0x0, 0x0, 0x0, 0x0, 0x0, 0x0, 0x0,
    0x0, 0x0, 0x0, 0x0, 0x0, 0x0, 0x0, 0x0,
    0x0, 0x0, 0x0, 0x0, 0x0, 0x0, 0x0, 0x0,
    0x0, 0x0, 0x0, 0x0, 0x0, 0x0, 0x0, 0x0,
    0x5f, 0xff, 0xf5, 0x0, 0x0, 0x0, 0x0, 0x0,
    0xd, 0xff, 0xfe, 0x5f, 0xff, 0xf5, 0x0, 0x0,
    0x0, 0x0, 0x0, 0xd, 0xff, 0xfe, 0x5f, 0xff,
    0xf5, 0x0, 0x0, 0x0, 0x0, 0x0, 0xd, 0xff,
    0xfe, 0x5f, 0xff, 0xf5, 0x0, 0x0, 0x0, 0x0,
    0x0, 0xd, 0xff, 0xfe, 0x5f, 0xff, 0xf5, 0x0,
    0x0, 0x0, 0x0, 0x0, 0xd, 0xff, 0xfe, 0x5f,
    0xff, 0xf5, 0x0, 0x0, 0x0, 0x0, 0x0, 0xd,
    0xff, 0xfe, 0x5f, 0xff, 0xf5, 0x0, 0x0, 0x0,
    0x0, 0x0, 0xd, 0xff, 0xfe, 0x5f, 0xff, 0xf5,
    0x0, 0x0, 0x0, 0x0, 0x0, 0xd, 0xff, 0xfe,
    0x5f, 0xff, 0xf5, 0x0, 0x0, 0x0, 0x0, 0x0,
    0xd, 0xff, 0xfe, 0x5f, 0xff, 0xf5, 0x0, 0x0,
    0x0, 0x0, 0x0, 0xd, 0xff, 0xfe, 0x5f, 0xff,
    0xf5, 0x0, 0x0, 0x0, 0x0, 0x0, 0xd, 0xff,
    0xfe, 0x5f, 0xff, 0xf5, 0x0, 0x0, 0x0, 0x0,
    0x0, 0xd, 0xff, 0xfe, 0x5f, 0xff, 0xf5, 0x0,
    0x0, 0x0, 0x0, 0x0, 0xd, 0xff, 0xfe, 0x5f,
    0xff, 0xf5, 0x0, 0x0, 0x0, 0x0, 0x0, 0xd,
    0xff, 0xfe, 0x5f, 0xff, 0xf5, 0x0, 0x0, 0x0,
    0x0, 0x0, 0xd, 0xff, 0xfe, 0x5f, 0xff, 0xf5,
    0x0, 0x0, 0x0, 0x0, 0x0, 0xd, 0xff, 0xfe,
    0x5f, 0xff, 0xf5, 0x0, 0x0, 0x0, 0x0, 0x0,
    0xd, 0xff, 0xfd, 0x5f, 0xff, 0xf7, 0x0, 0x0,
    0x0, 0x0, 0x0, 0xf, 0xff, 0xfd, 0x3f, 0xff,
    0xfc, 0x0, 0x0, 0x0, 0x0, 0x0, 0x4f, 0xff,
    0xfb, 0xe, 0xff, 0xff, 0x50, 0x0, 0x0, 0x0,
    0x0, 0xdf, 0xff, 0xf7, 0x9, 0xff, 0xff, 0xf5,
    0x0, 0x0, 0x0, 0x1b, 0xff, 0xff, 0xf1, 0x1,
    0xff, 0xff, 0xff, 0xc6, 0x43, 0x59, 0xff, 0xff,
    0xff, 0x80, 0x0, 0x5f, 0xff, 0xff, 0xff, 0xff,
    0xff, 0xff, 0xff, 0xfc, 0x0, 0x0, 0x5, 0xff,
    0xff, 0xff, 0xff, 0xff, 0xff, 0xff, 0xb1, 0x0,
    0x0, 0x0, 0x2b, 0xff, 0xff, 0xff, 0xff, 0xff,
    0xe7, 0x0, 0x0, 0x0, 0x0, 0x0, 0x28, 0xbe,
    0xff, 0xfd, 0xa5, 0x0, 0x0, 0x0,

    /* U+016B "ū" */
    0x0, 0x0, 0xff, 0xff, 0xff, 0xff, 0xff, 0x0,
    0x0, 0x0, 0x0, 0xff, 0xff, 0xff, 0xff, 0xff,
    0x0, 0x0, 0x0, 0x0, 0xff, 0xff, 0xff, 0xff,
    0xff, 0x0, 0x0, 0x0, 0x0, 0x11, 0x11, 0x11,
    0x11, 0x11, 0x0, 0x0, 0x0, 0x0, 0x0, 0x0,
    0x0, 0x0, 0x0, 0x0, 0x0, 0x0, 0x0, 0x0,
    0x0, 0x0, 0x0, 0x0, 0x0, 0x0, 0x9f, 0xff,
    0xf0, 0x0, 0x0, 0x0, 0xf, 0xff, 0xfa, 0x9f,
    0xff, 0xf0, 0x0, 0x0, 0x0, 0xf, 0xff, 0xfa,
    0x9f, 0xff, 0xf0, 0x0, 0x0, 0x0, 0xf, 0xff,
    0xfa, 0x9f, 0xff, 0xf0, 0x0, 0x0, 0x0, 0xf,
    0xff, 0xfa, 0x9f, 0xff, 0xf0, 0x0, 0x0, 0x0,
    0xf, 0xff, 0xfa, 0x9f, 0xff, 0xf0, 0x0, 0x0,
    0x0, 0xf, 0xff, 0xfa, 0x9f, 0xff, 0xf0, 0x0,
    0x0, 0x0, 0xf, 0xff, 0xfa, 0x9f, 0xff, 0xf0,
    0x0, 0x0, 0x0, 0xf, 0xff, 0xfa, 0x9f, 0xff,
    0xf0, 0x0, 0x0, 0x0, 0xf, 0xff, 0xfa, 0x9f,
    0xff, 0xf0, 0x0, 0x0, 0x0, 0xf, 0xff, 0xfa,
    0x9f, 0xff, 0xf0, 0x0, 0x0, 0x0, 0xf, 0xff,
    0xfa, 0x9f, 0xff, 0xf0, 0x0, 0x0, 0x0, 0xf,
    0xff, 0xfa, 0x9f, 0xff, 0xf0, 0x0, 0x0, 0x0,
    0xf, 0xff, 0xfa, 0x8f, 0xff, 0xf3, 0x0, 0x0,
    0x0, 0x4f, 0xff, 0xfa, 0x6f, 0xff, 0xfb, 0x0,
    0x0, 0x0, 0xcf, 0xff, 0xfa, 0x2f, 0xff, 0xff,
    0xa1, 0x0, 0x3c, 0xff, 0xff, 0xfa, 0xc, 0xff,
    0xff, 0xff, 0xef, 0xff, 0xdc, 0xff, 0xfa, 0x3,
    0xff, 0xff, 0xff, 0xff, 0xff, 0x4b, 0xff, 0xfa,
    0x0, 0x4f, 0xff, 0xff, 0xff, 0xf6, 0xb, 0xff,
    0xfa, 0x0, 0x1, 0x8c, 0xff, 0xd9, 0x20, 0xb,
    0xff, 0xfa,

    /* U+016C "Ŭ" */
    0x0, 0x0, 0x3, 0x88, 0x30, 0x0, 0x0, 0x78,
    0x70, 0x0, 0x0, 0x0, 0x0, 0x5, 0xff, 0x90,
    0x0, 0x2, 0xff, 0xd0, 0x0, 0x0, 0x0, 0x0,
    0x1, 0xff, 0xf8, 0x10, 0x4d, 0xff, 0x80, 0x0,
    0x0, 0x0, 0x0, 0x0, 0x6f, 0xff, 0xff, 0xff,
    0xfd, 0x10, 0x0, 0x0, 0x0, 0x0, 0x0, 0x6,
    0xff, 0xff, 0xff, 0xc1, 0x0, 0x0, 0x0, 0x0,
    0x0, 0x0, 0x0, 0x17, 0x9a, 0x84, 0x0, 0x0,
    0x0, 0x0, 0x0, 0x0, 0x0, 0x0, 0x0, 0x0,
    0x0, 0x0, 0x0, 0x0, 0x0, 0x0, 0x0, 0x0,
    0x0, 0x0, 0x0, 0x0, 0x0, 0x0, 0x0, 0x0,
    0x0, 0x0, 0x0, 0x0, 0x0, 0x0, 0x0, 0x0,
    0x0, 0x0, 0x0, 0x5f, 0xff, 0xf5, 0x0, 0x0,
    0x0, 0x0, 0x0, 0xd, 0xff, 0xfe, 0x5f, 0xff,
    0xf5, 0x0, 0x0, 0x0, 0x0, 0x0, 0xd, 0xff,
    0xfe, 0x5f, 0xff, 0xf5, 0x0, 0x0, 0x0, 0x0,
    0x0, 0xd, 0xff, 0xfe, 0x5f, 0xff, 0xf5, 0x0,
    0x0, 0x0, 0x0, 0x0, 0xd, 0xff, 0xfe, 0x5f,
    0xff, 0xf5, 0x0, 0x0, 0x0, 0x0, 0x0, 0xd,
    0xff, 0xfe, 0x5f, 0xff, 0xf5, 0x0, 0x0, 0x0,
    0x0, 0x0, 0xd, 0xff, 0xfe, 0x5f, 0xff, 0xf5,
    0x0, 0x0, 0x0, 0x0, 0x0, 0xd, 0xff, 0xfe,
    0x5f, 0xff, 0xf5, 0x0, 0x0, 0x0, 0x0, 0x0,
    0xd, 0xff, 0xfe, 0x5f, 0xff, 0xf5, 0x0, 0x0,
    0x0, 0x0, 0x0, 0xd, 0xff, 0xfe, 0x5f, 0xff,
    0xf5, 0x0, 0x0, 0x0, 0x0, 0x0, 0xd, 0xff,
    0xfe, 0x5f, 0xff, 0xf5, 0x0, 0x0, 0x0, 0x0,
    0x0, 0xd, 0xff, 0xfe, 0x5f, 0xff, 0xf5, 0x0,
    0x0, 0x0, 0x0, 0x0, 0xd, 0xff, 0xfe, 0x5f,
    0xff, 0xf5, 0x0, 0x0, 0x0, 0x0, 0x0, 0xd,
    0xff, 0xfe, 0x5f, 0xff, 0xf5, 0x0, 0x0, 0x0,
    0x0, 0x0, 0xd, 0xff, 0xfe, 0x5f, 0xff, 0xf5,
    0x0, 0x0, 0x0, 0x0, 0x0, 0xd, 0xff, 0xfe,
    0x5f, 0xff, 0xf5, 0x0, 0x0, 0x0, 0x0, 0x0,
    0xd, 0xff, 0xfe, 0x5f, 0xff, 0xf5, 0x0, 0x0,
    0x0, 0x0, 0x0, 0xd, 0xff, 0xfd, 0x5f, 0xff,
    0xf7, 0x0, 0x0, 0x0, 0x0, 0x0, 0xf, 0xff,
    0xfd, 0x3f, 0xff, 0xfc, 0x0, 0x0, 0x0, 0x0,
    0x0, 0x4f, 0xff, 0xfb, 0xe, 0xff, 0xff, 0x50,
    0x0, 0x0, 0x0, 0x0, 0xdf, 0xff, 0xf7, 0x9,
    0xff, 0xff, 0xf5, 0x0, 0x0, 0x0, 0x1b, 0xff,
    0xff, 0xf1, 0x1, 0xff, 0xff, 0xff, 0xc6, 0x43,
    0x59, 0xff, 0xff, 0xff, 0x80, 0x0, 0x5f, 0xff,
    0xff, 0xff, 0xff, 0xff, 0xff, 0xff, 0xfc, 0x0,
    0x0, 0x5, 0xff, 0xff, 0xff, 0xff, 0xff, 0xff,
    0xff, 0xb1, 0x0, 0x0, 0x0, 0x2b, 0xff, 0xff,
    0xff, 0xff, 0xff, 0xe7, 0x0, 0x0, 0x0, 0x0,
    0x0, 0x28, 0xbe, 0xff, 0xfd, 0xa5, 0x0, 0x0,
    0x0,

    /* U+016D "ŭ" */
    0x0, 0xa, 0xff, 0x30, 0x0, 0x2, 0xff, 0xa0,
    0x0, 0x0, 0x8, 0xff, 0x80, 0x0, 0x7, 0xff,
    0x80, 0x0, 0x0, 0x2, 0xff, 0xf7, 0x11, 0x7f,
    0xff, 0x20, 0x0, 0x0, 0x0, 0x7f, 0xff, 0xff,
    0xff, 0xf8, 0x0, 0x0, 0x0, 0x0, 0x7, 0xff,
    0xff, 0xff, 0x80, 0x0, 0x0, 0x0, 0x0, 0x0,
    0x17, 0xaa, 0x72, 0x0, 0x0, 0x0, 0x0, 0x0,
    0x0, 0x0, 0x0, 0x0, 0x0, 0x0, 0x0, 0x0,
    0x0, 0x0, 0x0, 0x0, 0x0, 0x0, 0x0, 0x0,
    0x9f, 0xff, 0xf0, 0x0, 0x0, 0x0, 0xf, 0xff,
    0xfa, 0x9f, 0xff, 0xf0, 0x0, 0x0, 0x0, 0xf,
    0xff, 0xfa, 0x9f, 0xff, 0xf0, 0x0, 0x0, 0x0,
    0xf, 0xff, 0xfa, 0x9f, 0xff, 0xf0, 0x0, 0x0,
    0x0, 0xf, 0xff, 0xfa, 0x9f, 0xff, 0xf0, 0x0,
    0x0, 0x0, 0xf, 0xff, 0xfa, 0x9f, 0xff, 0xf0,
    0x0, 0x0, 0x0, 0xf, 0xff, 0xfa, 0x9f, 0xff,
    0xf0, 0x0, 0x0, 0x0, 0xf, 0xff, 0xfa, 0x9f,
    0xff, 0xf0, 0x0, 0x0, 0x0, 0xf, 0xff, 0xfa,
    0x9f, 0xff, 0xf0, 0x0, 0x0, 0x0, 0xf, 0xff,
    0xfa, 0x9f, 0xff, 0xf0, 0x0, 0x0, 0x0, 0xf,
    0xff, 0xfa, 0x9f, 0xff, 0xf0, 0x0, 0x0, 0x0,
    0xf, 0xff, 0xfa, 0x9f, 0xff, 0xf0, 0x0, 0x0,
    0x0, 0xf, 0xff, 0xfa, 0x9f, 0xff, 0xf0, 0x0,
    0x0, 0x0, 0xf, 0xff, 0xfa, 0x8f, 0xff, 0xf3,
    0x0, 0x0, 0x0, 0x4f, 0xff, 0xfa, 0x6f, 0xff,
    0xfb, 0x0, 0x0, 0x0, 0xcf, 0xff, 0xfa, 0x2f,
    0xff, 0xff, 0xa1, 0x0, 0x3c, 0xff, 0xff, 0xfa,
    0xc, 0xff, 0xff, 0xff, 0xef, 0xff, 0xdc, 0xff,
    0xfa, 0x3, 0xff, 0xff, 0xff, 0xff, 0xff, 0x4b,
    0xff, 0xfa, 0x0, 0x4f, 0xff, 0xff, 0xff, 0xf6,
    0xb, 0xff, 0xfa, 0x0, 0x1, 0x8c, 0xff, 0xd9,
    0x20, 0xb, 0xff, 0xfa,

    /* U+016E "Ů" */
    0x0, 0x0, 0x0, 0x0, 0x0, 0x33, 0x10, 0x0,
    0x0, 0x0, 0x0, 0x0, 0x0, 0x0, 0x0, 0x8f,
    0xff, 0xfc, 0x20, 0x0, 0x0, 0x0, 0x0, 0x0,
    0x0, 0xa, 0xff, 0xff, 0xff, 0xf2, 0x0, 0x0,
    0x0, 0x0, 0x0, 0x0, 0x3f, 0xfc, 0x20, 0x6f,
    0xfb, 0x0, 0x0, 0x0, 0x0, 0x0, 0x0, 0x7f,
    0xf3, 0x0, 0xb, 0xff, 0x0, 0x0, 0x0, 0x0,
    0x0, 0x0, 0x7f, 0xf3, 0x0, 0xc, 0xff, 0x0,
    0x0, 0x0, 0x0, 0x0, 0x0, 0x3f, 0xfc, 0x20,
    0x6f, 0xfb, 0x0, 0x0, 0x0, 0x0, 0x0, 0x0,
    0xa, 0xff, 0xff, 0xff, 0xf2, 0x0, 0x0, 0x0,
    0x0, 0x0, 0x0, 0x0, 0x8f, 0xff, 0xfc, 0x30,
    0x0, 0x0, 0x0, 0x0, 0x0, 0x0, 0x0, 0x0,
    0x34, 0x20, 0x0, 0x0, 0x0, 0x0, 0x0, 0x0,
    0x0, 0x0, 0x0, 0x0, 0x0, 0x0, 0x0, 0x0,
    0x0, 0x5f, 0xff, 0xf5, 0x0, 0x0, 0x0, 0x0,
    0x0, 0xd, 0xff, 0xfe, 0x5f, 0xff, 0xf5, 0x0,
    0x0, 0x0, 0x0, 0x0, 0xd, 0xff, 0xfe, 0x5f,
    0xff, 0xf5, 0x0, 0x0, 0x0, 0x0, 0x0, 0xd,
    0xff, 0xfe, 0x5f, 0xff, 0xf5, 0x0, 0x0, 0x0,
    0x0, 0x0, 0xd, 0xff, 0xfe, 0x5f, 0xff, 0xf5,
    0x0, 0x0, 0x0, 0x0, 0x0, 0xd, 0xff, 0xfe,
    0x5f, 0xff, 0xf5, 0x0, 0x0, 0x0, 0x0, 0x0,
    0xd, 0xff, 0xfe, 0x5f, 0xff, 0xf5, 0x0, 0x0,
    0x0, 0x0, 0x0, 0xd, 0xff, 0xfe, 0x5f, 0xff,
    0xf5, 0x0, 0x0, 0x0, 0x0, 0x0, 0xd, 0xff,
    0xfe, 0x5f, 0xff, 0xf5, 0x0, 0x0, 0x0, 0x0,
    0x0, 0xd, 0xff, 0xfe, 0x5f, 0xff, 0xf5, 0x0,
    0x0, 0x0, 0x0, 0x0, 0xd, 0xff, 0xfe, 0x5f,
    0xff, 0xf5, 0x0, 0x0, 0x0, 0x0, 0x0, 0xd,
    0xff, 0xfe, 0x5f, 0xff, 0xf5, 0x0, 0x0, 0x0,
    0x0, 0x0, 0xd, 0xff, 0xfe, 0x5f, 0xff, 0xf5,
    0x0, 0x0, 0x0, 0x0, 0x0, 0xd, 0xff, 0xfe,
    0x5f, 0xff, 0xf5, 0x0, 0x0, 0x0, 0x0, 0x0,
    0xd, 0xff, 0xfe, 0x5f, 0xff, 0xf5, 0x0, 0x0,
    0x0, 0x0, 0x0, 0xd, 0xff, 0xfe, 0x5f, 0xff,
    0xf5, 0x0, 0x0, 0x0, 0x0, 0x0, 0xd, 0xff,
    0xfe, 0x5f, 0xff, 0xf5, 0x0, 0x0, 0x0, 0x0,
    0x0, 0xd, 0xff, 0xfd, 0x5f, 0xff, 0xf7, 0x0,
    0x0, 0x0, 0x0, 0x0, 0xf, 0xff, 0xfd, 0x3f,
    0xff, 0xfc, 0x0, 0x0, 0x0, 0x0, 0x0, 0x4f,
    0xff, 0xfb, 0xe, 0xff, 0xff, 0x50, 0x0, 0x0,
    0x0, 0x0, 0xdf, 0xff, 0xf7, 0x9, 0xff, 0xff,
    0xf5, 0x0, 0x0, 0x0, 0x1b, 0xff, 0xff, 0xf1,
    0x1, 0xff, 0xff, 0xff, 0xc6, 0x43, 0x59, 0xff,
    0xff, 0xff, 0x80, 0x0, 0x5f, 0xff, 0xff, 0xff,
    0xff, 0xff, 0xff, 0xff, 0xfc, 0x0, 0x0, 0x5,
    0xff, 0xff, 0xff, 0xff, 0xff, 0xff, 0xff, 0xb1,
    0x0, 0x0, 0x0, 0x2b, 0xff, 0xff, 0xff, 0xff,
    0xff, 0xe7, 0x0, 0x0, 0x0, 0x0, 0x0, 0x28,
    0xbe, 0xff, 0xfd, 0xa5, 0x0, 0x0, 0x0,

    /* U+016F "ů" */
    0x0, 0x0, 0x0, 0x1, 0x44, 0x10, 0x0, 0x0,
    0x0, 0x0, 0x0, 0x0, 0x9f, 0xff, 0xf9, 0x0,
    0x0, 0x0, 0x0, 0x0, 0xb, 0xff, 0xff, 0xff,
    0xb0, 0x0, 0x0, 0x0, 0x0, 0x5f, 0xfb, 0x11,
    0xbf, 0xf5, 0x0, 0x0, 0x0, 0x0, 0xaf, 0xf1,
    0x0, 0xf, 0xfa, 0x0, 0x0, 0x0, 0x0, 0xbf,
    0xe0, 0x0, 0xe, 0xfb, 0x0, 0x0, 0x0, 0x0,
    0x8f, 0xf3, 0x0, 0x2f, 0xf9, 0x0, 0x0, 0x0,
    0x0, 0x2f, 0xfe, 0x77, 0xef, 0xf3, 0x0, 0x0,
    0x0, 0x0, 0x6, 0xff, 0xff, 0xff, 0x70, 0x0,
    0x0, 0x0, 0x0, 0x0, 0x4b, 0xff, 0xb4, 0x0,
    0x0, 0x0, 0x0, 0x0, 0x0, 0x0, 0x0, 0x0,
    0x0, 0x0, 0x0, 0x9f, 0xff, 0xf0, 0x0, 0x0,
    0x0, 0xf, 0xff, 0xfa, 0x9f, 0xff, 0xf0, 0x0,
    0x0, 0x0, 0xf, 0xff, 0xfa, 0x9f, 0xff, 0xf0,
    0x0, 0x0, 0x0, 0xf, 0xff, 0xfa, 0x9f, 0xff,
    0xf0, 0x0, 0x0, 0x0, 0xf, 0xff, 0xfa, 0x9f,
    0xff, 0xf0, 0x0, 0x0, 0x0, 0xf, 0xff, 0xfa,
    0x9f, 0xff, 0xf0, 0x0, 0x0, 0x0, 0xf, 0xff,
    0xfa, 0x9f, 0xff, 0xf0, 0x0, 0x0, 0x0, 0xf,
    0xff, 0xfa, 0x9f, 0xff, 0xf0, 0x0, 0x0, 0x0,
    0xf, 0xff, 0xfa, 0x9f, 0xff, 0xf0, 0x0, 0x0,
    0x0, 0xf, 0xff, 0xfa, 0x9f, 0xff, 0xf0, 0x0,
    0x0, 0x0, 0xf, 0xff, 0xfa, 0x9f, 0xff, 0xf0,
    0x0, 0x0, 0x0, 0xf, 0xff, 0xfa, 0x9f, 0xff,
    0xf0, 0x0, 0x0, 0x0, 0xf, 0xff, 0xfa, 0x9f,
    0xff, 0xf0, 0x0, 0x0, 0x0, 0xf, 0xff, 0xfa,
    0x8f, 0xff, 0xf3, 0x0, 0x0, 0x0, 0x4f, 0xff,
    0xfa, 0x6f, 0xff, 0xfb, 0x0, 0x0, 0x0, 0xcf,
    0xff, 0xfa, 0x2f, 0xff, 0xff, 0xa1, 0x0, 0x3c,
    0xff, 0xff, 0xfa, 0xc, 0xff, 0xff, 0xff, 0xef,
    0xff, 0xdc, 0xff, 0xfa, 0x3, 0xff, 0xff, 0xff,
    0xff, 0xff, 0x4b, 0xff, 0xfa, 0x0, 0x4f, 0xff,
    0xff, 0xff, 0xf6, 0xb, 0xff, 0xfa, 0x0, 0x1,
    0x8c, 0xff, 0xd9, 0x20, 0xb, 0xff, 0xfa,

    /* U+0170 "Ű" */
    0x0, 0x0, 0x0, 0x6, 0x66, 0x62, 0x0, 0x66,
    0x66, 0x30, 0x0, 0x0, 0x0, 0x0, 0x3f, 0xff,
    0xe0, 0x5, 0xff, 0xfe, 0x10, 0x0, 0x0, 0x0,
    0x0, 0x8f, 0xff, 0x60, 0xd, 0xff, 0xf3, 0x0,
    0x0, 0x0, 0x0, 0x0, 0xef, 0xfd, 0x0, 0x7f,
    0xff, 0x70, 0x0, 0x0, 0x0, 0x0, 0x4, 0xff,
    0xf5, 0x1, 0xef, 0xfb, 0x0, 0x0, 0x0, 0x0,
    0x0, 0x9, 0xff, 0xc0, 0x8, 0xff, 0xe1, 0x0,
    0x0, 0x0, 0x0, 0x0, 0x0, 0x0, 0x0, 0x0,
    0x0, 0x0, 0x0, 0x0, 0x0, 0x0, 0x0, 0x0,
    0x0, 0x0, 0x0, 0x0, 0x0, 0x0, 0x0, 0x0,
    0x0, 0x0, 0x0, 0x0, 0x0, 0x0, 0x0, 0x0,
    0x0, 0x0, 0x0, 0x5f, 0xff, 0xf5, 0x0, 0x0,
    0x0, 0x0, 0x0, 0xd, 0xff, 0xfe, 0x5f, 0xff,
    0xf5, 0x0, 0x0, 0x0, 0x0, 0x0, 0xd, 0xff,
    0xfe, 0x5f, 0xff, 0xf5, 0x0, 0x0, 0x0, 0x0,
    0x0, 0xd, 0xff, 0xfe, 0x5f, 0xff, 0xf5, 0x0,
    0x0, 0x0, 0x0, 0x0, 0xd, 0xff, 0xfe, 0x5f,
    0xff, 0xf5, 0x0, 0x0, 0x0, 0x0, 0x0, 0xd,
    0xff, 0xfe, 0x5f, 0xff, 0xf5, 0x0, 0x0, 0x0,
    0x0, 0x0, 0xd, 0xff, 0xfe, 0x5f, 0xff, 0xf5,
    0x0, 0x0, 0x0, 0x0, 0x0, 0xd, 0xff, 0xfe,
    0x5f, 0xff, 0xf5, 0x0, 0x0, 0x0, 0x0, 0x0,
    0xd, 0xff, 0xfe, 0x5f, 0xff, 0xf5, 0x0, 0x0,
    0x0, 0x0, 0x0, 0xd, 0xff, 0xfe, 0x5f, 0xff,
    0xf5, 0x0, 0x0, 0x0, 0x0, 0x0, 0xd, 0xff,
    0xfe, 0x5f, 0xff, 0xf5, 0x0, 0x0, 0x0, 0x0,
    0x0, 0xd, 0xff, 0xfe, 0x5f, 0xff, 0xf5, 0x0,
    0x0, 0x0, 0x0, 0x0, 0xd, 0xff, 0xfe, 0x5f,
    0xff, 0xf5, 0x0, 0x0, 0x0, 0x0, 0x0, 0xd,
    0xff, 0xfe, 0x5f, 0xff, 0xf5, 0x0, 0x0, 0x0,
    0x0, 0x0, 0xd, 0xff, 0xfe, 0x5f, 0xff, 0xf5,
    0x0, 0x0, 0x0, 0x0, 0x0, 0xd, 0xff, 0xfe,
    0x5f, 0xff, 0xf5, 0x0, 0x0, 0x0, 0x0, 0x0,
    0xd, 0xff, 0xfe, 0x5f, 0xff, 0xf5, 0x0, 0x0,
    0x0, 0x0, 0x0, 0xd, 0xff, 0xfd, 0x5f, 0xff,
    0xf7, 0x0, 0x0, 0x0, 0x0, 0x0, 0xf, 0xff,
    0xfd, 0x3f, 0xff, 0xfc, 0x0, 0x0, 0x0, 0x0,
    0x0, 0x4f, 0xff, 0xfb, 0xe, 0xff, 0xff, 0x50,
    0x0, 0x0, 0x0, 0x0, 0xdf, 0xff, 0xf7, 0x9,
    0xff, 0xff, 0xf5, 0x0, 0x0, 0x0, 0x1b, 0xff,
    0xff, 0xf1, 0x1, 0xff, 0xff, 0xff, 0xc6, 0x43,
    0x59, 0xff, 0xff, 0xff, 0x80, 0x0, 0x5f, 0xff,
    0xff, 0xff, 0xff, 0xff, 0xff, 0xff, 0xfc, 0x0,
    0x0, 0x5, 0xff, 0xff, 0xff, 0xff, 0xff, 0xff,
    0xff, 0xb1, 0x0, 0x0, 0x0, 0x2b, 0xff, 0xff,
    0xff, 0xff, 0xff, 0xe7, 0x0, 0x0, 0x0, 0x0,
    0x0, 0x28, 0xbe, 0xff, 0xfd, 0xa5, 0x0, 0x0,
    0x0,

    /* U+0171 "ű" */
    0x0, 0x0, 0x4f, 0xff, 0xe0, 0x5, 0xff, 0xfe,
    0x20, 0x0, 0x0, 0xaf, 0xff, 0x60, 0xe, 0xff,
    0xf4, 0x0, 0x0, 0x0, 0xff, 0xfd, 0x0, 0x7f,
    0xff, 0x80, 0x0, 0x0, 0x5, 0xff, 0xf5, 0x1,
    0xef, 0xfc, 0x0, 0x0, 0x0, 0xb, 0xff, 0xc0,
    0x8, 0xff, 0xe1, 0x0, 0x0, 0x0, 0x6, 0x66,
    0x20, 0x6, 0x66, 0x30, 0x0, 0x0, 0x0, 0x0,
    0x0, 0x0, 0x0, 0x0, 0x0, 0x0, 0x0, 0x0,
    0x0, 0x0, 0x0, 0x0, 0x0, 0x0, 0x0, 0x0,
    0x9f, 0xff, 0xf0, 0x0, 0x0, 0x0, 0xf, 0xff,
    0xfa, 0x9f, 0xff, 0xf0, 0x0, 0x0, 0x0, 0xf,
    0xff, 0xfa, 0x9f, 0xff, 0xf0, 0x0, 0x0, 0x0,
    0xf, 0xff, 0xfa, 0x9f, 0xff, 0xf0, 0x0, 0x0,
    0x0, 0xf, 0xff, 0xfa, 0x9f, 0xff, 0xf0, 0x0,
    0x0, 0x0, 0xf, 0xff, 0xfa, 0x9f, 0xff, 0xf0,
    0x0, 0x0, 0x0, 0xf, 0xff, 0xfa, 0x9f, 0xff,
    0xf0, 0x0, 0x0, 0x0, 0xf, 0xff, 0xfa, 0x9f,
    0xff, 0xf0, 0x0, 0x0, 0x0, 0xf, 0xff, 0xfa,
    0x9f, 0xff, 0xf0, 0x0, 0x0, 0x0, 0xf, 0xff,
    0xfa, 0x9f, 0xff, 0xf0, 0x0, 0x0, 0x0, 0xf,
    0xff, 0xfa, 0x9f, 0xff, 0xf0, 0x0, 0x0, 0x0,
    0xf, 0xff, 0xfa, 0x9f, 0xff, 0xf0, 0x0, 0x0,
    0x0, 0xf, 0xff, 0xfa, 0x9f, 0xff, 0xf0, 0x0,
    0x0, 0x0, 0xf, 0xff, 0xfa, 0x8f, 0xff, 0xf3,
    0x0, 0x0, 0x0, 0x4f, 0xff, 0xfa, 0x6f, 0xff,
    0xfb, 0x0, 0x0, 0x0, 0xcf, 0xff, 0xfa, 0x2f,
    0xff, 0xff, 0xa1, 0x0, 0x3c, 0xff, 0xff, 0xfa,
    0xc, 0xff, 0xff, 0xff, 0xef, 0xff, 0xdc, 0xff,
    0xfa, 0x3, 0xff, 0xff, 0xff, 0xff, 0xff, 0x4b,
    0xff, 0xfa, 0x0, 0x4f, 0xff, 0xff, 0xff, 0xf6,
    0xb, 0xff, 0xfa, 0x0, 0x1, 0x8c, 0xff, 0xd9,
    0x20, 0xb, 0xff, 0xfa,

    /* U+0172 "Ų" */
    0x5f, 0xff, 0xf5, 0x0, 0x0, 0x0, 0x0, 0x0,
    0xd, 0xff, 0xfe, 0x5f, 0xff, 0xf5, 0x0, 0x0,
    0x0, 0x0, 0x0, 0xd, 0xff, 0xfe, 0x5f, 0xff,
    0xf5, 0x0, 0x0, 0x0, 0x0, 0x0, 0xd, 0xff,
    0xfe, 0x5f, 0xff, 0xf5, 0x0, 0x0, 0x0, 0x0,
    0x0, 0xd, 0xff, 0xfe, 0x5f, 0xff, 0xf5, 0x0,
    0x0, 0x0, 0x0, 0x0, 0xd, 0xff, 0xfe, 0x5f,
    0xff, 0xf5, 0x0, 0x0, 0x0, 0x0, 0x0, 0xd,
    0xff, 0xfe, 0x5f, 0xff, 0xf5, 0x0, 0x0, 0x0,
    0x0, 0x0, 0xd, 0xff, 0xfe, 0x5f, 0xff, 0xf5,
    0x0, 0x0, 0x0, 0x0, 0x0, 0xd, 0xff, 0xfe,
    0x5f, 0xff, 0xf5, 0x0, 0x0, 0x0, 0x0, 0x0,
    0xd, 0xff, 0xfe, 0x5f, 0xff, 0xf5, 0x0, 0x0,
    0x0, 0x0, 0x0, 0xd, 0xff, 0xfe, 0x5f, 0xff,
    0xf5, 0x0, 0x0, 0x0, 0x0, 0x0, 0xd, 0xff,
    0xfe, 0x5f, 0xff, 0xf5, 0x0, 0x0, 0x0, 0x0,
    0x0, 0xd, 0xff, 0xfe, 0x5f, 0xff, 0xf5, 0x0,
    0x0, 0x0, 0x0, 0x0, 0xd, 0xff, 0xfe, 0x5f,
    0xff, 0xf5, 0x0, 0x0, 0x0, 0x0, 0x0, 0xd,
    0xff, 0xfe, 0x5f, 0xff, 0xf5, 0x0, 0x0, 0x0,
    0x0, 0x0, 0xd, 0xff, 0xfe, 0x5f, 0xff, 0xf5,
    0x0, 0x0, 0x0, 0x0, 0x0, 0xd, 0xff, 0xfe,
    0x5f, 0xff, 0xf5, 0x0, 0x0, 0x0, 0x0, 0x0,
    0xd, 0xff, 0xff, 0x5f, 0xff, 0xf7, 0x0, 0x0,
    0x0, 0x0, 0x0, 0xf, 0xff, 0xff, 0x3f, 0xff,
    0xfc, 0x0, 0x0, 0x0, 0x0, 0x0, 0x4f, 0xff,
    0xff, 0xe, 0xff, 0xff, 0x50, 0x0, 0x0, 0x0,
    0x0, 0xdf, 0xff, 0xfe, 0x9, 0xff, 0xff, 0xf5,
    0x0, 0x0, 0x0, 0x1b, 0xff, 0xff, 0xf3, 0x1,
    0xff, 0xff, 0xff, 0xc6, 0x43, 0x59, 0xff, 0xff,
    0xff, 0xf0, 0x0, 0x5f, 0xff, 0xff, 0xff, 0xff,
    0xff, 0xff, 0xff, 0xff, 0x0, 0x0, 0x5, 0xff,
    0xff, 0xff, 0xff, 0xff, 0xff, 0xff, 0xf1, 0x0,
    0x0, 0x0, 0x2b, 0xff, 0xff, 0xff, 0xff, 0xff,
    0xfc, 0x0, 0x0, 0x0, 0x0, 0x0, 0x28, 0xbe,
    0xff, 0xff, 0xfe, 0x10, 0x0, 0x0, 0x0, 0x0,
    0x0, 0x0, 0x6, 0xff, 0xfb, 0x10, 0x0, 0x0,
    0x0, 0x0, 0x0, 0x0, 0x0, 0x5f, 0xff, 0x90,
    0x0, 0x0, 0x0, 0x0, 0x0, 0x0, 0x0, 0x0,
    0xdf, 0xff, 0x20, 0x0, 0x0, 0x0, 0x0, 0x0,
    0x0, 0x0, 0x0, 0xff, 0xff, 0x61, 0x40, 0x0,
    0x0, 0x0, 0x0, 0x0, 0x0, 0x0, 0xdf, 0xff,
    0xff, 0xf4, 0x0, 0x0, 0x0, 0x0, 0x0, 0x0,
    0x0, 0x5f, 0xff, 0xff, 0xfb, 0x0, 0x0, 0x0,
    0x0, 0x0, 0x0, 0x0, 0x3, 0xae, 0xfe, 0xb5,
    0x0, 0x0, 0x0,

    /* U+0173 "ų" */
    0x9f, 0xff, 0xf0, 0x0, 0x0, 0x0, 0xf, 0xff,
    0xfa, 0x9, 0xff, 0xff, 0x0, 0x0, 0x0, 0x0,
    0xff, 0xff, 0xa0, 0x9f, 0xff, 0xf0, 0x0, 0x0,
    0x0, 0xf, 0xff, 0xfa, 0x9, 0xff, 0xff, 0x0,
    0x0, 0x0, 0x0, 0xff, 0xff, 0xa0, 0x9f, 0xff,
    0xf0, 0x0, 0x0, 0x0, 0xf, 0xff, 0xfa, 0x9,
    0xff, 0xff, 0x0, 0x0, 0x0, 0x0, 0xff, 0xff,
    0xa0, 0x9f, 0xff, 0xf0, 0x0, 0x0, 0x0, 0xf,
    0xff, 0xfa, 0x9, 0xff, 0xff, 0x0, 0x0, 0x0,
    0x0, 0xff, 0xff, 0xa0, 0x9f, 0xff, 0xf0, 0x0,
    0x0, 0x0, 0xf, 0xff, 0xfa, 0x9, 0xff, 0xff,
    0x0, 0x0, 0x0, 0x0, 0xff, 0xff, 0xa0, 0x9f,
    0xff, 0xf0, 0x0, 0x0, 0x0, 0xf, 0xff, 0xfa,
    0x9, 0xff, 0xff, 0x0, 0x0, 0x0, 0x0, 0xff,
    0xff, 0xa0, 0x9f, 0xff, 0xf0, 0x0, 0x0, 0x0,
    0xf, 0xff, 0xfa, 0x8, 0xff, 0xff, 0x30, 0x0,
    0x0, 0x4, 0xff, 0xff, 0xa0, 0x6f, 0xff, 0xfb,
    0x0, 0x0, 0x0, 0xcf, 0xff, 0xfa, 0x2, 0xff,
    0xff, 0xfa, 0x10, 0x3, 0xcf, 0xff, 0xff, 0xa0,
    0xc, 0xff, 0xff, 0xff, 0xef, 0xff, 0xdc, 0xff,
    0xfa, 0x0, 0x3f, 0xff, 0xff, 0xff, 0xff, 0xf4,
    0xbf, 0xff, 0xa0, 0x0, 0x4f, 0xff, 0xff, 0xff,
    0xf6, 0xb, 0xff, 0xfa, 0x0, 0x0, 0x18, 0xcf,
    0xfd, 0x92, 0x0, 0xff, 0xff, 0xa0, 0x0, 0x0,
    0x0, 0x0, 0x0, 0x0, 0xcf, 0xff, 0x91, 0x0,
    0x0, 0x0, 0x0, 0x0, 0x0, 0xaf, 0xff, 0x50,
    0x0, 0x0, 0x0, 0x0, 0x0, 0x0, 0x2f, 0xff,
    0xc0, 0x0, 0x0, 0x0, 0x0, 0x0, 0x0, 0x5,
    0xff, 0xfe, 0x21, 0x30, 0x0, 0x0, 0x0, 0x0,
    0x0, 0x4f, 0xff, 0xff, 0xfe, 0x0, 0x0, 0x0,
    0x0, 0x0, 0x0, 0xbf, 0xff, 0xff, 0xf5, 0x0,
    0x0, 0x0, 0x0, 0x0, 0x0, 0x6c, 0xef, 0xd9,
    0x20,

    /* U+0174 "Ŵ" */
    0x0, 0x0, 0x0, 0x0, 0x0, 0x0, 0x0, 0x0,
    0x58, 0x88, 0x30, 0x0, 0x0, 0x0, 0x0, 0x0,
    0x0, 0x0, 0x0, 0x0, 0x0, 0x0, 0x0, 0x0,
    0x0, 0x5, 0xff, 0xff, 0xe2, 0x0, 0x0, 0x0,
    0x0, 0x0, 0x0, 0x0, 0x0, 0x0, 0x0, 0x0,
    0x0, 0x0, 0x0, 0x4f, 0xff, 0xff, 0xfd, 0x10,
    0x0, 0x0, 0x0, 0x0, 0x0, 0x0, 0x0, 0x0,
    0x0, 0x0, 0x0, 0x0, 0x3, 0xff, 0xfc, 0x2f,
    0xff, 0xc0, 0x0, 0x0, 0x0, 0x0, 0x0, 0x0,
    0x0, 0x0, 0x0, 0x0, 0x0, 0x0, 0x2e, 0xff,
    0xe1, 0x4, 0xff, 0xfa, 0x0, 0x0, 0x0, 0x0,
    0x0, 0x0, 0x0, 0x0, 0x0, 0x0, 0x0, 0x1,
    0xdf, 0xff, 0x40, 0x0, 0x8f, 0xff, 0x80, 0x0,
    0x0, 0x0, 0x0, 0x0, 0x0, 0x0, 0x0, 0x0,
    0x0, 0x0, 0x0, 0x0, 0x0, 0x0, 0x0, 0x0,
    0x0, 0x0, 0x0, 0x0, 0x0, 0x0, 0x0, 0x0,
    0x0, 0x0, 0x0, 0x0, 0x0, 0x0, 0x0, 0x0,
    0x0, 0x0, 0x0, 0x0, 0x0, 0x0, 0x0, 0x0,
    0x0, 0x0, 0x0, 0x0, 0x0, 0x0, 0x0, 0x0,
    0x0, 0x0, 0x0, 0x0, 0x0, 0x0, 0x0, 0x0,
    0x0, 0x0, 0xf, 0xff, 0xff, 0x0, 0x0, 0x0,
    0x0, 0x4, 0xff, 0xff, 0xf0, 0x0, 0x0, 0x0,
    0x0, 0x5f, 0xff, 0xfb, 0xb, 0xff, 0xff, 0x40,
    0x0, 0x0, 0x0, 0x8, 0xff, 0xff, 0xf3, 0x0,
    0x0, 0x0, 0x0, 0x9f, 0xff, 0xf6, 0x7, 0xff,
    0xff, 0x80, 0x0, 0x0, 0x0, 0xc, 0xff, 0xff,
    0xf7, 0x0, 0x0, 0x0, 0x0, 0xdf, 0xff, 0xf2,
    0x2, 0xff, 0xff, 0xc0, 0x0, 0x0, 0x0, 0xf,
    0xff, 0xff, 0xfb, 0x0, 0x0, 0x0, 0x1, 0xff,
    0xff, 0xe0, 0x0, 0xef, 0xff, 0xf0, 0x0, 0x0,
    0x0, 0x4f, 0xff, 0xff, 0xff, 0x0, 0x0, 0x0,
    0x5, 0xff, 0xff, 0x90, 0x0, 0xaf, 0xff, 0xf4,
    0x0, 0x0, 0x0, 0x8f, 0xff, 0xff, 0xff, 0x30,
    0x0, 0x0, 0x9, 0xff, 0xff, 0x50, 0x0, 0x5f,
    0xff, 0xf8, 0x0, 0x0, 0x0, 0xcf, 0xff, 0xaf,
    0xff, 0x80, 0x0, 0x0, 0xd, 0xff, 0xff, 0x10,
    0x0, 0x1f, 0xff, 0xfc, 0x0, 0x0, 0x0, 0xff,
    0xff, 0x5f, 0xff, 0xc0, 0x0, 0x0, 0x1f, 0xff,
    0xfc, 0x0, 0x0, 0xd, 0xff, 0xff, 0x0, 0x0,
    0x4, 0xff, 0xfd, 0x2f, 0xff, 0xf0, 0x0, 0x0,
    0x4f, 0xff, 0xf8, 0x0, 0x0, 0x8, 0xff, 0xff,
    0x40, 0x0, 0x8, 0xff, 0xf9, 0xe, 0xff, 0xf4,
    0x0, 0x0, 0x8f, 0xff, 0xf4, 0x0, 0x0, 0x4,
    0xff, 0xff, 0x80, 0x0, 0xd, 0xff, 0xf6, 0xb,
    0xff, 0xf8, 0x0, 0x0, 0xcf, 0xff, 0xf0, 0x0,
    0x0, 0x0, 0xff, 0xff, 0xb0, 0x0, 0x1f, 0xff,
    0xf2, 0x7, 0xff, 0xfc, 0x0, 0x0, 0xff, 0xff,
    0xb0, 0x0, 0x0, 0x0, 0xbf, 0xff, 0xf0, 0x0,
    0x5f, 0xff, 0xe0, 0x3, 0xff, 0xff, 0x0, 0x4,
    0xff, 0xff, 0x70, 0x0, 0x0, 0x0, 0x7f, 0xff,
    0xf3, 0x0, 0x9f, 0xff, 0xa0, 0x0, 0xef, 0xff,
    0x40, 0x8, 0xff, 0xff, 0x20, 0x0, 0x0, 0x0,
    0x2f, 0xff, 0xf7, 0x0, 0xdf, 0xff, 0x60, 0x0,
    0xaf, 0xff, 0x80, 0xb, 0xff, 0xfe, 0x0, 0x0,
    0x0, 0x0, 0xe, 0xff, 0xfa, 0x0, 0xff, 0xff,
    0x10, 0x0, 0x6f, 0xff, 0xb0, 0xf, 0xff, 0xf9,
    0x0, 0x0, 0x0, 0x0, 0xa, 0xff, 0xfd, 0x4,
    0xff, 0xfd, 0x0, 0x0, 0x2f, 0xff, 0xf0, 0x2f,
    0xff, 0xf5, 0x0, 0x0, 0x0, 0x0, 0x5, 0xff,
    0xff, 0x17, 0xff, 0xf9, 0x0, 0x0, 0xe, 0xff,
    0xf3, 0x5f, 0xff, 0xf1, 0x0, 0x0, 0x0, 0x0,
    0x1, 0xff, 0xff, 0x3a, 0xff, 0xf5, 0x0, 0x0,
    0x9, 0xff, 0xf6, 0x8f, 0xff, 0xc0, 0x0, 0x0,
    0x0, 0x0, 0x0, 0xdf, 0xff, 0x6d, 0xff, 0xf1,
    0x0, 0x0, 0x5, 0xff, 0xf9, 0xbf, 0xff, 0x80,
    0x0, 0x0, 0x0, 0x0, 0x0, 0x8f, 0xff, 0xaf,
    0xff, 0xc0, 0x0, 0x0, 0x1, 0xff, 0xfc, 0xef,
    0xff, 0x40, 0x0, 0x0, 0x0, 0x0, 0x0, 0x4f,
    0xff, 0xff, 0xff, 0x80, 0x0, 0x0, 0x0, 0xdf,
    0xff, 0xff, 0xff, 0x0, 0x0, 0x0, 0x0, 0x0,
    0x0, 0xf, 0xff, 0xff, 0xff, 0x40, 0x0, 0x0,
    0x0, 0x8f, 0xff, 0xff, 0xfb, 0x0, 0x0, 0x0,
    0x0, 0x0, 0x0, 0xb, 0xff, 0xff, 0xff, 0x0,
    0x0, 0x0, 0x0, 0x4f, 0xff, 0xff, 0xf7, 0x0,
    0x0, 0x0, 0x0, 0x0, 0x0, 0x7, 0xff, 0xff,
    0xfb, 0x0, 0x0, 0x0, 0x0, 0xf, 0xff, 0xff,
    0xf2, 0x0, 0x0, 0x0, 0x0, 0x0, 0x0, 0x2,
    0xff, 0xff, 0xf7, 0x0, 0x0, 0x0, 0x0, 0xc,
    0xff, 0xff, 0xe0, 0x0, 0x0, 0x0,

    /* U+0175 "ŵ" */
    0x0, 0x0, 0x0, 0x0, 0x0, 0x0, 0x7, 0x88,
    0x71, 0x0, 0x0, 0x0, 0x0, 0x0, 0x0, 0x0,
    0x0, 0x0, 0x0, 0x0, 0x0, 0xbf, 0xff, 0xfd,
    0x10, 0x0, 0x0, 0x0, 0x0, 0x0, 0x0, 0x0,
    0x0, 0x0, 0x0, 0xb, 0xff, 0xfe, 0xff, 0xc0,
    0x0, 0x0, 0x0, 0x0, 0x0, 0x0, 0x0, 0x0,
    0x0, 0x0, 0xaf, 0xff, 0x52, 0xff, 0xfc, 0x0,
    0x0, 0x0, 0x0, 0x0, 0x0, 0x0, 0x0, 0x0,
    0xa, 0xff, 0xf7, 0x0, 0x4f, 0xff, 0xb0, 0x0,
    0x0, 0x0, 0x0, 0x0, 0x0, 0x0, 0x0, 0x38,
    0x88, 0x60, 0x0, 0x4, 0x88, 0x83, 0x0, 0x0,
    0x0, 0x0, 0x0, 0x0, 0x0, 0x0, 0x0, 0x0,
    0x0, 0x0, 0x0, 0x0, 0x0, 0x0, 0x0, 0x0,
    0x0, 0x0, 0x0, 0x0, 0x0, 0x0, 0x0, 0x0,
    0x0, 0x0, 0x0, 0x0, 0x0, 0x0, 0x0, 0x0,
    0x1f, 0xff, 0xfb, 0x0, 0x0, 0x0, 0x2f, 0xff,
    0xf6, 0x0, 0x0, 0x0, 0x8f, 0xff, 0xf4, 0xc,
    0xff, 0xff, 0x0, 0x0, 0x0, 0x6f, 0xff, 0xfa,
    0x0, 0x0, 0x0, 0xcf, 0xff, 0xf0, 0x7, 0xff,
    0xff, 0x30, 0x0, 0x0, 0xaf, 0xff, 0xfe, 0x0,
    0x0, 0x0, 0xff, 0xff, 0xb0, 0x3, 0xff, 0xff,
    0x70, 0x0, 0x0, 0xef, 0xff, 0xff, 0x20, 0x0,
    0x4, 0xff, 0xff, 0x60, 0x0, 0xef, 0xff, 0xb0,
    0x0, 0x3, 0xff, 0xff, 0xff, 0x60, 0x0, 0x8,
    0xff, 0xff, 0x10, 0x0, 0x9f, 0xff, 0xf0, 0x0,
    0x7, 0xff, 0xfe, 0xff, 0xa0, 0x0, 0xc, 0xff,
    0xfd, 0x0, 0x0, 0x5f, 0xff, 0xf3, 0x0, 0xb,
    0xff, 0xda, 0xff, 0xe0, 0x0, 0xf, 0xff, 0xf8,
    0x0, 0x0, 0xf, 0xff, 0xf7, 0x0, 0xf, 0xff,
    0x96, 0xff, 0xf2, 0x0, 0x4f, 0xff, 0xf3, 0x0,
    0x0, 0xb, 0xff, 0xfa, 0x0, 0x3f, 0xff, 0x63,
    0xff, 0xf6, 0x0, 0x8f, 0xff, 0xe0, 0x0, 0x0,
    0x7, 0xff, 0xfe, 0x0, 0x7f, 0xff, 0x20, 0xef,
    0xfa, 0x0, 0xbf, 0xff, 0xa0, 0x0, 0x0, 0x2,
    0xff, 0xff, 0x20, 0xaf, 0xfe, 0x0, 0xbf, 0xfe,
    0x0, 0xff, 0xff, 0x50, 0x0, 0x0, 0x0, 0xdf,
    0xff, 0x50, 0xef, 0xfa, 0x0, 0x7f, 0xff, 0x13,
    0xff, 0xff, 0x10, 0x0, 0x0, 0x0, 0x9f, 0xff,
    0x92, 0xff, 0xf5, 0x0, 0x2f, 0xff, 0x56, 0xff,
    0xfc, 0x0, 0x0, 0x0, 0x0, 0x4f, 0xff, 0xc5,
    0xff, 0xf1, 0x0, 0xe, 0xff, 0x89, 0xff, 0xf7,
    0x0, 0x0, 0x0, 0x0, 0xf, 0xff, 0xf9, 0xff,
    0xc0, 0x0, 0x9, 0xff, 0xcc, 0xff, 0xf2, 0x0,
    0x0, 0x0, 0x0, 0xb, 0xff, 0xfe, 0xff, 0x80,
    0x0, 0x5, 0xff, 0xff, 0xff, 0xe0, 0x0, 0x0,
    0x0, 0x0, 0x6, 0xff, 0xff, 0xff, 0x30, 0x0,
    0x0, 0xff, 0xff, 0xff, 0x90, 0x0, 0x0, 0x0,
    0x0, 0x1, 0xff, 0xff, 0xff, 0x0, 0x0, 0x0,
    0xcf, 0xff, 0xff, 0x40, 0x0, 0x0, 0x0, 0x0,
    0x0, 0xdf, 0xff, 0xfa, 0x0, 0x0, 0x0, 0x7f,
    0xff, 0xff, 0x0, 0x0, 0x0, 0x0, 0x0, 0x0,
    0x8f, 0xff, 0xf6, 0x0, 0x0, 0x0, 0x3f, 0xff,
    0xfb, 0x0, 0x0, 0x0,

    /* U+0176 "Ŷ" */
    0x0, 0x0, 0x0, 0x0, 0x0, 0x4, 0x44, 0x30,
    0x0, 0x0, 0x0, 0x0, 0x0, 0x0, 0x0, 0x0,
    0x0, 0xa, 0xff, 0xff, 0x50, 0x0, 0x0, 0x0,
    0x0, 0x0, 0x0, 0x0, 0x0, 0x9, 0xff, 0xff,
    0xff, 0x40, 0x0, 0x0, 0x0, 0x0, 0x0, 0x0,
    0x0, 0x7, 0xff, 0xf7, 0xcf, 0xff, 0x20, 0x0,
    0x0, 0x0, 0x0, 0x0, 0x0, 0x6, 0xff, 0xfa,
    0x1, 0xef, 0xfe, 0x10, 0x0, 0x0, 0x0, 0x0,
    0x0, 0x4, 0xff, 0xfd, 0x0, 0x3, 0xff, 0xfd,
    0x0, 0x0, 0x0, 0x0, 0x0, 0x0, 0x12, 0x22,
    0x10, 0x0, 0x1, 0x22, 0x20, 0x0, 0x0, 0x0,
    0x0, 0x0, 0x0, 0x0, 0x0, 0x0, 0x0, 0x0,
    0x0, 0x0, 0x0, 0x0, 0x0, 0x0, 0x0, 0x0,
    0x0, 0x0, 0x0, 0x0, 0x0, 0x0, 0x0, 0x0,
    0x0, 0xcf, 0xff, 0xfa, 0x0, 0x0, 0x0, 0x0,
    0x0, 0x0, 0xef, 0xff, 0xf7, 0x3, 0xff, 0xff,
    0xf3, 0x0, 0x0, 0x0, 0x0, 0x0, 0x7f, 0xff,
    0xfd, 0x0, 0x9, 0xff, 0xff, 0xc0, 0x0, 0x0,
    0x0, 0x0, 0x1f, 0xff, 0xff, 0x40, 0x0, 0x1e,
    0xff, 0xff, 0x50, 0x0, 0x0, 0x0, 0x9, 0xff,
    0xff, 0xb0, 0x0, 0x0, 0x6f, 0xff, 0xfe, 0x0,
    0x0, 0x0, 0x2, 0xff, 0xff, 0xf2, 0x0, 0x0,
    0x0, 0xcf, 0xff, 0xf8, 0x0, 0x0, 0x0, 0xbf,
    0xff, 0xf7, 0x0, 0x0, 0x0, 0x3, 0xff, 0xff,
    0xf1, 0x0, 0x0, 0x4f, 0xff, 0xfd, 0x0, 0x0,
    0x0, 0x0, 0x9, 0xff, 0xff, 0xa0, 0x0, 0xd,
    0xff, 0xff, 0x40, 0x0, 0x0, 0x0, 0x0, 0xe,
    0xff, 0xff, 0x30, 0x6, 0xff, 0xff, 0xb0, 0x0,
    0x0, 0x0, 0x0, 0x0, 0x5f, 0xff, 0xfb, 0x0,
    0xef, 0xff, 0xf2, 0x0, 0x0, 0x0, 0x0, 0x0,
    0x0, 0xcf, 0xff, 0xf3, 0x6f, 0xff, 0xf7, 0x0,
    0x0, 0x0, 0x0, 0x0, 0x0, 0x2, 0xff, 0xff,
    0xad, 0xff, 0xfd, 0x0, 0x0, 0x0, 0x0, 0x0,
    0x0, 0x0, 0x8, 0xff, 0xff, 0xff, 0xff, 0x40,
    0x0, 0x0, 0x0, 0x0, 0x0, 0x0, 0x0, 0xe,
    0xff, 0xff, 0xff, 0xb0, 0x0, 0x0, 0x0, 0x0,
    0x0, 0x0, 0x0, 0x0, 0x5f, 0xff, 0xff, 0xf2,
    0x0, 0x0, 0x0, 0x0, 0x0, 0x0, 0x0, 0x0,
    0x0, 0xbf, 0xff, 0xf7, 0x0, 0x0, 0x0, 0x0,
    0x0, 0x0, 0x0, 0x0, 0x0, 0x7, 0xff, 0xff,
    0x30, 0x0, 0x0, 0x0, 0x0, 0x0, 0x0, 0x0,
    0x0, 0x0, 0x7f, 0xff, 0xf3, 0x0, 0x0, 0x0,
    0x0, 0x0, 0x0, 0x0, 0x0, 0x0, 0x7, 0xff,
    0xff, 0x30, 0x0, 0x0, 0x0, 0x0, 0x0, 0x0,
    0x0, 0x0, 0x0, 0x7f, 0xff, 0xf3, 0x0, 0x0,
    0x0, 0x0, 0x0, 0x0, 0x0, 0x0, 0x0, 0x7,
    0xff, 0xff, 0x30, 0x0, 0x0, 0x0, 0x0, 0x0,
    0x0, 0x0, 0x0, 0x0, 0x7f, 0xff, 0xf3, 0x0,
    0x0, 0x0, 0x0, 0x0, 0x0, 0x0, 0x0, 0x0,
    0x7, 0xff, 0xff, 0x30, 0x0, 0x0, 0x0, 0x0,
    0x0, 0x0, 0x0, 0x0, 0x0, 0x7f, 0xff, 0xf3,
    0x0, 0x0, 0x0, 0x0, 0x0, 0x0, 0x0, 0x0,
    0x0, 0x7, 0xff, 0xff, 0x30, 0x0, 0x0, 0x0,
    0x0, 0x0, 0x0, 0x0, 0x0, 0x0, 0x7f, 0xff,
    0xf3, 0x0, 0x0, 0x0, 0x0, 0x0,

    /* U+0177 "ŷ" */
    0x0, 0x0, 0x0, 0x0, 0xbf, 0xff, 0xd1, 0x0,
    0x0, 0x0, 0x0, 0x0, 0x0, 0x0, 0xaf, 0xff,
    0xff, 0xd1, 0x0, 0x0, 0x0, 0x0, 0x0, 0x0,
    0xaf, 0xff, 0x6e, 0xff, 0xc0, 0x0, 0x0, 0x0,
    0x0, 0x0, 0xaf, 0xff, 0x60, 0x3f, 0xff, 0xc0,
    0x0, 0x0, 0x0, 0x0, 0x9f, 0xff, 0x80, 0x0,
    0x5f, 0xff, 0xb0, 0x0, 0x0, 0x0, 0x0, 0x0,
    0x0, 0x0, 0x0, 0x0, 0x0, 0x0, 0x0, 0x0,
    0x0, 0x0, 0x0, 0x0, 0x0, 0x0, 0x0, 0x0,
    0x0, 0x0, 0x0, 0x0, 0x0, 0x0, 0x0, 0x0,
    0x0, 0x0, 0x0, 0x0, 0x2f, 0xff, 0xfb, 0x0,
    0x0, 0x0, 0x0, 0x8, 0xff, 0xff, 0x40, 0xbf,
    0xff, 0xf1, 0x0, 0x0, 0x0, 0x0, 0xdf, 0xff,
    0xe0, 0x5, 0xff, 0xff, 0x60, 0x0, 0x0, 0x0,
    0x3f, 0xff, 0xf8, 0x0, 0xf, 0xff, 0xfc, 0x0,
    0x0, 0x0, 0x9, 0xff, 0xff, 0x20, 0x0, 0x9f,
    0xff, 0xf1, 0x0, 0x0, 0x0, 0xef, 0xff, 0xc0,
    0x0, 0x3, 0xff, 0xff, 0x60, 0x0, 0x0, 0x4f,
    0xff, 0xf6, 0x0, 0x0, 0xd, 0xff, 0xfc, 0x0,
    0x0, 0x9, 0xff, 0xff, 0x0, 0x0, 0x0, 0x7f,
    0xff, 0xf1, 0x0, 0x0, 0xef, 0xff, 0xa0, 0x0,
    0x0, 0x1, 0xff, 0xff, 0x60, 0x0, 0x4f, 0xff,
    0xf3, 0x0, 0x0, 0x0, 0xb, 0xff, 0xfc, 0x0,
    0xa, 0xff, 0xfd, 0x0, 0x0, 0x0, 0x0, 0x5f,
    0xff, 0xf1, 0x0, 0xff, 0xff, 0x70, 0x0, 0x0,
    0x0, 0x0, 0xef, 0xff, 0x60, 0x5f, 0xff, 0xf1,
    0x0, 0x0, 0x0, 0x0, 0x9, 0xff, 0xfb, 0x9,
    0xff, 0xfb, 0x0, 0x0, 0x0, 0x0, 0x0, 0x3f,
    0xff, 0xf0, 0xef, 0xff, 0x50, 0x0, 0x0, 0x0,
    0x0, 0x0, 0xdf, 0xff, 0x6f, 0xff, 0xe0, 0x0,
    0x0, 0x0, 0x0, 0x0, 0x7, 0xff, 0xfd, 0xff,
    0xf9, 0x0, 0x0, 0x0, 0x0, 0x0, 0x0, 0x1f,
    0xff, 0xff, 0xff, 0x30, 0x0, 0x0, 0x0, 0x0,
    0x0, 0x0, 0xbf, 0xff, 0xff, 0xc0, 0x0, 0x0,
    0x0, 0x0, 0x0, 0x0, 0x5, 0xff, 0xff, 0xf6,
    0x0, 0x0, 0x0, 0x0, 0x0, 0x0, 0x0, 0xf,
    0xff, 0xff, 0x10, 0x0, 0x0, 0x0, 0x0, 0x0,
    0x0, 0x1, 0xff, 0xff, 0xa0, 0x0, 0x0, 0x0,
    0x0, 0x0, 0x0, 0x0, 0x5f, 0xff, 0xf4, 0x0,
    0x0, 0x0, 0x0, 0x0, 0x0, 0x0, 0x1d, 0xff,
    0xfd, 0x0, 0x0, 0x0, 0x0, 0x0, 0x0, 0xcc,
    0xcf, 0xff, 0xff, 0x50, 0x0, 0x0, 0x0, 0x0,
    0x0, 0x2f, 0xff, 0xff, 0xff, 0xb0, 0x0, 0x0,
    0x0, 0x0, 0x0, 0x7, 0xff, 0xff, 0xff, 0xb0,
    0x0, 0x0, 0x0, 0x0, 0x0, 0x0, 0x7d, 0xff,
    0xeb, 0x50, 0x0, 0x0, 0x0, 0x0, 0x0, 0x0,

    /* U+0178 "Ÿ" */
    0x0, 0x0, 0x0, 0x6, 0xee, 0x60, 0x0, 0xa,
    0xfc, 0x30, 0x0, 0x0, 0x0, 0x0, 0x0, 0x3,
    0xff, 0xff, 0x30, 0x8, 0xff, 0xfe, 0x0, 0x0,
    0x0, 0x0, 0x0, 0x0, 0x5f, 0xff, 0xf6, 0x0,
    0xbf, 0xff, 0xf1, 0x0, 0x0, 0x0, 0x0, 0x0,
    0x2, 0xff, 0xff, 0x20, 0x7, 0xff, 0xfc, 0x0,
    0x0, 0x0, 0x0, 0x0, 0x0, 0x4, 0xbb, 0x40,
    0x0, 0x7, 0xc9, 0x10, 0x0, 0x0, 0x0, 0x0,
    0x0, 0x0, 0x0, 0x0, 0x0, 0x0, 0x0, 0x0,
    0x0, 0x0, 0x0, 0x0, 0x0, 0x0, 0x0, 0x0,
    0x0, 0x0, 0x0, 0x0, 0x0, 0x0, 0x0, 0x0,
    0x0, 0x0, 0x0, 0x0, 0x0, 0x0, 0x0, 0x0,
    0x0, 0x0, 0x0, 0x0, 0xc, 0xff, 0xff, 0xa0,
    0x0, 0x0, 0x0, 0x0, 0x0, 0xe, 0xff, 0xff,
    0x70, 0x3f, 0xff, 0xff, 0x30, 0x0, 0x0, 0x0,
    0x0, 0x7, 0xff, 0xff, 0xd0, 0x0, 0x9f, 0xff,
    0xfc, 0x0, 0x0, 0x0, 0x0, 0x1, 0xff, 0xff,
    0xf4, 0x0, 0x1, 0xef, 0xff, 0xf5, 0x0, 0x0,
    0x0, 0x0, 0x9f, 0xff, 0xfb, 0x0, 0x0, 0x6,
    0xff, 0xff, 0xe0, 0x0, 0x0, 0x0, 0x2f, 0xff,
    0xff, 0x20, 0x0, 0x0, 0xc, 0xff, 0xff, 0x80,
    0x0, 0x0, 0xb, 0xff, 0xff, 0x70, 0x0, 0x0,
    0x0, 0x3f, 0xff, 0xff, 0x10, 0x0, 0x4, 0xff,
    0xff, 0xd0, 0x0, 0x0, 0x0, 0x0, 0x9f, 0xff,
    0xfa, 0x0, 0x0, 0xdf, 0xff, 0xf4, 0x0, 0x0,
    0x0, 0x0, 0x0, 0xef, 0xff, 0xf3, 0x0, 0x6f,
    0xff, 0xfb, 0x0, 0x0, 0x0, 0x0, 0x0, 0x5,
    0xff, 0xff, 0xb0, 0xe, 0xff, 0xff, 0x20, 0x0,
    0x0, 0x0, 0x0, 0x0, 0xc, 0xff, 0xff, 0x36,
    0xff, 0xff, 0x70, 0x0, 0x0, 0x0, 0x0, 0x0,
    0x0, 0x2f, 0xff, 0xfa, 0xdf, 0xff, 0xd0, 0x0,
    0x0, 0x0, 0x0, 0x0, 0x0, 0x0, 0x8f, 0xff,
    0xff, 0xff, 0xf4, 0x0, 0x0, 0x0, 0x0, 0x0,
    0x0, 0x0, 0x0, 0xef, 0xff, 0xff, 0xfb, 0x0,
    0x0, 0x0, 0x0, 0x0, 0x0, 0x0, 0x0, 0x5,
    0xff, 0xff, 0xff, 0x20, 0x0, 0x0, 0x0, 0x0,
    0x0, 0x0, 0x0, 0x0, 0xb, 0xff, 0xff, 0x70,
    0x0, 0x0, 0x0, 0x0, 0x0, 0x0, 0x0, 0x0,
    0x0, 0x7f, 0xff, 0xf3, 0x0, 0x0, 0x0, 0x0,
    0x0, 0x0, 0x0, 0x0, 0x0, 0x7, 0xff, 0xff,
    0x30, 0x0, 0x0, 0x0, 0x0, 0x0, 0x0, 0x0,
    0x0, 0x0, 0x7f, 0xff, 0xf3, 0x0, 0x0, 0x0,
    0x0, 0x0, 0x0, 0x0, 0x0, 0x0, 0x7, 0xff,
    0xff, 0x30, 0x0, 0x0, 0x0, 0x0, 0x0, 0x0,
    0x0, 0x0, 0x0, 0x7f, 0xff, 0xf3, 0x0, 0x0,
    0x0, 0x0, 0x0, 0x0, 0x0, 0x0, 0x0, 0x7,
    0xff, 0xff, 0x30, 0x0, 0x0, 0x0, 0x0, 0x0,
    0x0, 0x0, 0x0, 0x0, 0x7f, 0xff, 0xf3, 0x0,
    0x0, 0x0, 0x0, 0x0, 0x0, 0x0, 0x0, 0x0,
    0x7, 0xff, 0xff, 0x30, 0x0, 0x0, 0x0, 0x0,
    0x0, 0x0, 0x0, 0x0, 0x0, 0x7f, 0xff, 0xf3,
    0x0, 0x0, 0x0, 0x0, 0x0, 0x0, 0x0, 0x0,
    0x0, 0x7, 0xff, 0xff, 0x30, 0x0, 0x0, 0x0,
    0x0,

    /* U+0179 "Ź" */
    0x0, 0x0, 0x0, 0x0, 0x0, 0x36, 0x66, 0x50,
    0x0, 0x0, 0x0, 0x0, 0x0, 0x0, 0x0, 0xef,
    0xff, 0x40, 0x0, 0x0, 0x0, 0x0, 0x0, 0x0,
    0x6, 0xff, 0xfa, 0x0, 0x0, 0x0, 0x0, 0x0,
    0x0, 0x0, 0xd, 0xff, 0xe1, 0x0, 0x0, 0x0,
    0x0, 0x0, 0x0, 0x0, 0x4f, 0xff, 0x50, 0x0,
    0x0, 0x0, 0x0, 0x0, 0x0, 0x0, 0xbf, 0xfb,
    0x0, 0x0, 0x0, 0x0, 0x0, 0x0, 0x0, 0x0,
    0x0, 0x0, 0x0, 0x0, 0x0, 0x0, 0x0, 0x0,
    0x0, 0x0, 0x0, 0x0, 0x0, 0x0, 0x0, 0x0,
    0x0, 0x0, 0x0, 0x0, 0x0, 0x0, 0x0, 0x0,
    0x0, 0x0, 0xff, 0xff, 0xff, 0xff, 0xff, 0xff,
    0xff, 0xff, 0xff, 0xf6, 0xff, 0xff, 0xff, 0xff,
    0xff, 0xff, 0xff, 0xff, 0xff, 0xf6, 0xff, 0xff,
    0xff, 0xff, 0xff, 0xff, 0xff, 0xff, 0xff, 0xf5,
    0xef, 0xff, 0xff, 0xff, 0xff, 0xff, 0xff, 0xff,
    0xff, 0xe1, 0x0, 0x0, 0x0, 0x0, 0x0, 0x0,
    0x9, 0xff, 0xff, 0x40, 0x0, 0x0, 0x0, 0x0,
    0x0, 0x0, 0x6f, 0xff, 0xf9, 0x0, 0x0, 0x0,
    0x0, 0x0, 0x0, 0x3, 0xff, 0xff, 0xd0, 0x0,
    0x0, 0x0, 0x0, 0x0, 0x0, 0xd, 0xff, 0xff,
    0x30, 0x0, 0x0, 0x0, 0x0, 0x0, 0x0, 0xaf,
    0xff, 0xf7, 0x0, 0x0, 0x0, 0x0, 0x0, 0x0,
    0x5, 0xff, 0xff, 0xc0, 0x0, 0x0, 0x0, 0x0,
    0x0, 0x0, 0x1e, 0xff, 0xff, 0x20, 0x0, 0x0,
    0x0, 0x0, 0x0, 0x0, 0xbf, 0xff, 0xf5, 0x0,
    0x0, 0x0, 0x0, 0x0, 0x0, 0x7, 0xff, 0xff,
    0xa0, 0x0, 0x0, 0x0, 0x0, 0x0, 0x0, 0x2f,
    0xff, 0xfe, 0x10, 0x0, 0x0, 0x0, 0x0, 0x0,
    0x0, 0xdf, 0xff, 0xf4, 0x0, 0x0, 0x0, 0x0,
    0x0, 0x0, 0x9, 0xff, 0xff, 0x80, 0x0, 0x0,
    0x0, 0x0, 0x0, 0x0, 0x4f, 0xff, 0xfd, 0x0,
    0x0, 0x0, 0x0, 0x0, 0x0, 0x1, 0xef, 0xff,
    0xf2, 0x0, 0x0, 0x0, 0x0, 0x0, 0x0, 0xa,
    0xff, 0xff, 0x60, 0x0, 0x0, 0x0, 0x0, 0x0,
    0x0, 0x6f, 0xff, 0xfa, 0x0, 0x0, 0x0, 0x0,
    0x0, 0x0, 0x2, 0xff, 0xff, 0xd0, 0x0, 0x0,
    0x0, 0x0, 0x0, 0x0, 0xc, 0xff, 0xfe, 0x20,
    0x0, 0x0, 0x0, 0x0, 0x0, 0x0, 0x7f, 0xff,
    0xff, 0xee, 0xee, 0xee, 0xee, 0xee, 0xee, 0xe6,
    0xef, 0xff, 0xff, 0xff, 0xff, 0xff, 0xff, 0xff,
    0xff, 0xf7, 0xef, 0xff, 0xff, 0xff, 0xff, 0xff,
    0xff, 0xff, 0xff, 0xf7, 0xef, 0xff, 0xff, 0xff,
    0xff, 0xff, 0xff, 0xff, 0xff, 0xf7,

    /* U+017A "ź" */
    0x0, 0x0, 0x0, 0x0, 0x16, 0x66, 0x60, 0x0,
    0x0, 0x0, 0x0, 0x0, 0x9, 0xff, 0xf9, 0x0,
    0x0, 0x0, 0x0, 0x0, 0x1, 0xff, 0xfe, 0x10,
    0x0, 0x0, 0x0, 0x0, 0x0, 0x8f, 0xff, 0x40,
    0x0, 0x0, 0x0, 0x0, 0x0, 0xe, 0xff, 0xa0,
    0x0, 0x0, 0x0, 0x0, 0x0, 0x6, 0xff, 0xe1,
    0x0, 0x0, 0x0, 0x0, 0x0, 0x0, 0x0, 0x0,
    0x0, 0x0, 0x0, 0x0, 0x0, 0x0, 0x0, 0x0,
    0x0, 0x0, 0x0, 0x0, 0x8f, 0xff, 0xff, 0xff,
    0xff, 0xff, 0xff, 0xfe, 0x8, 0xff, 0xff, 0xff,
    0xff, 0xff, 0xff, 0xff, 0xe0, 0x8f, 0xff, 0xff,
    0xff, 0xff, 0xff, 0xff, 0xfe, 0x7, 0xee, 0xee,
    0xee, 0xee, 0xef, 0xff, 0xff, 0xa0, 0x0, 0x0,
    0x0, 0x0, 0x3, 0xff, 0xff, 0xd0, 0x0, 0x0,
    0x0, 0x0, 0x1, 0xdf, 0xff, 0xf3, 0x0, 0x0,
    0x0, 0x0, 0x0, 0xbf, 0xff, 0xf6, 0x0, 0x0,
    0x0, 0x0, 0x0, 0x7f, 0xff, 0xfa, 0x0, 0x0,
    0x0, 0x0, 0x0, 0x4f, 0xff, 0xfd, 0x0, 0x0,
    0x0, 0x0, 0x0, 0x1e, 0xff, 0xff, 0x30, 0x0,
    0x0, 0x0, 0x0, 0xc, 0xff, 0xff, 0x60, 0x0,
    0x0, 0x0, 0x0, 0x9, 0xff, 0xff, 0xa0, 0x0,
    0x0, 0x0, 0x0, 0x5, 0xff, 0xff, 0xd0, 0x0,
    0x0, 0x0, 0x0, 0x2, 0xff, 0xff, 0xf3, 0x0,
    0x0, 0x0, 0x0, 0x0, 0xdf, 0xff, 0xf6, 0x0,
    0x0, 0x0, 0x0, 0x0, 0xaf, 0xff, 0xfa, 0x0,
    0x0, 0x0, 0x0, 0x0, 0x6f, 0xff, 0xff, 0xee,
    0xee, 0xee, 0xee, 0xee, 0x3d, 0xff, 0xff, 0xff,
    0xff, 0xff, 0xff, 0xff, 0xf3, 0xdf, 0xff, 0xff,
    0xff, 0xff, 0xff, 0xff, 0xff, 0x3d, 0xff, 0xff,
    0xff, 0xff, 0xff, 0xff, 0xff, 0xf3,

    /* U+017B "Ż" */
    0x0, 0x0, 0x0, 0x0, 0x0, 0x0, 0x0, 0x0,
    0x0, 0x0, 0x0, 0x0, 0x0, 0x0, 0xaf, 0xe5,
    0x0, 0x0, 0x0, 0x0, 0x0, 0x0, 0x0, 0x9,
    0xff, 0xff, 0x30, 0x0, 0x0, 0x0, 0x0, 0x0,
    0x0, 0xd, 0xff, 0xff, 0x60, 0x0, 0x0, 0x0,
    0x0, 0x0, 0x0, 0x9, 0xff, 0xff, 0x20, 0x0,
    0x0, 0x0, 0x0, 0x0, 0x0, 0x0, 0xaf, 0xd5,
    0x0, 0x0, 0x0, 0x0, 0x0, 0x0, 0x0, 0x0,
    0x0, 0x0, 0x0, 0x0, 0x0, 0x0, 0x0, 0x0,
    0x0, 0x0, 0x0, 0x0, 0x0, 0x0, 0x0, 0x0,
    0x0, 0x0, 0x0, 0x0, 0x0, 0x0, 0x0, 0x0,
    0x0, 0x0, 0xff, 0xff, 0xff, 0xff, 0xff, 0xff,
    0xff, 0xff, 0xff, 0xf6, 0xff, 0xff, 0xff, 0xff,
    0xff, 0xff, 0xff, 0xff, 0xff, 0xf6, 0xff, 0xff,
    0xff, 0xff, 0xff, 0xff, 0xff, 0xff, 0xff, 0xf5,
    0xef, 0xff, 0xff, 0xff, 0xff, 0xff, 0xff, 0xff,
    0xff, 0xe1, 0x0, 0x0, 0x0, 0x0, 0x0, 0x0,
    0x9, 0xff, 0xff, 0x40, 0x0, 0x0, 0x0, 0x0,
    0x0, 0x0, 0x6f, 0xff, 0xf9, 0x0, 0x0, 0x0,
    0x0, 0x0, 0x0, 0x3, 0xff, 0xff, 0xd0, 0x0,
    0x0, 0x0, 0x0, 0x0, 0x0, 0xd, 0xff, 0xff,
    0x30, 0x0, 0x0, 0x0, 0x0, 0x0, 0x0, 0xaf,
    0xff, 0xf7, 0x0, 0x0, 0x0, 0x0, 0x0, 0x0,
    0x5, 0xff, 0xff, 0xc0, 0x0, 0x0, 0x0, 0x0,
    0x0, 0x0, 0x1e, 0xff, 0xff, 0x20, 0x0, 0x0,
    0x0, 0x0, 0x0, 0x0, 0xbf, 0xff, 0xf5, 0x0,
    0x0, 0x0, 0x0, 0x0, 0x0, 0x7, 0xff, 0xff,
    0xa0, 0x0, 0x0, 0x0, 0x0, 0x0, 0x0, 0x2f,
    0xff, 0xfe, 0x10, 0x0, 0x0, 0x0, 0x0, 0x0,
    0x0, 0xdf, 0xff, 0xf4, 0x0, 0x0, 0x0, 0x0,
    0x0, 0x0, 0x9, 0xff, 0xff, 0x80, 0x0, 0x0,
    0x0, 0x0, 0x0, 0x0, 0x4f, 0xff, 0xfd, 0x0,
    0x0, 0x0, 0x0, 0x0, 0x0, 0x1, 0xef, 0xff,
    0xf2, 0x0, 0x0, 0x0, 0x0, 0x0, 0x0, 0xa,
    0xff, 0xff, 0x60, 0x0, 0x0, 0x0, 0x0, 0x0,
    0x0, 0x6f, 0xff, 0xfa, 0x0, 0x0, 0x0, 0x0,
    0x0, 0x0, 0x2, 0xff, 0xff, 0xd0, 0x0, 0x0,
    0x0, 0x0, 0x0, 0x0, 0xc, 0xff, 0xfe, 0x20,
    0x0, 0x0, 0x0, 0x0, 0x0, 0x0, 0x7f, 0xff,
    0xff, 0xee, 0xee, 0xee, 0xee, 0xee, 0xee, 0xe6,
    0xef, 0xff, 0xff, 0xff, 0xff, 0xff, 0xff, 0xff,
    0xff, 0xf7, 0xef, 0xff, 0xff, 0xff, 0xff, 0xff,
    0xff, 0xff, 0xff, 0xf7, 0xef, 0xff, 0xff, 0xff,
    0xff, 0xff, 0xff, 0xff, 0xff, 0xf7,

    /* U+017C "ż" */
    0x0, 0x0, 0x0, 0x7e, 0xe8, 0x0, 0x0, 0x0,
    0x0, 0x0, 0x0, 0x4f, 0xff, 0xf7, 0x0, 0x0,
    0x0, 0x0, 0x0, 0x8, 0xff, 0xff, 0xb0, 0x0,
    0x0, 0x0, 0x0, 0x0, 0x4f, 0xff, 0xf7, 0x0,
    0x0, 0x0, 0x0, 0x0, 0x0, 0x7e, 0xf9, 0x0,
    0x0, 0x0, 0x0, 0x0, 0x0, 0x0, 0x0, 0x0,
    0x0, 0x0, 0x0, 0x0, 0x0, 0x0, 0x0, 0x0,
    0x0, 0x0, 0x0, 0x0, 0x0, 0x0, 0x0, 0x0,
    0x0, 0x0, 0x0, 0x0, 0x8f, 0xff, 0xff, 0xff,
    0xff, 0xff, 0xff, 0xfe, 0x8, 0xff, 0xff, 0xff,
    0xff, 0xff, 0xff, 0xff, 0xe0, 0x8f, 0xff, 0xff,
    0xff, 0xff, 0xff, 0xff, 0xfe, 0x7, 0xee, 0xee,
    0xee, 0xee, 0xef, 0xff, 0xff, 0xa0, 0x0, 0x0,
    0x0, 0x0, 0x3, 0xff, 0xff, 0xd0, 0x0, 0x0,
    0x0, 0x0, 0x1, 0xdf, 0xff, 0xf3, 0x0, 0x0,
    0x0, 0x0, 0x0, 0xbf, 0xff, 0xf6, 0x0, 0x0,
    0x0, 0x0, 0x0, 0x7f, 0xff, 0xfa, 0x0, 0x0,
    0x0, 0x0, 0x0, 0x4f, 0xff, 0xfd, 0x0, 0x0,
    0x0, 0x0, 0x0, 0x1e, 0xff, 0xff, 0x30, 0x0,
    0x0, 0x0, 0x0, 0xc, 0xff, 0xff, 0x60, 0x0,
    0x0, 0x0, 0x0, 0x9, 0xff, 0xff, 0xa0, 0x0,
    0x0, 0x0, 0x0, 0x5, 0xff, 0xff, 0xd0, 0x0,
    0x0, 0x0, 0x0, 0x2, 0xff, 0xff, 0xf3, 0x0,
    0x0, 0x0, 0x0, 0x0, 0xdf, 0xff, 0xf6, 0x0,
    0x0, 0x0, 0x0, 0x0, 0xaf, 0xff, 0xfa, 0x0,
    0x0, 0x0, 0x0, 0x0, 0x6f, 0xff, 0xff, 0xee,
    0xee, 0xee, 0xee, 0xee, 0x3d, 0xff, 0xff, 0xff,
    0xff, 0xff, 0xff, 0xff, 0xf3, 0xdf, 0xff, 0xff,
    0xff, 0xff, 0xff, 0xff, 0xff, 0x3d, 0xff, 0xff,
    0xff, 0xff, 0xff, 0xff, 0xff, 0xf3,

    /* U+017D "Ž" */
    0x0, 0x4, 0x88, 0x83, 0x0, 0x0, 0x78, 0x88,
    0x20, 0x0, 0x0, 0x1, 0xdf, 0xfe, 0x10, 0x7,
    0xff, 0xfa, 0x0, 0x0, 0x0, 0x0, 0x2e, 0xff,
    0xc0, 0x4f, 0xff, 0xb0, 0x0, 0x0, 0x0, 0x0,
    0x4, 0xff, 0xfa, 0xef, 0xfc, 0x0, 0x0, 0x0,
    0x0, 0x0, 0x0, 0x5f, 0xff, 0xff, 0xd1, 0x0,
    0x0, 0x0, 0x0, 0x0, 0x0, 0x7, 0xff, 0xfe,
    0x20, 0x0, 0x0, 0x0, 0x0, 0x0, 0x0, 0x0,
    0x0, 0x0, 0x0, 0x0, 0x0, 0x0, 0x0, 0x0,
    0x0, 0x0, 0x0, 0x0, 0x0, 0x0, 0x0, 0x0,
    0x0, 0x0, 0x0, 0x0, 0x0, 0x0, 0x0, 0x0,
    0x0, 0x0, 0xff, 0xff, 0xff, 0xff, 0xff, 0xff,
    0xff, 0xff, 0xff, 0xf6, 0xff, 0xff, 0xff, 0xff,
    0xff, 0xff, 0xff, 0xff, 0xff, 0xf6, 0xff, 0xff,
    0xff, 0xff, 0xff, 0xff, 0xff, 0xff, 0xff, 0xf5,
    0xef, 0xff, 0xff, 0xff, 0xff, 0xff, 0xff, 0xff,
    0xff, 0xe1, 0x0, 0x0, 0x0, 0x0, 0x0, 0x0,
    0x9, 0xff, 0xff, 0x40, 0x0, 0x0, 0x0, 0x0,
    0x0, 0x0, 0x6f, 0xff, 0xf9, 0x0, 0x0, 0x0,
    0x0, 0x0, 0x0, 0x3, 0xff, 0xff, 0xd0, 0x0,
    0x0, 0x0, 0x0, 0x0, 0x0, 0xd, 0xff, 0xff,
    0x30, 0x0, 0x0, 0x0, 0x0, 0x0, 0x0, 0xaf,
    0xff, 0xf7, 0x0, 0x0, 0x0, 0x0, 0x0, 0x0,
    0x5, 0xff, 0xff, 0xc0, 0x0, 0x0, 0x0, 0x0,
    0x0, 0x0, 0x1e, 0xff, 0xff, 0x20, 0x0, 0x0,
    0x0, 0x0, 0x0, 0x0, 0xbf, 0xff, 0xf5, 0x0,
    0x0, 0x0, 0x0, 0x0, 0x0, 0x7, 0xff, 0xff,
    0xa0, 0x0, 0x0, 0x0, 0x0, 0x0, 0x0, 0x2f,
    0xff, 0xfe, 0x10, 0x0, 0x0, 0x0, 0x0, 0x0,
    0x0, 0xdf, 0xff, 0xf4, 0x0, 0x0, 0x0, 0x0,
    0x0, 0x0, 0x9, 0xff, 0xff, 0x80, 0x0, 0x0,
    0x0, 0x0, 0x0, 0x0, 0x4f, 0xff, 0xfd, 0x0,
    0x0, 0x0, 0x0, 0x0, 0x0, 0x1, 0xef, 0xff,
    0xf2, 0x0, 0x0, 0x0, 0x0, 0x0, 0x0, 0xa,
    0xff, 0xff, 0x60, 0x0, 0x0, 0x0, 0x0, 0x0,
    0x0, 0x6f, 0xff, 0xfa, 0x0, 0x0, 0x0, 0x0,
    0x0, 0x0, 0x2, 0xff, 0xff, 0xd0, 0x0, 0x0,
    0x0, 0x0, 0x0, 0x0, 0xc, 0xff, 0xfe, 0x20,
    0x0, 0x0, 0x0, 0x0, 0x0, 0x0, 0x7f, 0xff,
    0xff, 0xee, 0xee, 0xee, 0xee, 0xee, 0xee, 0xe6,
    0xef, 0xff, 0xff, 0xff, 0xff, 0xff, 0xff, 0xff,
    0xff, 0xf7, 0xef, 0xff, 0xff, 0xff, 0xff, 0xff,
    0xff, 0xff, 0xff, 0xf7, 0xef, 0xff, 0xff, 0xff,
    0xff, 0xff, 0xff, 0xff, 0xff, 0xf7,

    /* U+017E "ž" */
    0x2, 0x88, 0x86, 0x0, 0x0, 0x58, 0x88, 0x40,
    0x0, 0x9, 0xff, 0xf6, 0x0, 0x4f, 0xff, 0xc0,
    0x0, 0x0, 0x9, 0xff, 0xf4, 0x2f, 0xff, 0xc1,
    0x0, 0x0, 0x0, 0xa, 0xff, 0xfe, 0xff, 0xc1,
    0x0, 0x0, 0x0, 0x0, 0xb, 0xff, 0xff, 0xd1,
    0x0, 0x0, 0x0, 0x0, 0x0, 0x7, 0x88, 0x71,
    0x0, 0x0, 0x0, 0x0, 0x0, 0x0, 0x0, 0x0,
    0x0, 0x0, 0x0, 0x0, 0x0, 0x0, 0x0, 0x0,
    0x0, 0x0, 0x0, 0x0, 0x8f, 0xff, 0xff, 0xff,
    0xff, 0xff, 0xff, 0xfe, 0x8, 0xff, 0xff, 0xff,
    0xff, 0xff, 0xff, 0xff, 0xe0, 0x8f, 0xff, 0xff,
    0xff, 0xff, 0xff, 0xff, 0xfe, 0x7, 0xee, 0xee,
    0xee, 0xee, 0xef, 0xff, 0xff, 0xa0, 0x0, 0x0,
    0x0, 0x0, 0x3, 0xff, 0xff, 0xd0, 0x0, 0x0,
    0x0, 0x0, 0x1, 0xdf, 0xff, 0xf3, 0x0, 0x0,
    0x0, 0x0, 0x0, 0xbf, 0xff, 0xf6, 0x0, 0x0,
    0x0, 0x0, 0x0, 0x7f, 0xff, 0xfa, 0x0, 0x0,
    0x0, 0x0, 0x0, 0x4f, 0xff, 0xfd, 0x0, 0x0,
    0x0, 0x0, 0x0, 0x1e, 0xff, 0xff, 0x30, 0x0,
    0x0, 0x0, 0x0, 0xc, 0xff, 0xff, 0x60, 0x0,
    0x0, 0x0, 0x0, 0x9, 0xff, 0xff, 0xa0, 0x0,
    0x0, 0x0, 0x0, 0x5, 0xff, 0xff, 0xd0, 0x0,
    0x0, 0x0, 0x0, 0x2, 0xff, 0xff, 0xf3, 0x0,
    0x0, 0x0, 0x0, 0x0, 0xdf, 0xff, 0xf6, 0x0,
    0x0, 0x0, 0x0, 0x0, 0xaf, 0xff, 0xfa, 0x0,
    0x0, 0x0, 0x0, 0x0, 0x6f, 0xff, 0xff, 0xee,
    0xee, 0xee, 0xee, 0xee, 0x3d, 0xff, 0xff, 0xff,
    0xff, 0xff, 0xff, 0xff, 0xf3, 0xdf, 0xff, 0xff,
    0xff, 0xff, 0xff, 0xff, 0xff, 0x3d, 0xff, 0xff,
    0xff, 0xff, 0xff, 0xff, 0xff, 0xf3,

    /* U+017F "ſ" */
    0x0, 0x2, 0x8b, 0xcc, 0xa6, 0x0, 0x8, 0xff,
    0xff, 0xff, 0xd0, 0x7, 0xff, 0xff, 0xff, 0xf9,
    0x1, 0xff, 0xff, 0xff, 0xff, 0x50, 0x6f, 0xff,
    0xfb, 0x20, 0x20, 0x8, 0xff, 0xff, 0x20, 0x0,
    0x0, 0x9f, 0xff, 0xf0, 0x0, 0x0, 0x9, 0xff,
    0xff, 0x0, 0x0, 0x0, 0x9f, 0xff, 0xf0, 0x0,
    0x0, 0x9, 0xff, 0xff, 0x0, 0x0, 0x0, 0x9f,
    0xff, 0xf0, 0x0, 0x0, 0x9, 0xff, 0xff, 0x0,
    0x0, 0x0, 0x9f, 0xff, 0xf0, 0x0, 0x0, 0x9,
    0xff, 0xff, 0x0, 0x0, 0x0, 0x9f, 0xff, 0xf0,
    0x0, 0x0, 0x9, 0xff, 0xff, 0x0, 0x0, 0x0,
    0x9f, 0xff, 0xf0, 0x0, 0x0, 0x9, 0xff, 0xff,
    0x0, 0x0, 0x0, 0x9f, 0xff, 0xf0, 0x0, 0x0,
    0x9, 0xff, 0xff, 0x0, 0x0, 0x0, 0x9f, 0xff,
    0xf0, 0x0, 0x0, 0x9, 0xff, 0xff, 0x0, 0x0,
    0x0, 0x9f, 0xff, 0xf0, 0x0, 0x0, 0x9, 0xff,
    0xff, 0x0, 0x0, 0x0, 0x9f, 0xff, 0xf0, 0x0,
    0x0, 0x9, 0xff, 0xff, 0x0, 0x0, 0x0, 0x9f,
    0xff, 0xf0, 0x0, 0x0, 0x9, 0xff, 0xff, 0x0,
    0x0, 0x0,

    /* U+2010 "‐" */
    0x1c, 0xcc, 0xcc, 0xcc, 0xcc, 0xcc, 0x81, 0xff,
    0xff, 0xff, 0xff, 0xff, 0xfa, 0x1f, 0xff, 0xff,
    0xff, 0xff, 0xff, 0xa1, 0xff, 0xff, 0xff, 0xff,
    0xff, 0xfa,

    /* U+2011 "‑" */
    0x1c, 0xcc, 0xcc, 0xcc, 0xcc, 0xcc, 0x81, 0xff,
    0xff, 0xff, 0xff, 0xff, 0xfa, 0x1f, 0xff, 0xff,
    0xff, 0xff, 0xff, 0xa1, 0xff, 0xff, 0xff, 0xff,
    0xff, 0xfa,

    /* U+2012 "‒" */
    0x7c, 0xcc, 0xcc, 0xcc, 0xcc, 0xcc, 0xcc, 0xcc,
    0xcc, 0xcc, 0xb9, 0xff, 0xff, 0xff, 0xff, 0xff,
    0xff, 0xff, 0xff, 0xff, 0xfe, 0x9f, 0xff, 0xff,
    0xff, 0xff, 0xff, 0xff, 0xff, 0xff, 0xff, 0xe9,
    0xff, 0xff, 0xff, 0xff, 0xff, 0xff, 0xff, 0xff,
    0xff, 0xfe,

    /* U+2013 "–" */
    0xcc, 0xcc, 0xcc, 0xcc, 0xcc, 0xcc, 0xcc, 0xcc,
    0xcc, 0xff, 0xff, 0xff, 0xff, 0xff, 0xff, 0xff,
    0xff, 0xff, 0xff, 0xff, 0xff, 0xff, 0xff, 0xff,
    0xff, 0xff, 0xff, 0xff, 0xff, 0xff, 0xff, 0xff,
    0xff, 0xff, 0xff, 0xff,

    /* U+2014 "—" */
    0xcc, 0xcc, 0xcc, 0xcc, 0xcc, 0xcc, 0xcc, 0xcc,
    0xcc, 0xcc, 0xcc, 0xcc, 0xcc, 0xcc, 0xcc, 0xcc,
    0xcc, 0xcc, 0xff, 0xff, 0xff, 0xff, 0xff, 0xff,
    0xff, 0xff, 0xff, 0xff, 0xff, 0xff, 0xff, 0xff,
    0xff, 0xff, 0xff, 0xff, 0xff, 0xff, 0xff, 0xff,
    0xff, 0xff, 0xff, 0xff, 0xff, 0xff, 0xff, 0xff,
    0xff, 0xff, 0xff, 0xff, 0xff, 0xff, 0xff, 0xff,
    0xff, 0xff, 0xff, 0xff, 0xff, 0xff, 0xff, 0xff,
    0xff, 0xff, 0xff, 0xff, 0xff, 0xff, 0xff, 0xff,

    /* U+2015 "―" */
    0xcc, 0xcc, 0xcc, 0xcc, 0xcc, 0xcc, 0xcc, 0xcc,
    0xcc, 0xcc, 0xcc, 0xcc, 0xcc, 0xcc, 0xcc, 0xcc,
    0xcc, 0xcc, 0xff, 0xff, 0xff, 0xff, 0xff, 0xff,
    0xff, 0xff, 0xff, 0xff, 0xff, 0xff, 0xff, 0xff,
    0xff, 0xff, 0xff, 0xff, 0xff, 0xff, 0xff, 0xff,
    0xff, 0xff, 0xff, 0xff, 0xff, 0xff, 0xff, 0xff,
    0xff, 0xff, 0xff, 0xff, 0xff, 0xff, 0xff, 0xff,
    0xff, 0xff, 0xff, 0xff, 0xff, 0xff, 0xff, 0xff,
    0xff, 0xff, 0xff, 0xff, 0xff, 0xff, 0xff, 0xff,

    /* U+2016 "‖" */
    0x58, 0x88, 0x40, 0x28, 0x88, 0x7a, 0xff, 0xf9,
    0x4, 0xff, 0xff, 0xaf, 0xff, 0x90, 0x4f, 0xff,
    0xfa, 0xff, 0xf9, 0x4, 0xff, 0xff, 0xaf, 0xff,
    0x90, 0x4f, 0xff, 0xfa, 0xff, 0xf9, 0x4, 0xff,
    0xff, 0xaf, 0xff, 0x90, 0x4f, 0xff, 0xfa, 0xff,
    0xf9, 0x4, 0xff, 0xff, 0xaf, 0xff, 0x90, 0x4f,
    0xff, 0xfa, 0xff, 0xf9, 0x4, 0xff, 0xff, 0xaf,
    0xff, 0x90, 0x4f, 0xff, 0xfa, 0xff, 0xf9, 0x4,
    0xff, 0xff, 0xaf, 0xff, 0x90, 0x4f, 0xff, 0xfa,
    0xff, 0xf9, 0x4, 0xff, 0xff, 0xaf, 0xff, 0x90,
    0x4f, 0xff, 0xfa, 0xff, 0xf9, 0x4, 0xff, 0xff,
    0xaf, 0xff, 0x90, 0x4f, 0xff, 0xfa, 0xff, 0xf9,
    0x4, 0xff, 0xff, 0xaf, 0xff, 0x90, 0x4f, 0xff,
    0xfa, 0xff, 0xf9, 0x4, 0xff, 0xff, 0xaf, 0xff,
    0x90, 0x4f, 0xff, 0xfa, 0xff, 0xf9, 0x4, 0xff,
    0xff, 0xaf, 0xff, 0x90, 0x4f, 0xff, 0xfa, 0xff,
    0xf9, 0x4, 0xff, 0xff, 0xaf, 0xff, 0x90, 0x4f,
    0xff, 0xfa, 0xff, 0xf9, 0x4, 0xff, 0xff, 0xaf,
    0xff, 0x90, 0x4f, 0xff, 0xfa, 0xff, 0xf9, 0x4,
    0xff, 0xff, 0xaf, 0xff, 0x90, 0x4f, 0xff, 0xfa,
    0xff, 0xf9, 0x4, 0xff, 0xff, 0xaf, 0xff, 0x90,
    0x4f, 0xff, 0xfa, 0xff, 0xf9, 0x4, 0xff, 0xff,
    0xaf, 0xff, 0x90, 0x4f, 0xff, 0xfa, 0xff, 0xf9,
    0x4, 0xff, 0xff, 0xaf, 0xff, 0x90, 0x4f, 0xff,
    0xfa, 0xff, 0xf9, 0x4, 0xff, 0xff, 0xaf, 0xff,
    0x90, 0x4f, 0xff, 0xfa, 0xff, 0xf9, 0x4, 0xff,
    0xff, 0xaf, 0xff, 0x90, 0x4f, 0xff, 0xfa, 0xff,
    0xf9, 0x4, 0xff, 0xff, 0xaf, 0xff, 0x90, 0x4f,
    0xff, 0xfa, 0xff, 0xf9, 0x4, 0xff, 0xff, 0xaf,
    0xff, 0x90, 0x4f, 0xff, 0xfa, 0xff, 0xf9, 0x4,
    0xff, 0xff,

    /* U+2017 "‗" */
    0xdf, 0xff, 0xff, 0xff, 0xff, 0xff, 0xff, 0xff,
    0xad, 0xff, 0xff, 0xff, 0xff, 0xff, 0xff, 0xff,
    0xfa, 0x9b, 0xbb, 0xbb, 0xbb, 0xbb, 0xbb, 0xbb,
    0xbb, 0x70, 0x0, 0x0, 0x0, 0x0, 0x0, 0x0,
    0x0, 0x0, 0x9b, 0xbb, 0xbb, 0xbb, 0xbb, 0xbb,
    0xbb, 0xbb, 0x7d, 0xff, 0xff, 0xff, 0xff, 0xff,
    0xff, 0xff, 0xfa, 0xdf, 0xff, 0xff, 0xff, 0xff,
    0xff, 0xff, 0xff, 0xa0,

    /* U+2018 "‘" */
    0x0, 0x3, 0xff, 0xf1, 0x0, 0x7, 0xff, 0xe0,
    0x0, 0xc, 0xff, 0xc0, 0x0, 0x1f, 0xff, 0xa0,
    0x0, 0x5f, 0xff, 0x70, 0x0, 0xaf, 0xff, 0x50,
    0x0, 0xef, 0xff, 0x30, 0x3, 0xff, 0xff, 0x0,
    0x7, 0xff, 0xfe, 0x0, 0xc, 0xff, 0xfc, 0x0,
    0xa, 0xaa, 0xa6, 0x0,

    /* U+2019 "’" */
    0x0, 0x6a, 0xaa, 0xa0, 0x0, 0xbf, 0xff, 0xc0,
    0x0, 0xef, 0xff, 0x80, 0x0, 0xff, 0xff, 0x30,
    0x2, 0xff, 0xfe, 0x0, 0x4, 0xff, 0xfa, 0x0,
    0x7, 0xff, 0xf5, 0x0, 0x9, 0xff, 0xf1, 0x0,
    0xb, 0xff, 0xc0, 0x0, 0xe, 0xff, 0x80, 0x0,
    0xf, 0xff, 0x30, 0x0,

    /* U+201A "‚" */
    0x4, 0xaa, 0xaa, 0x20, 0x8f, 0xff, 0xf0, 0xa,
    0xff, 0xfc, 0x0, 0xcf, 0xff, 0x70, 0xf, 0xff,
    0xf2, 0x1, 0xff, 0xfe, 0x0, 0x3f, 0xff, 0x90,
    0x6, 0xff, 0xf5, 0x0, 0x8f, 0xff, 0x0, 0xa,
    0xff, 0xb0, 0x0, 0xdf, 0xf7, 0x0, 0x0,

    /* U+201B "‛" */
    0x6f, 0xff, 0xf3, 0x2, 0xff, 0xff, 0x50, 0xd,
    0xff, 0xf8, 0x0, 0x8f, 0xff, 0xa0, 0x4, 0xff,
    0xfc, 0x0, 0xf, 0xff, 0xf0, 0x0, 0xaf, 0xff,
    0x10, 0x6, 0xff, 0xf3, 0x0, 0x1f, 0xff, 0x60,
    0x0, 0xdf, 0xf8, 0x0, 0x5, 0xaa, 0x60,

    /* U+201C "“" */
    0x0, 0x3, 0xff, 0xf1, 0x0, 0x8, 0xff, 0xb0,
    0x0, 0x7f, 0xfe, 0x0, 0x0, 0xdf, 0xf9, 0x0,
    0xc, 0xff, 0xc0, 0x0, 0x1f, 0xff, 0x70, 0x1,
    0xff, 0xfa, 0x0, 0x6, 0xff, 0xf4, 0x0, 0x5f,
    0xff, 0x70, 0x0, 0xbf, 0xff, 0x20, 0xa, 0xff,
    0xf5, 0x0, 0xf, 0xff, 0xf0, 0x0, 0xef, 0xff,
    0x30, 0x4, 0xff, 0xfd, 0x0, 0x3f, 0xff, 0xf0,
    0x0, 0x8f, 0xff, 0xb0, 0x7, 0xff, 0xfe, 0x0,
    0xd, 0xff, 0xf9, 0x0, 0xcf, 0xff, 0xc0, 0x2,
    0xff, 0xff, 0x60, 0xa, 0xaa, 0xa6, 0x0, 0x3a,
    0xaa, 0xa3, 0x0,

    /* U+201D "”" */
    0x0, 0x6a, 0xaa, 0xa0, 0x1, 0xaa, 0xaa, 0x50,
    0xb, 0xff, 0xfc, 0x0, 0x4f, 0xff, 0xf4, 0x0,
    0xef, 0xff, 0x80, 0x6, 0xff, 0xff, 0x0, 0xf,
    0xff, 0xf3, 0x0, 0x8f, 0xff, 0xb0, 0x2, 0xff,
    0xfe, 0x0, 0xb, 0xff, 0xf6, 0x0, 0x4f, 0xff,
    0xa0, 0x0, 0xdf, 0xff, 0x20, 0x7, 0xff, 0xf5,
    0x0, 0xf, 0xff, 0xd0, 0x0, 0x9f, 0xff, 0x10,
    0x2, 0xff, 0xf8, 0x0, 0xb, 0xff, 0xc0, 0x0,
    0x4f, 0xff, 0x40, 0x0, 0xef, 0xf8, 0x0, 0x6,
    0xff, 0xf0, 0x0, 0xf, 0xff, 0x30, 0x0, 0x9f,
    0xfb, 0x0, 0x0,

    /* U+201E "„" */
    0x4, 0xaa, 0xaa, 0x20, 0x9, 0xaa, 0xa7, 0x8,
    0xff, 0xff, 0x0, 0xf, 0xff, 0xf8, 0xa, 0xff,
    0xfc, 0x0, 0x3f, 0xff, 0xf3, 0xc, 0xff, 0xf7,
    0x0, 0x5f, 0xff, 0xe0, 0xf, 0xff, 0xf2, 0x0,
    0x7f, 0xff, 0xa0, 0x1f, 0xff, 0xe0, 0x0, 0xaf,
    0xff, 0x50, 0x3f, 0xff, 0x90, 0x0, 0xcf, 0xff,
    0x10, 0x6f, 0xff, 0x50, 0x0, 0xef, 0xfc, 0x0,
    0x8f, 0xff, 0x0, 0x0, 0xff, 0xf7, 0x0, 0xaf,
    0xfb, 0x0, 0x3, 0xff, 0xf3, 0x0, 0xdf, 0xf7,
    0x0, 0x5, 0xff, 0xe0, 0x0,

    /* U+201F "‟" */
    0x6f, 0xff, 0xf3, 0x0, 0xef, 0xff, 0xb0, 0x2,
    0xff, 0xff, 0x50, 0xa, 0xff, 0xfd, 0x0, 0xd,
    0xff, 0xf8, 0x0, 0x5f, 0xff, 0xf0, 0x0, 0x8f,
    0xff, 0xa0, 0x1, 0xff, 0xff, 0x20, 0x4, 0xff,
    0xfc, 0x0, 0xc, 0xff, 0xf4, 0x0, 0xf, 0xff,
    0xf0, 0x0, 0x8f, 0xff, 0x60, 0x0, 0xaf, 0xff,
    0x10, 0x3, 0xff, 0xf9, 0x0, 0x6, 0xff, 0xf3,
    0x0, 0xe, 0xff, 0xb0, 0x0, 0x1f, 0xff, 0x60,
    0x0, 0xaf, 0xfd, 0x0, 0x0, 0xdf, 0xf8, 0x0,
    0x5, 0xff, 0xf0, 0x0, 0x5, 0xaa, 0x60, 0x0,
    0x1a, 0xaa, 0x10,

    /* U+2020 "†" */
    0x0, 0x0, 0x2, 0xff, 0xff, 0x10, 0x0, 0x0,
    0x0, 0x0, 0x2, 0xff, 0xff, 0x10, 0x0, 0x0,
    0x0, 0x0, 0x2, 0xff, 0xff, 0x10, 0x0, 0x0,
    0x0, 0x0, 0x2, 0xff, 0xff, 0x10, 0x0, 0x0,
    0x0, 0x0, 0x2, 0xff, 0xff, 0x10, 0x0, 0x0,
    0x7f, 0xff, 0xff, 0xff, 0xff, 0xff, 0xff, 0xf5,
    0x7f, 0xff, 0xff, 0xff, 0xff, 0xff, 0xff, 0xf5,
    0x7f, 0xff, 0xff, 0xff, 0xff, 0xff, 0xff, 0xf5,
    0x26, 0x66, 0x67, 0xff, 0xff, 0x66, 0x66, 0x61,
    0x0, 0x0, 0x2, 0xff, 0xff, 0x10, 0x0, 0x0,
    0x0, 0x0, 0x2, 0xff, 0xff, 0x10, 0x0, 0x0,
    0x0, 0x0, 0x2, 0xff, 0xff, 0x10, 0x0, 0x0,
    0x0, 0x0, 0x2, 0xff, 0xff, 0x0, 0x0, 0x0,
    0x0, 0x0, 0x0, 0xff, 0xfe, 0x0, 0x0, 0x0,
    0x0, 0x0, 0x0, 0xef, 0xfc, 0x0, 0x0, 0x0,
    0x0, 0x0, 0x0, 0xdf, 0xfb, 0x0, 0x0, 0x0,
    0x0, 0x0, 0x0, 0xbf, 0xf9, 0x0, 0x0, 0x0,
    0x0, 0x0, 0x0, 0x9f, 0xf7, 0x0, 0x0, 0x0,
    0x0, 0x0, 0x0, 0x8f, 0xf5, 0x0, 0x0, 0x0,
    0x0, 0x0, 0x0, 0x26, 0x61, 0x0, 0x0, 0x0,

    /* U+2021 "‡" */
    0x0, 0x0, 0x2, 0xff, 0xff, 0x10, 0x0, 0x0,
    0x0, 0x0, 0x2, 0xff, 0xff, 0x10, 0x0, 0x0,
    0x0, 0x0, 0x2, 0xff, 0xff, 0x10, 0x0, 0x0,
    0x0, 0x0, 0x2, 0xff, 0xff, 0x10, 0x0, 0x0,
    0x0, 0x0, 0x2, 0xff, 0xff, 0x10, 0x0, 0x0,
    0x7f, 0xff, 0xff, 0xff, 0xff, 0xff, 0xff, 0xf5,
    0x7f, 0xff, 0xff, 0xff, 0xff, 0xff, 0xff, 0xf5,
    0x7f, 0xff, 0xff, 0xff, 0xff, 0xff, 0xff, 0xf5,
    0x25, 0x55, 0x57, 0xff, 0xff, 0x65, 0x55, 0x51,
    0x0, 0x0, 0x2, 0xff, 0xff, 0x10, 0x0, 0x0,
    0x0, 0x0, 0x2, 0xff, 0xff, 0x10, 0x0, 0x0,
    0x0, 0x0, 0x2, 0xff, 0xff, 0x10, 0x0, 0x0,
    0x0, 0x0, 0x2, 0xff, 0xff, 0x10, 0x0, 0x0,
    0x7f, 0xff, 0xff, 0xff, 0xff, 0xff, 0xff, 0xf5,
    0x7f, 0xff, 0xff, 0xff, 0xff, 0xff, 0xff, 0xf5,
    0x7f, 0xff, 0xff, 0xff, 0xff, 0xff, 0xff, 0xf5,
    0x25, 0x55, 0x57, 0xff, 0xff, 0x65, 0x55, 0x51,
    0x0, 0x0, 0x2, 0xff, 0xff, 0x10, 0x0, 0x0,
    0x0, 0x0, 0x2, 0xff, 0xff, 0x0, 0x0, 0x0,
    0x0, 0x0, 0x1, 0xff, 0xff, 0x0, 0x0, 0x0,
    0x0, 0x0, 0x0, 0xff, 0xfe, 0x0, 0x0, 0x0,
    0x0, 0x0, 0x0, 0xef, 0xfc, 0x0, 0x0, 0x0,
    0x0, 0x0, 0x0, 0xcf, 0xfa, 0x0, 0x0, 0x0,
    0x0, 0x0, 0x0, 0xaf, 0xf8, 0x0, 0x0, 0x0,
    0x0, 0x0, 0x0, 0x9f, 0xf6, 0x0, 0x0, 0x0,
    0x0, 0x0, 0x0, 0x7f, 0xf5, 0x0, 0x0, 0x0,

    /* U+2022 "•" */
    0x0, 0x0, 0x13, 0x31, 0x0, 0x0, 0x0, 0x1a,
    0xff, 0xff, 0xb2, 0x0, 0x1, 0xef, 0xff, 0xff,
    0xfe, 0x30, 0xc, 0xff, 0xff, 0xff, 0xff, 0xd0,
    0x3f, 0xff, 0xff, 0xff, 0xff, 0xf5, 0x7f, 0xff,
    0xff, 0xff, 0xff, 0xf9, 0x8f, 0xff, 0xff, 0xff,
    0xff, 0xfa, 0x6f, 0xff, 0xff, 0xff, 0xff, 0xf8,
    0x1f, 0xff, 0xff, 0xff, 0xff, 0xf3, 0x9, 0xff,
    0xff, 0xff, 0xff, 0xb0, 0x0, 0xaf, 0xff, 0xff,
    0xfc, 0x10, 0x0, 0x5, 0xce, 0xfc, 0x60, 0x0,

    /* U+2023 "‣" */
    0x0, 0x0, 0x0, 0x0, 0x0, 0xe5, 0x0, 0x0,
    0x0, 0x0, 0xff, 0xb2, 0x0, 0x0, 0x0, 0xff,
    0xff, 0x80, 0x0, 0x0, 0xff, 0xff, 0xfd, 0x40,
    0x0, 0xff, 0xff, 0xff, 0xfa, 0x10, 0xff, 0xff,
    0xff, 0xff, 0xe1, 0xff, 0xff, 0xff, 0xfb, 0x20,
    0xff, 0xff, 0xfe, 0x50, 0x0, 0xff, 0xff, 0x80,
    0x0, 0x0, 0xff, 0xb2, 0x0, 0x0, 0x0, 0xe5,
    0x0, 0x0, 0x0, 0x0, 0x0, 0x0, 0x0, 0x0,
    0x0,

    /* U+2024 "․" */
    0x0, 0x49, 0x71, 0x0, 0x7f, 0xff, 0xd0, 0xf,
    0xff, 0xff, 0x60, 0xff, 0xff, 0xf7, 0xb, 0xff,
    0xff, 0x30, 0x1a, 0xfd, 0x50,

    /* U+2025 "‥" */
    0x0, 0x49, 0x71, 0x0, 0x0, 0x0, 0x1, 0x78,
    0x40, 0x0, 0x7f, 0xff, 0xd0, 0x0, 0x0, 0x1,
    0xef, 0xff, 0x60, 0xf, 0xff, 0xff, 0x60, 0x0,
    0x0, 0x7f, 0xff, 0xfe, 0x0, 0xff, 0xff, 0xf7,
    0x0, 0x0, 0x8, 0xff, 0xff, 0xf0, 0xb, 0xff,
    0xff, 0x30, 0x0, 0x0, 0x3f, 0xff, 0xfa, 0x0,
    0x1a, 0xfd, 0x50, 0x0, 0x0, 0x0, 0x5d, 0xfa,
    0x10,

    /* U+2026 "…" */
    0x0, 0x49, 0x71, 0x0, 0x0, 0x0, 0x1, 0x78,
    0x40, 0x0, 0x0, 0x0, 0x5, 0x97, 0x0, 0x7,
    0xff, 0xfd, 0x0, 0x0, 0x0, 0x1e, 0xff, 0xf6,
    0x0, 0x0, 0x0, 0x8f, 0xff, 0xd0, 0xf, 0xff,
    0xff, 0x60, 0x0, 0x0, 0x7f, 0xff, 0xfe, 0x0,
    0x0, 0x0, 0xff, 0xff, 0xf5, 0xf, 0xff, 0xff,
    0x70, 0x0, 0x0, 0x8f, 0xff, 0xff, 0x0, 0x0,
    0x1, 0xff, 0xff, 0xf6, 0xb, 0xff, 0xff, 0x30,
    0x0, 0x0, 0x3f, 0xff, 0xfa, 0x0, 0x0, 0x0,
    0xcf, 0xff, 0xf2, 0x1, 0xaf, 0xd5, 0x0, 0x0,
    0x0, 0x5, 0xdf, 0xa1, 0x0, 0x0, 0x0, 0x1b,
    0xfd, 0x40,

    /* U+2027 "‧" */
    0x0, 0x49, 0x71, 0x0, 0x7f, 0xff, 0xe1, 0xf,
    0xff, 0xff, 0x60, 0xff, 0xff, 0xf7, 0xb, 0xff,
    0xff, 0x30, 0x1a, 0xfd, 0x50,

    /* U+2032 "′" */
    0x2, 0xff, 0xff, 0x20, 0x3f, 0xff, 0xf0, 0x5,
    0xff, 0xfc, 0x0, 0x6f, 0xff, 0x80, 0x8, 0xff,
    0xf5, 0x0, 0x9f, 0xff, 0x10, 0xb, 0xff, 0xe0,
    0x0, 0xcf, 0xfa, 0x0, 0xe, 0xff, 0x70, 0x0,
    0xef, 0xf3, 0x0,

    /* U+2033 "″" */
    0x2, 0xff, 0xff, 0x20, 0x0, 0xf, 0xff, 0xf5,
    0x3, 0xff, 0xff, 0x0, 0x0, 0xf, 0xff, 0xf2,
    0x5, 0xff, 0xfc, 0x0, 0x0, 0x2f, 0xff, 0xe0,
    0x6, 0xff, 0xf8, 0x0, 0x0, 0x3f, 0xff, 0xb0,
    0x8, 0xff, 0xf5, 0x0, 0x0, 0x5f, 0xff, 0x80,
    0x9, 0xff, 0xf1, 0x0, 0x0, 0x6f, 0xff, 0x40,
    0xb, 0xff, 0xe0, 0x0, 0x0, 0x8f, 0xff, 0x10,
    0xc, 0xff, 0xa0, 0x0, 0x0, 0x9f, 0xfd, 0x0,
    0xe, 0xff, 0x70, 0x0, 0x0, 0xbf, 0xfa, 0x0,
    0xe, 0xff, 0x30, 0x0, 0x0, 0xcf, 0xf6, 0x0,

    /* U+20AC "€" */
    0x0, 0x0, 0x0, 0x0, 0x0, 0x6, 0xad, 0xef,
    0xec, 0x83, 0x0, 0x0, 0x0, 0x0, 0x0, 0x0,
    0x7f, 0xff, 0xff, 0xff, 0xff, 0xfb, 0x20, 0x0,
    0x0, 0x0, 0x1, 0xcf, 0xff, 0xff, 0xff, 0xff,
    0xff, 0xff, 0x20, 0x0, 0x0, 0x1, 0xdf, 0xff,
    0xff, 0xff, 0xff, 0xff, 0xff, 0xd0, 0x0, 0x0,
    0x0, 0xbf, 0xff, 0xff, 0xe8, 0x64, 0x58, 0xdf,
    0xf5, 0x0, 0x0, 0x0, 0x4f, 0xff, 0xff, 0x60,
    0x0, 0x0, 0x0, 0x39, 0x0, 0x0, 0x0, 0xc,
    0xff, 0xff, 0x50, 0x0, 0x0, 0x0, 0x0, 0x0,
    0x0, 0x0, 0x1, 0xff, 0xff, 0xb0, 0x0, 0x0,
    0x0, 0x0, 0x0, 0x0, 0x1, 0xbb, 0xcf, 0xff,
    0xfd, 0xbb, 0xbb, 0xbb, 0xbb, 0xa0, 0x0, 0x0,
    0x7f, 0xff, 0xff, 0xff, 0xff, 0xff, 0xff, 0xff,
    0xfa, 0x0, 0x0, 0xd, 0xff, 0xff, 0xff, 0xff,
    0xff, 0xff, 0xff, 0xff, 0x20, 0x0, 0x0, 0x0,
    0xb, 0xff, 0xff, 0x0, 0x0, 0x0, 0x0, 0x0,
    0x0, 0x0, 0x0, 0x0, 0xcf, 0xff, 0xf0, 0x0,
    0x0, 0x0, 0x0, 0x0, 0x0, 0x0, 0x0, 0xb,
    0xff, 0xff, 0x0, 0x0, 0x0, 0x0, 0x0, 0x0,
    0x0, 0x3, 0xff, 0xff, 0xff, 0xff, 0xff, 0xff,
    0xff, 0x90, 0x0, 0x0, 0x0, 0x8f, 0xff, 0xff,
    0xff, 0xff, 0xff, 0xff, 0xf1, 0x0, 0x0, 0x0,
    0xa, 0xcc, 0xdf, 0xff, 0xfd, 0xcc, 0xcc, 0xc8,
    0x0, 0x0, 0x0, 0x0, 0x0, 0x2, 0xff, 0xff,
    0xa0, 0x0, 0x0, 0x0, 0x0, 0x0, 0x0, 0x0,
    0x0, 0xd, 0xff, 0xff, 0x10, 0x0, 0x0, 0x0,
    0x0, 0x0, 0x0, 0x0, 0x0, 0x7f, 0xff, 0xfa,
    0x0, 0x0, 0x0, 0x0, 0x0, 0x0, 0x0, 0x0,
    0x1, 0xef, 0xff, 0xfa, 0x0, 0x0, 0x0, 0x7,
    0xc0, 0x0, 0x0, 0x0, 0x5, 0xff, 0xff, 0xfe,
    0x85, 0x45, 0x8e, 0xff, 0x50, 0x0, 0x0, 0x0,
    0x9, 0xff, 0xff, 0xff, 0xff, 0xff, 0xff, 0xfc,
    0x0, 0x0, 0x0, 0x0, 0x9, 0xff, 0xff, 0xff,
    0xff, 0xff, 0xff, 0xf2, 0x0, 0x0, 0x0, 0x0,
    0x4, 0xdf, 0xff, 0xff, 0xff, 0xff, 0xc3, 0x0,
    0x0, 0x0, 0x0, 0x0, 0x0, 0x59, 0xde, 0xfe,
    0xc9, 0x30, 0x0,

    /* U+2122 "™" */
    0x23, 0x33, 0x33, 0x33, 0x0, 0x33, 0x10, 0x0,
    0x1, 0x32, 0xcf, 0xff, 0xff, 0xff, 0x2, 0xff,
    0x90, 0x0, 0xd, 0xfe, 0x79, 0x9f, 0xfa, 0x99,
    0x2, 0xff, 0xf0, 0x0, 0x4f, 0xfe, 0x0, 0xe,
    0xf3, 0x0, 0x2, 0xff, 0xf6, 0x0, 0xaf, 0xfe,
    0x0, 0xe, 0xf3, 0x0, 0x2, 0xff, 0xfc, 0x1,
    0xff, 0xfe, 0x0, 0xe, 0xf3, 0x0, 0x2, 0xfe,
    0xaf, 0x27, 0xf9, 0xfe, 0x0, 0xe, 0xf3, 0x0,
    0x2, 0xfe, 0x3f, 0x8d, 0xf3, 0xfe, 0x0, 0xe,
    0xf3, 0x0, 0x2, 0xfe, 0xd, 0xff, 0x93, 0xfe,
    0x0, 0xe, 0xf3, 0x0, 0x2, 0xfe, 0x6, 0xff,
    0x23, 0xfe, 0x0, 0xe, 0xf3, 0x0, 0x2, 0xfe,
    0x0, 0xfc, 0x3, 0xfe, 0x0, 0x3, 0x30, 0x0,
    0x0, 0x33, 0x0, 0x21, 0x0, 0x33
};


/*---------------------
 *  GLYPH DESCRIPTION
 *--------------------*/

static const lv_font_fmt_txt_glyph_dsc_t glyph_dsc[] = {
    {.bitmap_index = 0, .adv_w = 0, .box_w = 0, .box_h = 0, .ofs_x = 0, .ofs_y = 0} /* id = 0 reserved */,
    {.bitmap_index = 0, .adv_w = 145, .box_w = 0, .box_h = 0, .ofs_x = 0, .ofs_y = 0},
    {.bitmap_index = 0, .adv_w = 185, .box_w = 7, .box_h = 26, .ofs_x = 2, .ofs_y = 0},
    {.bitmap_index = 91, .adv_w = 301, .box_w = 13, .box_h = 11, .ofs_x = 3, .ofs_y = 15},
    {.bitmap_index = 163, .adv_w = 371, .box_w = 23, .box_h = 26, .ofs_x = 0, .ofs_y = 0},
    {.bitmap_index = 462, .adv_w = 375, .box_w = 21, .box_h = 34, .ofs_x = 1, .ofs_y = -4},
    {.bitmap_index = 819, .adv_w = 579, .box_w = 30, .box_h = 26, .ofs_x = 3, .ofs_y = 0},
    {.bitmap_index = 1209, .adv_w = 382, .box_w = 23, .box_h = 26, .ofs_x = 1, .ofs_y = 0},
    {.bitmap_index = 1508, .adv_w = 188, .box_w = 6, .box_h = 11, .ofs_x = 3, .ofs_y = 15},
    {.bitmap_index = 1541, .adv_w = 215, .box_w = 10, .box_h = 33, .ofs_x = 3, .ofs_y = -5},
    {.bitmap_index = 1706, .adv_w = 215, .box_w = 10, .box_h = 33, .ofs_x = 1, .ofs_y = -5},
    {.bitmap_index = 1871, .adv_w = 311, .box_w = 15, .box_h = 15, .ofs_x = 2, .ofs_y = 11},
    {.bitmap_index = 1984, .adv_w = 388, .box_w = 18, .box_h = 18, .ofs_x = 3, .ofs_y = 2},
    {.bitmap_index = 2146, .adv_w = 184, .box_w = 7, .box_h = 11, .ofs_x = 2, .ofs_y = -7},
    {.bitmap_index = 2185, .adv_w = 268, .box_w = 13, .box_h = 4, .ofs_x = 2, .ofs_y = 9},
    {.bitmap_index = 2211, .adv_w = 184, .box_w = 7, .box_h = 6, .ofs_x = 2, .ofs_y = 0},
    {.bitmap_index = 2232, .adv_w = 218, .box_w = 14, .box_h = 32, .ofs_x = 0, .ofs_y = -4},
    {.bitmap_index = 2456, .adv_w = 380, .box_w = 21, .box_h = 26, .ofs_x = 1, .ofs_y = 0},
    {.bitmap_index = 2729, .adv_w = 244, .box_w = 12, .box_h = 26, .ofs_x = 1, .ofs_y = 0},
    {.bitmap_index = 2885, .adv_w = 359, .box_w = 19, .box_h = 26, .ofs_x = 2, .ofs_y = 0},
    {.bitmap_index = 3132, .adv_w = 366, .box_w = 21, .box_h = 26, .ofs_x = 1, .ofs_y = 0},
    {.bitmap_index = 3405, .adv_w = 384, .box_w = 22, .box_h = 26, .ofs_x = 1, .ofs_y = 0},
    {.bitmap_index = 3691, .adv_w = 353, .box_w = 20, .box_h = 26, .ofs_x = 1, .ofs_y = 0},
    {.bitmap_index = 3951, .adv_w = 368, .box_w = 21, .box_h = 26, .ofs_x = 1, .ofs_y = 0},
    {.bitmap_index = 4224, .adv_w = 332, .box_w = 19, .box_h = 26, .ofs_x = 1, .ofs_y = 0},
    {.bitmap_index = 4471, .adv_w = 369, .box_w = 21, .box_h = 26, .ofs_x = 1, .ofs_y = 0},
    {.bitmap_index = 4744, .adv_w = 368, .box_w = 21, .box_h = 26, .ofs_x = 1, .ofs_y = 0},
    {.bitmap_index = 5017, .adv_w = 184, .box_w = 7, .box_h = 19, .ofs_x = 2, .ofs_y = 0},
    {.bitmap_index = 5084, .adv_w = 190, .box_w = 7, .box_h = 26, .ofs_x = 2, .ofs_y = -7},
    {.bitmap_index = 5175, .adv_w = 388, .box_w = 19, .box_h = 21, .ofs_x = 2, .ofs_y = 0},
    {.bitmap_index = 5375, .adv_w = 388, .box_w = 18, .box_h = 12, .ofs_x = 3, .ofs_y = 4},
    {.bitmap_index = 5483, .adv_w = 388, .box_w = 19, .box_h = 21, .ofs_x = 3, .ofs_y = 0},
    {.bitmap_index = 5683, .adv_w = 313, .box_w = 17, .box_h = 26, .ofs_x = 1, .ofs_y = 0},
    {.bitmap_index = 5904, .adv_w = 575, .box_w = 34, .box_h = 33, .ofs_x = 1, .ofs_y = -7},
    {.bitmap_index = 6465, .adv_w = 419, .box_w = 26, .box_h = 26, .ofs_x = 0, .ofs_y = 0},
    {.bitmap_index = 6803, .adv_w = 380, .box_w = 21, .box_h = 26, .ofs_x = 2, .ofs_y = 0},
    {.bitmap_index = 7076, .adv_w = 424, .box_w = 24, .box_h = 26, .ofs_x = 1, .ofs_y = 0},
    {.bitmap_index = 7388, .adv_w = 416, .box_w = 23, .box_h = 26, .ofs_x = 2, .ofs_y = 0},
    {.bitmap_index = 7687, .adv_w = 349, .box_w = 18, .box_h = 26, .ofs_x = 2, .ofs_y = 0},
    {.bitmap_index = 7921, .adv_w = 339, .box_w = 18, .box_h = 26, .ofs_x = 2, .ofs_y = 0},
    {.bitmap_index = 8155, .adv_w = 431, .box_w = 25, .box_h = 26, .ofs_x = 1, .ofs_y = 0},
    {.bitmap_index = 8480, .adv_w = 429, .box_w = 23, .box_h = 26, .ofs_x = 2, .ofs_y = 0},
    {.bitmap_index = 8779, .adv_w = 159, .box_w = 6, .box_h = 26, .ofs_x = 2, .ofs_y = 0},
    {.bitmap_index = 8857, .adv_w = 334, .box_w = 18, .box_h = 26, .ofs_x = 1, .ofs_y = 0},
    {.bitmap_index = 9091, .adv_w = 405, .box_w = 23, .box_h = 26, .ofs_x = 2, .ofs_y = 0},
    {.bitmap_index = 9390, .adv_w = 326, .box_w = 17, .box_h = 26, .ofs_x = 2, .ofs_y = 0},
    {.bitmap_index = 9611, .adv_w = 531, .box_w = 29, .box_h = 26, .ofs_x = 2, .ofs_y = 0},
    {.bitmap_index = 9988, .adv_w = 437, .box_w = 23, .box_h = 26, .ofs_x = 2, .ofs_y = 0},
    {.bitmap_index = 10287, .adv_w = 443, .box_w = 25, .box_h = 26, .ofs_x = 1, .ofs_y = 0},
    {.bitmap_index = 10612, .adv_w = 372, .box_w = 20, .box_h = 26, .ofs_x = 2, .ofs_y = 0},
    {.bitmap_index = 10872, .adv_w = 445, .box_w = 25, .box_h = 28, .ofs_x = 1, .ofs_y = -2},
    {.bitmap_index = 11222, .adv_w = 376, .box_w = 21, .box_h = 26, .ofs_x = 2, .ofs_y = 0},
    {.bitmap_index = 11495, .adv_w = 375, .box_w = 21, .box_h = 26, .ofs_x = 1, .ofs_y = 0},
    {.bitmap_index = 11768, .adv_w = 380, .box_w = 22, .box_h = 26, .ofs_x = 1, .ofs_y = 0},
    {.bitmap_index = 12054, .adv_w = 424, .box_w = 22, .box_h = 26, .ofs_x = 2, .ofs_y = 0},
    {.bitmap_index = 12340, .adv_w = 419, .box_w = 26, .box_h = 26, .ofs_x = 0, .ofs_y = 0},
    {.bitmap_index = 12678, .adv_w = 588, .box_w = 36, .box_h = 26, .ofs_x = 0, .ofs_y = 0},
    {.bitmap_index = 13146, .adv_w = 415, .box_w = 25, .box_h = 26, .ofs_x = 0, .ofs_y = 0},
    {.bitmap_index = 13471, .adv_w = 411, .box_w = 25, .box_h = 26, .ofs_x = 0, .ofs_y = 0},
    {.bitmap_index = 13796, .adv_w = 376, .box_w = 20, .box_h = 26, .ofs_x = 2, .ofs_y = 0},
    {.bitmap_index = 14056, .adv_w = 215, .box_w = 9, .box_h = 33, .ofs_x = 3, .ofs_y = -5},
    {.bitmap_index = 14205, .adv_w = 218, .box_w = 14, .box_h = 32, .ofs_x = 0, .ofs_y = -4},
    {.bitmap_index = 14429, .adv_w = 215, .box_w = 9, .box_h = 33, .ofs_x = 1, .ofs_y = -5},
    {.bitmap_index = 14578, .adv_w = 277, .box_w = 16, .box_h = 12, .ofs_x = 1, .ofs_y = 14},
    {.bitmap_index = 14674, .adv_w = 270, .box_w = 17, .box_h = 4, .ofs_x = 0, .ofs_y = -4},
    {.bitmap_index = 14708, .adv_w = 202, .box_w = 8, .box_h = 6, .ofs_x = 2, .ofs_y = 22},
    {.bitmap_index = 14732, .adv_w = 331, .box_w = 18, .box_h = 20, .ofs_x = 1, .ofs_y = 0},
    {.bitmap_index = 14912, .adv_w = 359, .box_w = 19, .box_h = 26, .ofs_x = 2, .ofs_y = 0},
    {.bitmap_index = 15159, .adv_w = 336, .box_w = 19, .box_h = 20, .ofs_x = 1, .ofs_y = 0},
    {.bitmap_index = 15349, .adv_w = 359, .box_w = 20, .box_h = 26, .ofs_x = 1, .ofs_y = 0},
    {.bitmap_index = 15609, .adv_w = 341, .box_w = 19, .box_h = 20, .ofs_x = 1, .ofs_y = 0},
    {.bitmap_index = 15799, .adv_w = 224, .box_w = 14, .box_h = 28, .ofs_x = 0, .ofs_y = 0},
    {.bitmap_index = 15995, .adv_w = 360, .box_w = 20, .box_h = 27, .ofs_x = 1, .ofs_y = -7},
    {.bitmap_index = 16265, .adv_w = 353, .box_w = 18, .box_h = 26, .ofs_x = 2, .ofs_y = 0},
    {.bitmap_index = 16499, .adv_w = 151, .box_w = 6, .box_h = 28, .ofs_x = 2, .ofs_y = 0},
    {.bitmap_index = 16583, .adv_w = 151, .box_w = 9, .box_h = 35, .ofs_x = -1, .ofs_y = -7},
    {.bitmap_index = 16741, .adv_w = 328, .box_w = 19, .box_h = 26, .ofs_x = 2, .ofs_y = 0},
    {.bitmap_index = 16988, .adv_w = 151, .box_w = 5, .box_h = 26, .ofs_x = 2, .ofs_y = 0},
    {.bitmap_index = 17053, .adv_w = 519, .box_w = 28, .box_h = 20, .ofs_x = 2, .ofs_y = 0},
    {.bitmap_index = 17333, .adv_w = 352, .box_w = 18, .box_h = 20, .ofs_x = 2, .ofs_y = 0},
    {.bitmap_index = 17513, .adv_w = 351, .box_w = 20, .box_h = 20, .ofs_x = 1, .ofs_y = 0},
    {.bitmap_index = 17713, .adv_w = 359, .box_w = 19, .box_h = 27, .ofs_x = 2, .ofs_y = -7},
    {.bitmap_index = 17970, .adv_w = 359, .box_w = 20, .box_h = 27, .ofs_x = 1, .ofs_y = -7},
    {.bitmap_index = 18240, .adv_w = 229, .box_w = 12, .box_h = 20, .ofs_x = 2, .ofs_y = 0},
    {.bitmap_index = 18360, .adv_w = 316, .box_w = 18, .box_h = 20, .ofs_x = 1, .ofs_y = 0},
    {.bitmap_index = 18540, .adv_w = 203, .box_w = 13, .box_h = 25, .ofs_x = 0, .ofs_y = 0},
    {.bitmap_index = 18703, .adv_w = 353, .box_w = 18, .box_h = 20, .ofs_x = 2, .ofs_y = 0},
    {.bitmap_index = 18883, .adv_w = 338, .box_w = 21, .box_h = 20, .ofs_x = 0, .ofs_y = 0},
    {.bitmap_index = 19093, .adv_w = 483, .box_w = 30, .box_h = 20, .ofs_x = 0, .ofs_y = 0},
    {.bitmap_index = 19393, .adv_w = 328, .box_w = 20, .box_h = 20, .ofs_x = 0, .ofs_y = 0},
    {.bitmap_index = 19593, .adv_w = 339, .box_w = 21, .box_h = 27, .ofs_x = 0, .ofs_y = -7},
    {.bitmap_index = 19877, .adv_w = 326, .box_w = 17, .box_h = 20, .ofs_x = 2, .ofs_y = 0},
    {.bitmap_index = 20047, .adv_w = 262, .box_w = 13, .box_h = 33, .ofs_x = 2, .ofs_y = -5},
    {.bitmap_index = 20262, .adv_w = 207, .box_w = 5, .box_h = 44, .ofs_x = 4, .ofs_y = -8},
    {.bitmap_index = 20372, .adv_w = 262, .box_w = 13, .box_h = 33, .ofs_x = 1, .ofs_y = -5},
    {.bitmap_index = 20587, .adv_w = 388, .box_w = 20, .box_h = 8, .ofs_x = 2, .ofs_y = 7},
    {.bitmap_index = 20667, .adv_w = 145, .box_w = 0, .box_h = 0, .ofs_x = 0, .ofs_y = 0},
    {.bitmap_index = 20667, .adv_w = 185, .box_w = 7, .box_h = 27, .ofs_x = 2, .ofs_y = -7},
    {.bitmap_index = 20762, .adv_w = 336, .box_w = 19, .box_h = 26, .ofs_x = 1, .ofs_y = 0},
    {.bitmap_index = 21009, .adv_w = 363, .box_w = 20, .box_h = 26, .ofs_x = 1, .ofs_y = 0},
    {.bitmap_index = 21269, .adv_w = 431, .box_w = 23, .box_h = 24, .ofs_x = 2, .ofs_y = -1},
    {.bitmap_index = 21545, .adv_w = 325, .box_w = 20, .box_h = 26, .ofs_x = 0, .ofs_y = 0},
    {.bitmap_index = 21805, .adv_w = 182, .box_w = 5, .box_h = 32, .ofs_x = 3, .ofs_y = -6},
    {.bitmap_index = 21885, .adv_w = 327, .box_w = 18, .box_h = 32, .ofs_x = 1, .ofs_y = -6},
    {.bitmap_index = 22173, .adv_w = 352, .box_w = 14, .box_h = 5, .ofs_x = 4, .ofs_y = 23},
    {.bitmap_index = 22208, .adv_w = 527, .box_w = 28, .box_h = 27, .ofs_x = 2, .ofs_y = 0},
    {.bitmap_index = 22586, .adv_w = 265, .box_w = 14, .box_h = 15, .ofs_x = 1, .ofs_y = 12},
    {.bitmap_index = 22691, .adv_w = 365, .box_w = 21, .box_h = 17, .ofs_x = 1, .ofs_y = 3},
    {.bitmap_index = 22870, .adv_w = 388, .box_w = 17, .box_h = 9, .ofs_x = 3, .ofs_y = 5},
    {.bitmap_index = 22947, .adv_w = 382, .box_w = 22, .box_h = 21, .ofs_x = 1, .ofs_y = 6},
    {.bitmap_index = 23178, .adv_w = 260, .box_w = 11, .box_h = 4, .ofs_x = 3, .ofs_y = 24},
    {.bitmap_index = 23200, .adv_w = 264, .box_w = 13, .box_h = 13, .ofs_x = 2, .ofs_y = 14},
    {.bitmap_index = 23285, .adv_w = 388, .box_w = 18, .box_h = 19, .ofs_x = 3, .ofs_y = 1},
    {.bitmap_index = 23456, .adv_w = 261, .box_w = 14, .box_h = 14, .ofs_x = 1, .ofs_y = 16},
    {.bitmap_index = 23554, .adv_w = 267, .box_w = 15, .box_h = 14, .ofs_x = 1, .ofs_y = 16},
    {.bitmap_index = 23659, .adv_w = 202, .box_w = 8, .box_h = 6, .ofs_x = 2, .ofs_y = 22},
    {.bitmap_index = 23683, .adv_w = 354, .box_w = 20, .box_h = 27, .ofs_x = 2, .ofs_y = -7},
    {.bitmap_index = 23953, .adv_w = 346, .box_w = 18, .box_h = 26, .ofs_x = 1, .ofs_y = 0},
    {.bitmap_index = 24187, .adv_w = 184, .box_w = 7, .box_h = 6, .ofs_x = 2, .ofs_y = 10},
    {.bitmap_index = 24208, .adv_w = 191, .box_w = 8, .box_h = 8, .ofs_x = 3, .ofs_y = -7},
    {.bitmap_index = 24240, .adv_w = 186, .box_w = 9, .box_h = 14, .ofs_x = 1, .ofs_y = 16},
    {.bitmap_index = 24303, .adv_w = 281, .box_w = 16, .box_h = 15, .ofs_x = 1, .ofs_y = 12},
    {.bitmap_index = 24423, .adv_w = 365, .box_w = 21, .box_h = 17, .ofs_x = 1, .ofs_y = 3},
    {.bitmap_index = 24602, .adv_w = 479, .box_w = 28, .box_h = 26, .ofs_x = 1, .ofs_y = 0},
    {.bitmap_index = 24966, .adv_w = 501, .box_w = 29, .box_h = 27, .ofs_x = 1, .ofs_y = 0},
    {.bitmap_index = 25358, .adv_w = 523, .box_w = 31, .box_h = 27, .ofs_x = 1, .ofs_y = 0},
    {.bitmap_index = 25777, .adv_w = 313, .box_w = 18, .box_h = 27, .ofs_x = 1, .ofs_y = -7},
    {.bitmap_index = 26020, .adv_w = 419, .box_w = 26, .box_h = 35, .ofs_x = 0, .ofs_y = 0},
    {.bitmap_index = 26475, .adv_w = 419, .box_w = 26, .box_h = 35, .ofs_x = 0, .ofs_y = 0},
    {.bitmap_index = 26930, .adv_w = 419, .box_w = 26, .box_h = 35, .ofs_x = 0, .ofs_y = 0},
    {.bitmap_index = 27385, .adv_w = 419, .box_w = 26, .box_h = 34, .ofs_x = 0, .ofs_y = 0},
    {.bitmap_index = 27827, .adv_w = 419, .box_w = 26, .box_h = 34, .ofs_x = 0, .ofs_y = 0},
    {.bitmap_index = 28269, .adv_w = 419, .box_w = 26, .box_h = 36, .ofs_x = 0, .ofs_y = 0},
    {.bitmap_index = 28737, .adv_w = 584, .box_w = 35, .box_h = 26, .ofs_x = 0, .ofs_y = 0},
    {.bitmap_index = 29192, .adv_w = 424, .box_w = 24, .box_h = 33, .ofs_x = 1, .ofs_y = -7},
    {.bitmap_index = 29588, .adv_w = 349, .box_w = 18, .box_h = 35, .ofs_x = 2, .ofs_y = 0},
    {.bitmap_index = 29903, .adv_w = 349, .box_w = 18, .box_h = 35, .ofs_x = 2, .ofs_y = 0},
    {.bitmap_index = 30218, .adv_w = 349, .box_w = 18, .box_h = 35, .ofs_x = 2, .ofs_y = 0},
    {.bitmap_index = 30533, .adv_w = 349, .box_w = 18, .box_h = 34, .ofs_x = 2, .ofs_y = 0},
    {.bitmap_index = 30839, .adv_w = 159, .box_w = 9, .box_h = 35, .ofs_x = -1, .ofs_y = 0},
    {.bitmap_index = 30997, .adv_w = 159, .box_w = 9, .box_h = 35, .ofs_x = 2, .ofs_y = 0},
    {.bitmap_index = 31155, .adv_w = 159, .box_w = 14, .box_h = 35, .ofs_x = -2, .ofs_y = 0},
    {.bitmap_index = 31400, .adv_w = 159, .box_w = 14, .box_h = 34, .ofs_x = -2, .ofs_y = 0},
    {.bitmap_index = 31638, .adv_w = 433, .box_w = 26, .box_h = 26, .ofs_x = 0, .ofs_y = 0},
    {.bitmap_index = 31976, .adv_w = 437, .box_w = 23, .box_h = 34, .ofs_x = 2, .ofs_y = 0},
    {.bitmap_index = 32367, .adv_w = 443, .box_w = 25, .box_h = 35, .ofs_x = 1, .ofs_y = 0},
    {.bitmap_index = 32805, .adv_w = 443, .box_w = 25, .box_h = 35, .ofs_x = 1, .ofs_y = 0},
    {.bitmap_index = 33243, .adv_w = 443, .box_w = 25, .box_h = 35, .ofs_x = 1, .ofs_y = 0},
    {.bitmap_index = 33681, .adv_w = 443, .box_w = 25, .box_h = 34, .ofs_x = 1, .ofs_y = 0},
    {.bitmap_index = 34106, .adv_w = 443, .box_w = 25, .box_h = 34, .ofs_x = 1, .ofs_y = 0},
    {.bitmap_index = 34531, .adv_w = 388, .box_w = 19, .box_h = 19, .ofs_x = 3, .ofs_y = 1},
    {.bitmap_index = 34712, .adv_w = 443, .box_w = 25, .box_h = 28, .ofs_x = 1, .ofs_y = -1},
    {.bitmap_index = 35062, .adv_w = 424, .box_w = 22, .box_h = 35, .ofs_x = 2, .ofs_y = 0},
    {.bitmap_index = 35447, .adv_w = 424, .box_w = 22, .box_h = 35, .ofs_x = 2, .ofs_y = 0},
    {.bitmap_index = 35832, .adv_w = 424, .box_w = 22, .box_h = 35, .ofs_x = 2, .ofs_y = 0},
    {.bitmap_index = 36217, .adv_w = 424, .box_w = 22, .box_h = 35, .ofs_x = 2, .ofs_y = 0},
    {.bitmap_index = 36602, .adv_w = 411, .box_w = 25, .box_h = 35, .ofs_x = 0, .ofs_y = 0},
    {.bitmap_index = 37040, .adv_w = 379, .box_w = 19, .box_h = 26, .ofs_x = 2, .ofs_y = 0},
    {.bitmap_index = 37287, .adv_w = 371, .box_w = 20, .box_h = 26, .ofs_x = 2, .ofs_y = 0},
    {.bitmap_index = 37547, .adv_w = 331, .box_w = 18, .box_h = 28, .ofs_x = 1, .ofs_y = 0},
    {.bitmap_index = 37799, .adv_w = 331, .box_w = 18, .box_h = 28, .ofs_x = 1, .ofs_y = 0},
    {.bitmap_index = 38051, .adv_w = 331, .box_w = 18, .box_h = 28, .ofs_x = 1, .ofs_y = 0},
    {.bitmap_index = 38303, .adv_w = 331, .box_w = 18, .box_h = 28, .ofs_x = 1, .ofs_y = 0},
    {.bitmap_index = 38555, .adv_w = 331, .box_w = 18, .box_h = 28, .ofs_x = 1, .ofs_y = 0},
    {.bitmap_index = 38807, .adv_w = 331, .box_w = 18, .box_h = 31, .ofs_x = 1, .ofs_y = 0},
    {.bitmap_index = 39086, .adv_w = 526, .box_w = 31, .box_h = 20, .ofs_x = 1, .ofs_y = 0},
    {.bitmap_index = 39396, .adv_w = 336, .box_w = 19, .box_h = 27, .ofs_x = 1, .ofs_y = -7},
    {.bitmap_index = 39653, .adv_w = 341, .box_w = 19, .box_h = 28, .ofs_x = 1, .ofs_y = 0},
    {.bitmap_index = 39919, .adv_w = 341, .box_w = 19, .box_h = 28, .ofs_x = 1, .ofs_y = 0},
    {.bitmap_index = 40185, .adv_w = 341, .box_w = 19, .box_h = 28, .ofs_x = 1, .ofs_y = 0},
    {.bitmap_index = 40451, .adv_w = 341, .box_w = 19, .box_h = 28, .ofs_x = 1, .ofs_y = 0},
    {.bitmap_index = 40717, .adv_w = 151, .box_w = 8, .box_h = 28, .ofs_x = -1, .ofs_y = 0},
    {.bitmap_index = 40829, .adv_w = 151, .box_w = 8, .box_h = 28, .ofs_x = 2, .ofs_y = 0},
    {.bitmap_index = 40941, .adv_w = 151, .box_w = 14, .box_h = 28, .ofs_x = -2, .ofs_y = 0},
    {.bitmap_index = 41137, .adv_w = 151, .box_w = 13, .box_h = 28, .ofs_x = -2, .ofs_y = 0},
    {.bitmap_index = 41319, .adv_w = 342, .box_w = 19, .box_h = 29, .ofs_x = 1, .ofs_y = 0},
    {.bitmap_index = 41595, .adv_w = 352, .box_w = 18, .box_h = 27, .ofs_x = 2, .ofs_y = 0},
    {.bitmap_index = 41838, .adv_w = 351, .box_w = 20, .box_h = 28, .ofs_x = 1, .ofs_y = 0},
    {.bitmap_index = 42118, .adv_w = 351, .box_w = 20, .box_h = 28, .ofs_x = 1, .ofs_y = 0},
    {.bitmap_index = 42398, .adv_w = 351, .box_w = 20, .box_h = 28, .ofs_x = 1, .ofs_y = 0},
    {.bitmap_index = 42678, .adv_w = 351, .box_w = 20, .box_h = 28, .ofs_x = 1, .ofs_y = 0},
    {.bitmap_index = 42958, .adv_w = 351, .box_w = 20, .box_h = 28, .ofs_x = 1, .ofs_y = 0},
    {.bitmap_index = 43238, .adv_w = 388, .box_w = 18, .box_h = 20, .ofs_x = 3, .ofs_y = 0},
    {.bitmap_index = 43418, .adv_w = 351, .box_w = 20, .box_h = 22, .ofs_x = 1, .ofs_y = -1},
    {.bitmap_index = 43638, .adv_w = 353, .box_w = 18, .box_h = 28, .ofs_x = 2, .ofs_y = 0},
    {.bitmap_index = 43890, .adv_w = 353, .box_w = 18, .box_h = 28, .ofs_x = 2, .ofs_y = 0},
    {.bitmap_index = 44142, .adv_w = 353, .box_w = 18, .box_h = 28, .ofs_x = 2, .ofs_y = 0},
    {.bitmap_index = 44394, .adv_w = 353, .box_w = 18, .box_h = 28, .ofs_x = 2, .ofs_y = 0},
    {.bitmap_index = 44646, .adv_w = 339, .box_w = 21, .box_h = 35, .ofs_x = 0, .ofs_y = -7},
    {.bitmap_index = 45014, .adv_w = 359, .box_w = 19, .box_h = 33, .ofs_x = 2, .ofs_y = -7},
    {.bitmap_index = 45328, .adv_w = 339, .box_w = 21, .box_h = 35, .ofs_x = 0, .ofs_y = -7},
    {.bitmap_index = 45696, .adv_w = 419, .box_w = 26, .box_h = 34, .ofs_x = 0, .ofs_y = 0},
    {.bitmap_index = 46138, .adv_w = 331, .box_w = 18, .box_h = 26, .ofs_x = 1, .ofs_y = 0},
    {.bitmap_index = 46372, .adv_w = 419, .box_w = 26, .box_h = 34, .ofs_x = 0, .ofs_y = 0},
    {.bitmap_index = 46814, .adv_w = 331, .box_w = 18, .box_h = 28, .ofs_x = 1, .ofs_y = 0},
    {.bitmap_index = 47066, .adv_w = 419, .box_w = 27, .box_h = 33, .ofs_x = 0, .ofs_y = -7},
    {.bitmap_index = 47512, .adv_w = 331, .box_w = 19, .box_h = 27, .ofs_x = 1, .ofs_y = -7},
    {.bitmap_index = 47769, .adv_w = 424, .box_w = 24, .box_h = 35, .ofs_x = 1, .ofs_y = 0},
    {.bitmap_index = 48189, .adv_w = 336, .box_w = 19, .box_h = 28, .ofs_x = 1, .ofs_y = 0},
    {.bitmap_index = 48455, .adv_w = 424, .box_w = 24, .box_h = 35, .ofs_x = 1, .ofs_y = 0},
    {.bitmap_index = 48875, .adv_w = 336, .box_w = 19, .box_h = 28, .ofs_x = 1, .ofs_y = 0},
    {.bitmap_index = 49141, .adv_w = 424, .box_w = 24, .box_h = 35, .ofs_x = 1, .ofs_y = 0},
    {.bitmap_index = 49561, .adv_w = 336, .box_w = 19, .box_h = 28, .ofs_x = 1, .ofs_y = 0},
    {.bitmap_index = 49827, .adv_w = 424, .box_w = 24, .box_h = 35, .ofs_x = 1, .ofs_y = 0},
    {.bitmap_index = 50247, .adv_w = 336, .box_w = 19, .box_h = 28, .ofs_x = 1, .ofs_y = 0},
    {.bitmap_index = 50513, .adv_w = 416, .box_w = 23, .box_h = 35, .ofs_x = 2, .ofs_y = 0},
    {.bitmap_index = 50916, .adv_w = 426, .box_w = 26, .box_h = 28, .ofs_x = 1, .ofs_y = 0},
    {.bitmap_index = 51280, .adv_w = 433, .box_w = 26, .box_h = 26, .ofs_x = 0, .ofs_y = 0},
    {.bitmap_index = 51618, .adv_w = 359, .box_w = 22, .box_h = 26, .ofs_x = 1, .ofs_y = 0},
    {.bitmap_index = 51904, .adv_w = 349, .box_w = 18, .box_h = 34, .ofs_x = 2, .ofs_y = 0},
    {.bitmap_index = 52210, .adv_w = 341, .box_w = 19, .box_h = 26, .ofs_x = 1, .ofs_y = 0},
    {.bitmap_index = 52457, .adv_w = 349, .box_w = 18, .box_h = 34, .ofs_x = 2, .ofs_y = 0},
    {.bitmap_index = 52763, .adv_w = 341, .box_w = 19, .box_h = 28, .ofs_x = 1, .ofs_y = 0},
    {.bitmap_index = 53029, .adv_w = 349, .box_w = 18, .box_h = 35, .ofs_x = 2, .ofs_y = 0},
    {.bitmap_index = 53344, .adv_w = 341, .box_w = 19, .box_h = 28, .ofs_x = 1, .ofs_y = 0},
    {.bitmap_index = 53610, .adv_w = 349, .box_w = 19, .box_h = 33, .ofs_x = 2, .ofs_y = -7},
    {.bitmap_index = 53924, .adv_w = 341, .box_w = 19, .box_h = 27, .ofs_x = 1, .ofs_y = -7},
    {.bitmap_index = 54181, .adv_w = 349, .box_w = 18, .box_h = 35, .ofs_x = 2, .ofs_y = 0},
    {.bitmap_index = 54496, .adv_w = 341, .box_w = 19, .box_h = 28, .ofs_x = 1, .ofs_y = 0},
    {.bitmap_index = 54762, .adv_w = 431, .box_w = 25, .box_h = 35, .ofs_x = 1, .ofs_y = 0},
    {.bitmap_index = 55200, .adv_w = 360, .box_w = 20, .box_h = 36, .ofs_x = 1, .ofs_y = -7},
    {.bitmap_index = 55560, .adv_w = 431, .box_w = 25, .box_h = 35, .ofs_x = 1, .ofs_y = 0},
    {.bitmap_index = 55998, .adv_w = 360, .box_w = 20, .box_h = 36, .ofs_x = 1, .ofs_y = -7},
    {.bitmap_index = 56358, .adv_w = 431, .box_w = 25, .box_h = 35, .ofs_x = 1, .ofs_y = 0},
    {.bitmap_index = 56796, .adv_w = 360, .box_w = 20, .box_h = 36, .ofs_x = 1, .ofs_y = -7},
    {.bitmap_index = 57156, .adv_w = 431, .box_w = 25, .box_h = 34, .ofs_x = 1, .ofs_y = -8},
    {.bitmap_index = 57581, .adv_w = 360, .box_w = 20, .box_h = 38, .ofs_x = 1, .ofs_y = -7},
    {.bitmap_index = 57961, .adv_w = 429, .box_w = 23, .box_h = 35, .ofs_x = 2, .ofs_y = 0},
    {.bitmap_index = 58364, .adv_w = 353, .box_w = 22, .box_h = 35, .ofs_x = -2, .ofs_y = 0},
    {.bitmap_index = 58749, .adv_w = 459, .box_w = 27, .box_h = 26, .ofs_x = 1, .ofs_y = 0},
    {.bitmap_index = 59100, .adv_w = 353, .box_w = 21, .box_h = 26, .ofs_x = -1, .ofs_y = 0},
    {.bitmap_index = 59373, .adv_w = 159, .box_w = 12, .box_h = 34, .ofs_x = -1, .ofs_y = 0},
    {.bitmap_index = 59577, .adv_w = 151, .box_w = 13, .box_h = 27, .ofs_x = -2, .ofs_y = 0},
    {.bitmap_index = 59753, .adv_w = 159, .box_w = 11, .box_h = 34, .ofs_x = -1, .ofs_y = 0},
    {.bitmap_index = 59940, .adv_w = 151, .box_w = 11, .box_h = 26, .ofs_x = -1, .ofs_y = 0},
    {.bitmap_index = 60083, .adv_w = 159, .box_w = 12, .box_h = 34, .ofs_x = -1, .ofs_y = 0},
    {.bitmap_index = 60287, .adv_w = 151, .box_w = 13, .box_h = 28, .ofs_x = -2, .ofs_y = 0},
    {.bitmap_index = 60469, .adv_w = 159, .box_w = 9, .box_h = 33, .ofs_x = 0, .ofs_y = -7},
    {.bitmap_index = 60618, .adv_w = 151, .box_w = 9, .box_h = 36, .ofs_x = -1, .ofs_y = -7},
    {.bitmap_index = 60780, .adv_w = 159, .box_w = 6, .box_h = 35, .ofs_x = 2, .ofs_y = 0},
    {.bitmap_index = 60885, .adv_w = 151, .box_w = 5, .box_h = 20, .ofs_x = 2, .ofs_y = 0},
    {.bitmap_index = 60935, .adv_w = 493, .box_w = 27, .box_h = 26, .ofs_x = 2, .ofs_y = 0},
    {.bitmap_index = 61286, .adv_w = 301, .box_w = 15, .box_h = 35, .ofs_x = 2, .ofs_y = -7},
    {.bitmap_index = 61549, .adv_w = 334, .box_w = 22, .box_h = 35, .ofs_x = 1, .ofs_y = 0},
    {.bitmap_index = 61934, .adv_w = 151, .box_w = 14, .box_h = 35, .ofs_x = -2, .ofs_y = -7},
    {.bitmap_index = 62179, .adv_w = 405, .box_w = 23, .box_h = 35, .ofs_x = 2, .ofs_y = -9},
    {.bitmap_index = 62582, .adv_w = 328, .box_w = 19, .box_h = 35, .ofs_x = 2, .ofs_y = -9},
    {.bitmap_index = 62915, .adv_w = 326, .box_w = 19, .box_h = 20, .ofs_x = 2, .ofs_y = 0},
    {.bitmap_index = 63105, .adv_w = 326, .box_w = 17, .box_h = 35, .ofs_x = 2, .ofs_y = 0},
    {.bitmap_index = 63403, .adv_w = 151, .box_w = 8, .box_h = 35, .ofs_x = 2, .ofs_y = 0},
    {.bitmap_index = 63543, .adv_w = 326, .box_w = 17, .box_h = 35, .ofs_x = 2, .ofs_y = -9},
    {.bitmap_index = 63841, .adv_w = 151, .box_w = 6, .box_h = 35, .ofs_x = 1, .ofs_y = -9},
    {.bitmap_index = 63946, .adv_w = 326, .box_w = 17, .box_h = 28, .ofs_x = 2, .ofs_y = 0},
    {.bitmap_index = 64184, .adv_w = 217, .box_w = 12, .box_h = 28, .ofs_x = 2, .ofs_y = 0},
    {.bitmap_index = 64352, .adv_w = 330, .box_w = 17, .box_h = 26, .ofs_x = 2, .ofs_y = 0},
    {.bitmap_index = 64573, .adv_w = 241, .box_w = 13, .box_h = 26, .ofs_x = 2, .ofs_y = 0},
    {.bitmap_index = 64742, .adv_w = 347, .box_w = 21, .box_h = 26, .ofs_x = 0, .ofs_y = 0},
    {.bitmap_index = 65015, .adv_w = 151, .box_w = 11, .box_h = 26, .ofs_x = -1, .ofs_y = 0},
    {.bitmap_index = 65158, .adv_w = 437, .box_w = 23, .box_h = 35, .ofs_x = 2, .ofs_y = 0},
    {.bitmap_index = 65561, .adv_w = 352, .box_w = 18, .box_h = 28, .ofs_x = 2, .ofs_y = 0},
    {.bitmap_index = 65813, .adv_w = 437, .box_w = 23, .box_h = 35, .ofs_x = 2, .ofs_y = -9},
    {.bitmap_index = 66216, .adv_w = 352, .box_w = 18, .box_h = 29, .ofs_x = 2, .ofs_y = -9},
    {.bitmap_index = 66477, .adv_w = 437, .box_w = 23, .box_h = 35, .ofs_x = 2, .ofs_y = 0},
    {.bitmap_index = 66880, .adv_w = 352, .box_w = 18, .box_h = 28, .ofs_x = 2, .ofs_y = 0},
    {.bitmap_index = 67132, .adv_w = 437, .box_w = 23, .box_h = 33, .ofs_x = 2, .ofs_y = -7},
    {.bitmap_index = 67512, .adv_w = 352, .box_w = 18, .box_h = 27, .ofs_x = 2, .ofs_y = -7},
    {.bitmap_index = 67755, .adv_w = 443, .box_w = 25, .box_h = 34, .ofs_x = 1, .ofs_y = 0},
    {.bitmap_index = 68180, .adv_w = 351, .box_w = 20, .box_h = 26, .ofs_x = 1, .ofs_y = 0},
    {.bitmap_index = 68440, .adv_w = 443, .box_w = 25, .box_h = 35, .ofs_x = 1, .ofs_y = 0},
    {.bitmap_index = 68878, .adv_w = 351, .box_w = 20, .box_h = 28, .ofs_x = 1, .ofs_y = 0},
    {.bitmap_index = 69158, .adv_w = 443, .box_w = 25, .box_h = 35, .ofs_x = 1, .ofs_y = 0},
    {.bitmap_index = 69596, .adv_w = 351, .box_w = 20, .box_h = 28, .ofs_x = 1, .ofs_y = 0},
    {.bitmap_index = 69876, .adv_w = 584, .box_w = 34, .box_h = 26, .ofs_x = 1, .ofs_y = 0},
    {.bitmap_index = 70318, .adv_w = 571, .box_w = 34, .box_h = 20, .ofs_x = 1, .ofs_y = 0},
    {.bitmap_index = 70658, .adv_w = 376, .box_w = 21, .box_h = 35, .ofs_x = 2, .ofs_y = 0},
    {.bitmap_index = 71026, .adv_w = 229, .box_w = 12, .box_h = 28, .ofs_x = 2, .ofs_y = 0},
    {.bitmap_index = 71194, .adv_w = 376, .box_w = 21, .box_h = 35, .ofs_x = 2, .ofs_y = -9},
    {.bitmap_index = 71562, .adv_w = 229, .box_w = 13, .box_h = 29, .ofs_x = 1, .ofs_y = -9},
    {.bitmap_index = 71751, .adv_w = 376, .box_w = 21, .box_h = 35, .ofs_x = 2, .ofs_y = 0},
    {.bitmap_index = 72119, .adv_w = 229, .box_w = 14, .box_h = 28, .ofs_x = 1, .ofs_y = 0},
    {.bitmap_index = 72315, .adv_w = 375, .box_w = 21, .box_h = 35, .ofs_x = 1, .ofs_y = 0},
    {.bitmap_index = 72683, .adv_w = 316, .box_w = 18, .box_h = 28, .ofs_x = 1, .ofs_y = 0},
    {.bitmap_index = 72935, .adv_w = 375, .box_w = 21, .box_h = 35, .ofs_x = 1, .ofs_y = 0},
    {.bitmap_index = 73303, .adv_w = 316, .box_w = 18, .box_h = 28, .ofs_x = 1, .ofs_y = 0},
    {.bitmap_index = 73555, .adv_w = 375, .box_w = 21, .box_h = 33, .ofs_x = 1, .ofs_y = -7},
    {.bitmap_index = 73902, .adv_w = 316, .box_w = 18, .box_h = 27, .ofs_x = 1, .ofs_y = -7},
    {.bitmap_index = 74145, .adv_w = 375, .box_w = 21, .box_h = 35, .ofs_x = 1, .ofs_y = 0},
    {.bitmap_index = 74513, .adv_w = 316, .box_w = 18, .box_h = 28, .ofs_x = 1, .ofs_y = 0},
    {.bitmap_index = 74765, .adv_w = 380, .box_w = 22, .box_h = 33, .ofs_x = 1, .ofs_y = -7},
    {.bitmap_index = 75128, .adv_w = 203, .box_w = 13, .box_h = 32, .ofs_x = 0, .ofs_y = -7},
    {.bitmap_index = 75336, .adv_w = 380, .box_w = 22, .box_h = 35, .ofs_x = 1, .ofs_y = 0},
    {.bitmap_index = 75721, .adv_w = 242, .box_w = 14, .box_h = 29, .ofs_x = 0, .ofs_y = 0},
    {.bitmap_index = 75924, .adv_w = 380, .box_w = 22, .box_h = 26, .ofs_x = 1, .ofs_y = 0},
    {.bitmap_index = 76210, .adv_w = 203, .box_w = 13, .box_h = 25, .ofs_x = 0, .ofs_y = 0},
    {.bitmap_index = 76373, .adv_w = 424, .box_w = 22, .box_h = 34, .ofs_x = 2, .ofs_y = 0},
    {.bitmap_index = 76747, .adv_w = 353, .box_w = 18, .box_h = 28, .ofs_x = 2, .ofs_y = 0},
    {.bitmap_index = 76999, .adv_w = 424, .box_w = 22, .box_h = 34, .ofs_x = 2, .ofs_y = 0},
    {.bitmap_index = 77373, .adv_w = 353, .box_w = 18, .box_h = 26, .ofs_x = 2, .ofs_y = 0},
    {.bitmap_index = 77607, .adv_w = 424, .box_w = 22, .box_h = 35, .ofs_x = 2, .ofs_y = 0},
    {.bitmap_index = 77992, .adv_w = 353, .box_w = 18, .box_h = 28, .ofs_x = 2, .ofs_y = 0},
    {.bitmap_index = 78244, .adv_w = 424, .box_w = 22, .box_h = 37, .ofs_x = 2, .ofs_y = 0},
    {.bitmap_index = 78651, .adv_w = 353, .box_w = 18, .box_h = 31, .ofs_x = 2, .ofs_y = 0},
    {.bitmap_index = 78930, .adv_w = 424, .box_w = 22, .box_h = 35, .ofs_x = 2, .ofs_y = 0},
    {.bitmap_index = 79315, .adv_w = 353, .box_w = 18, .box_h = 28, .ofs_x = 2, .ofs_y = 0},
    {.bitmap_index = 79567, .adv_w = 424, .box_w = 22, .box_h = 33, .ofs_x = 2, .ofs_y = -7},
    {.bitmap_index = 79930, .adv_w = 353, .box_w = 19, .box_h = 27, .ofs_x = 2, .ofs_y = -7},
    {.bitmap_index = 80187, .adv_w = 588, .box_w = 36, .box_h = 35, .ofs_x = 0, .ofs_y = 0},
    {.bitmap_index = 80817, .adv_w = 483, .box_w = 30, .box_h = 28, .ofs_x = 0, .ofs_y = 0},
    {.bitmap_index = 81237, .adv_w = 411, .box_w = 25, .box_h = 35, .ofs_x = 0, .ofs_y = 0},
    {.bitmap_index = 81675, .adv_w = 339, .box_w = 21, .box_h = 35, .ofs_x = 0, .ofs_y = -7},
    {.bitmap_index = 82043, .adv_w = 411, .box_w = 25, .box_h = 34, .ofs_x = 0, .ofs_y = 0},
    {.bitmap_index = 82468, .adv_w = 376, .box_w = 20, .box_h = 35, .ofs_x = 2, .ofs_y = 0},
    {.bitmap_index = 82818, .adv_w = 326, .box_w = 17, .box_h = 28, .ofs_x = 2, .ofs_y = 0},
    {.bitmap_index = 83056, .adv_w = 376, .box_w = 20, .box_h = 35, .ofs_x = 2, .ofs_y = 0},
    {.bitmap_index = 83406, .adv_w = 326, .box_w = 17, .box_h = 28, .ofs_x = 2, .ofs_y = 0},
    {.bitmap_index = 83644, .adv_w = 376, .box_w = 20, .box_h = 35, .ofs_x = 2, .ofs_y = 0},
    {.bitmap_index = 83994, .adv_w = 326, .box_w = 17, .box_h = 28, .ofs_x = 2, .ofs_y = 0},
    {.bitmap_index = 84232, .adv_w = 193, .box_w = 11, .box_h = 28, .ofs_x = 2, .ofs_y = 0},
    {.bitmap_index = 84386, .adv_w = 243, .box_w = 13, .box_h = 4, .ofs_x = 1, .ofs_y = 9},
    {.bitmap_index = 84412, .adv_w = 243, .box_w = 13, .box_h = 4, .ofs_x = 1, .ofs_y = 9},
    {.bitmap_index = 84438, .adv_w = 373, .box_w = 21, .box_h = 4, .ofs_x = 1, .ofs_y = 10},
    {.bitmap_index = 84480, .adv_w = 288, .box_w = 18, .box_h = 4, .ofs_x = 0, .ofs_y = 9},
    {.bitmap_index = 84516, .adv_w = 576, .box_w = 36, .box_h = 4, .ofs_x = 0, .ofs_y = 9},
    {.bitmap_index = 84588, .adv_w = 576, .box_w = 36, .box_h = 4, .ofs_x = 0, .ofs_y = 9},
    {.bitmap_index = 84660, .adv_w = 309, .box_w = 11, .box_h = 44, .ofs_x = 4, .ofs_y = -8},
    {.bitmap_index = 84902, .adv_w = 270, .box_w = 17, .box_h = 7, .ofs_x = 0, .ofs_y = -7},
    {.bitmap_index = 84962, .adv_w = 169, .box_w = 8, .box_h = 11, .ofs_x = 2, .ofs_y = 15},
    {.bitmap_index = 85006, .adv_w = 169, .box_w = 8, .box_h = 11, .ofs_x = 2, .ofs_y = 16},
    {.bitmap_index = 85050, .adv_w = 157, .box_w = 7, .box_h = 11, .ofs_x = 2, .ofs_y = -7},
    {.bitmap_index = 85089, .adv_w = 169, .box_w = 7, .box_h = 11, .ofs_x = 1, .ofs_y = 15},
    {.bitmap_index = 85128, .adv_w = 292, .box_w = 15, .box_h = 11, .ofs_x = 2, .ofs_y = 15},
    {.bitmap_index = 85211, .adv_w = 289, .box_w = 15, .box_h = 11, .ofs_x = 2, .ofs_y = 16},
    {.bitmap_index = 85294, .adv_w = 276, .box_w = 14, .box_h = 11, .ofs_x = 2, .ofs_y = -7},
    {.bitmap_index = 85371, .adv_w = 289, .box_w = 15, .box_h = 11, .ofs_x = 1, .ofs_y = 15},
    {.bitmap_index = 85454, .adv_w = 318, .box_w = 16, .box_h = 20, .ofs_x = 2, .ofs_y = 6},
    {.bitmap_index = 85614, .adv_w = 318, .box_w = 16, .box_h = 26, .ofs_x = 2, .ofs_y = 0},
    {.bitmap_index = 85822, .adv_w = 290, .box_w = 12, .box_h = 12, .ofs_x = 3, .ofs_y = 5},
    {.bitmap_index = 85894, .adv_w = 290, .box_w = 10, .box_h = 13, .ofs_x = 5, .ofs_y = 4},
    {.bitmap_index = 85959, .adv_w = 184, .box_w = 7, .box_h = 6, .ofs_x = 2, .ofs_y = 0},
    {.bitmap_index = 85980, .adv_w = 367, .box_w = 19, .box_h = 6, .ofs_x = 2, .ofs_y = 0},
    {.bitmap_index = 86037, .adv_w = 551, .box_w = 30, .box_h = 6, .ofs_x = 2, .ofs_y = 0},
    {.bitmap_index = 86127, .adv_w = 184, .box_w = 7, .box_h = 6, .ofs_x = 2, .ofs_y = 10},
    {.bitmap_index = 86148, .adv_w = 148, .box_w = 7, .box_h = 10, .ofs_x = 1, .ofs_y = 16},
    {.bitmap_index = 86183, .adv_w = 295, .box_w = 16, .box_h = 10, .ofs_x = 1, .ofs_y = 16},
    {.bitmap_index = 86263, .adv_w = 391, .box_w = 23, .box_h = 26, .ofs_x = 0, .ofs_y = 0},
    {.bitmap_index = 86562, .adv_w = 363, .box_w = 20, .box_h = 11, .ofs_x = 1, .ofs_y = 16}
};

/*---------------------
 *  CHARACTER MAPPING
 *--------------------*/

static const uint16_t unicode_list_5[] = {
    0x0, 0x1, 0x7a, 0xf0
};

/*Collect the unicode lists and glyph_id offsets*/
static const lv_font_fmt_txt_cmap_t cmaps[] =
{
    {
        .range_start = 32, .range_length = 95, .glyph_id_start = 1,
        .unicode_list = NULL, .glyph_id_ofs_list = NULL, .list_length = 0, .type = LV_FONT_FMT_TXT_CMAP_FORMAT0_TINY
    },
    {
        .range_start = 160, .range_length = 13, .glyph_id_start = 96,
        .unicode_list = NULL, .glyph_id_ofs_list = NULL, .list_length = 0, .type = LV_FONT_FMT_TXT_CMAP_FORMAT0_TINY
    },
    {
        .range_start = 174, .range_length = 155, .glyph_id_start = 109,
        .unicode_list = NULL, .glyph_id_ofs_list = NULL, .list_length = 0, .type = LV_FONT_FMT_TXT_CMAP_FORMAT0_TINY
    },
    {
        .range_start = 330, .range_length = 54, .glyph_id_start = 264,
        .unicode_list = NULL, .glyph_id_ofs_list = NULL, .list_length = 0, .type = LV_FONT_FMT_TXT_CMAP_FORMAT0_TINY
    },
    {
        .range_start = 8208, .range_length = 24, .glyph_id_start = 318,
        .unicode_list = NULL, .glyph_id_ofs_list = NULL, .list_length = 0, .type = LV_FONT_FMT_TXT_CMAP_FORMAT0_TINY
    },
    {
        .range_start = 8242, .range_length = 241, .glyph_id_start = 342,
        .unicode_list = unicode_list_5, .glyph_id_ofs_list = NULL, .list_length = 4, .type = LV_FONT_FMT_TXT_CMAP_SPARSE_TINY
    }
};

/*-----------------
 *    KERNING
 *----------------*/


/*Map glyph_ids to kern left classes*/
static const uint8_t kern_left_class_mapping[] =
{
    0, 0, 0, 1, 0, 0, 2, 3,
    1, 4, 5, 6, 7, 8, 7, 8,
    9, 10, 11, 12, 13, 14, 15, 16,
    17, 13, 10, 18, 18, 0, 19, 20,
    0, 21, 0, 0, 0, 0, 0, 0,
    0, 0, 0, 0, 0, 0, 0, 0,
    0, 0, 0, 0, 0, 0, 0, 0,
    0, 0, 0, 0, 4, 22, 5, 6,
    23, 0, 0, 0, 0, 0, 0, 0,
    0, 0, 0, 0, 0, 0, 0, 0,
    0, 0, 0, 0, 0, 0, 0, 0,
    0, 0, 0, 0, 4, 11, 5, 7,
    0, 24, 25, 0, 0, 0, 0, 0,
    0, 21, 0, 0, 0, 26, 0, 6,
    19, 0, 0, 0, 27, 11, 28, 0,
    0, 0, 29, 0, 0, 0, 30, 0,
    0, 0, 0, 0, 0, 0, 0, 0,
    0, 0, 0, 0, 0, 0, 0, 0,
    0, 0, 0, 0, 0, 0, 31, 0,
    0, 0, 0, 0, 0, 0, 0, 0,
    0, 0, 0, 0, 0, 0, 0, 0,
    0, 0, 0, 0, 0, 0, 0, 0,
    0, 0, 0, 0, 0, 0, 7, 0,
    0, 0, 0, 0, 0, 0, 0, 0,
    0, 0, 0, 0, 0, 0, 0, 0,
    0, 0, 0, 0, 0, 0, 0, 0,
    0, 0, 0, 0, 0, 0, 0, 0,
    0, 0, 0, 0, 0, 0, 0, 0,
    0, 0, 0, 0, 0, 0, 0, 0,
    0, 0, 0, 0, 0, 0, 0, 0,
    0, 0, 0, 0, 0, 0, 0, 0,
    0, 0, 0, 0, 0, 0, 0, 0,
    0, 0, 0, 0, 0, 0, 0, 0,
    0, 0, 0, 0, 0, 0, 0, 0,
    0, 0, 0, 0, 0, 0, 0, 0,
    0, 0, 0, 0, 0, 0, 0, 0,
    0, 0, 0, 0, 0, 0, 0, 0,
    0, 0, 0, 0, 0, 0, 0, 0,
    0, 0, 0, 0, 0, 0, 0, 0,
    0, 0, 0, 0, 0, 0, 0, 0,
    0, 0, 0, 0, 0, 0, 32, 33,
    34, 0, 32, 33, 34, 0, 35, 35,
    31, 31, 0, 0, 36, 0, 0, 0,
    0, 35
};

/*Map glyph_ids to kern right classes*/
static const uint8_t kern_right_class_mapping[] =
{
    0, 1, 2, 3, 4, 5, 0, 6,
    3, 0, 7, 8, 9, 10, 9, 10,
    11, 12, 13, 14, 15, 16, 17, 12,
    18, 19, 20, 21, 21, 22, 23, 0,
    24, 25, 0, 0, 0, 0, 0, 0,
    0, 0, 0, 0, 0, 0, 0, 0,
    0, 0, 0, 0, 0, 0, 0, 0,
    0, 0, 0, 0, 0, 26, 7, 8,
    27, 0, 0, 0, 0, 0, 0, 0,
    0, 0, 0, 0, 0, 0, 0, 0,
    0, 0, 0, 0, 0, 0, 0, 0,
    0, 0, 0, 0, 0, 28, 7, 29,
    0, 0, 30, 0, 0, 0, 0, 0,
    0, 25, 0, 31, 32, 33, 0, 8,
    23, 0, 0, 0, 34, 35, 9, 0,
    0, 0, 36, 0, 0, 0, 37, 0,
    0, 0, 0, 0, 0, 0, 0, 0,
    0, 0, 0, 0, 0, 0, 0, 0,
    0, 0, 0, 0, 0, 0, 36, 0,
    0, 0, 0, 0, 0, 0, 0, 0,
    0, 0, 0, 0, 0, 0, 0, 0,
    0, 0, 0, 0, 0, 0, 0, 0,
    0, 0, 0, 0, 0, 0, 9, 0,
    0, 0, 0, 0, 0, 0, 0, 0,
    0, 0, 0, 0, 0, 0, 0, 0,
    0, 0, 0, 0, 0, 0, 0, 0,
    0, 0, 0, 0, 0, 0, 0, 0,
    0, 0, 0, 0, 0, 0, 0, 0,
    0, 0, 0, 0, 0, 0, 0, 0,
    0, 0, 0, 0, 0, 0, 0, 0,
    0, 0, 0, 0, 0, 0, 0, 0,
    0, 0, 0, 0, 0, 0, 0, 0,
    0, 0, 0, 0, 0, 0, 0, 0,
    0, 0, 0, 0, 0, 0, 0, 0,
    0, 0, 0, 0, 0, 0, 0, 0,
    0, 0, 0, 0, 0, 0, 0, 0,
    0, 0, 0, 0, 0, 0, 0, 0,
    0, 0, 0, 0, 0, 0, 0, 0,
    0, 0, 0, 0, 0, 0, 0, 0,
    0, 0, 0, 0, 0, 0, 0, 0,
    0, 0, 0, 0, 0, 0, 38, 39,
    40, 41, 38, 39, 40, 42, 43, 43,
    36, 36, 0, 0, 10, 0, 0, 0,
    0, 43
};

/*Kern values between classes*/
static const int8_t kern_class_values[] =
{
    0, 0, 0, 0, 0, -19, 0, 0,
    0, -50, 0, 0, 0, 0, 0, -36,
    0, 0, 0, 0, 0, 0, 0, 0,
    0, 0, 0, 0, 0, -10, 0, 0,
    0, 0, 0, 0, 0, 0, 0, 0,
    0, 0, 0, 0, 0, 0, 0, 0,
    0, 0, 0, 0, 0, 0, 0, 0,
    0, 0, 0, 0, 0, 0, 0, 0,
    0, 0, 0, 0, 0, 0, 0, 0,
    0, 0, 0, 0, 0, 0, 0, 0,
    -36, -39, 0, 0, 0, 0, 0, 0,
    -19, 0, 0, 0, 0, 0, 0, 0,
    0, 0, 0, 0, 0, 0, 0, 0,
    0, 0, 0, 0, 0, 0, 0, -36,
    0, 0, 0, 0, 0, 0, -13, 0,
    0, 0, 0, -52, 0, 0, 0, 0,
    -23, 0, 0, 0, 0, 0, 0, 0,
    0, 0, 0, 0, 0, 0, 0, 0,
    0, 0, 0, 0, 0, 0, 0, 0,
    0, 0, 0, 0, 7, 0, -4, 0,
    0, 0, 0, 0, 0, 0, 0, 0,
    0, 0, 0, 0, 0, 0, 0, 0,
    0, 0, 0, 0, 0, 0, 0, 0,
    0, 0, 0, 0, 0, 0, 0, 0,
    0, 0, 0, 0, 0, 0, 0, 0,
    0, 0, 0, 0, 0, 0, 0, 0,
    0, -19, 0, 0, 0, 0, 0, 0,
    0, 0, 0, 0, -19, 0, 0, 0,
    -78, 0, 0, 0, 0, 0, -26, 0,
    0, 0, 0, 0, 0, 0, 0, -9,
    0, -39, 0, 0, 0, 0, 0, 0,
    0, 0, 0, 0, 0, 0, 0, 0,
    0, 0, 0, 0, 0, 0, 0, 0,
    0, 0, 0, 0, 0, 0, 0, -15,
    -4, 0, 0, -15, 0, 0, 0, 0,
    0, 0, 0, -27, 0, 0, 0, 0,
    0, 0, 0, 0, -6, 0, 0, -23,
    0, 0, 0, 0, 0, -12, -5, -54,
    0, 0, 0, 0, 0, 0, 0, 0,
    -16, -51, 0, -14, 0, -5, -12, -15,
    -6, 0, 0, 0, -51, -25, 0, 0,
    0, 0, 0, 0, 0, 0, 0, -29,
    0, 0, 0, -47, 0, -78, -78, 0,
    0, 0, 0, 0, 0, 0, 0, 0,
    0, -23, 0, 0, 0, 0, 0, 0,
    0, 0, 0, 0, 0, 0, 0, 0,
    0, 3, 0, 0, 0, 0, 0, 0,
    0, 0, 0, 0, 0, 0, 0, 0,
    0, 0, 0, 0, 0, 0, 0, 0,
    0, 0, 0, 0, -16, 0, 0, 0,
    0, 0, 0, 0, -11, 0, 0, 0,
    0, 0, 0, 0, -12, -26, 0, 0,
    0, 0, 0, 0, 0, 0, 0, 0,
    -26, 0, -29, 0, 0, 0, 0, 0,
    0, 0, 0, 0, 7, 0, 0, 0,
    0, 0, 0, 0, 0, 0, 0, 0,
    0, 0, 0, 0, 0, 0, 0, 0,
    7, 0, 0, 0, 0, 0, 0, 0,
    0, 0, 0, 0, 0, 0, 0, 0,
    0, 0, 0, 0, 0, 0, 0, 0,
    0, 0, 0, 0, 0, 0, 0, 0,
    -9, 0, 0, 0, 0, 0, 0, 0,
    0, 0, 0, 0, 0, 0, 0, 0,
    0, 0, 0, 0, 0, 0, 0, 0,
    0, 0, 0, 0, 0, 0, 0, 0,
    0, 0, 0, -5, 0, -12, 0, 0,
    0, 0, 0, 0, 0, 0, 0, 0,
    0, 0, 0, 0, 0, 0, 0, 0,
    0, 0, -19, 0, 0, 0, 0, 0,
    0, 0, 0, -29, 0, 0, 0, 0,
    0, 0, 0, 0, 0, 0, -17, 0,
    -19, 0, 0, -18, 0, 0, 0, 0,
    0, 0, 0, 0, 0, 0, 0, 0,
    0, 0, 0, 0, 0, 0, 0, -3,
    0, -24, 0, 0, 0, 0, 0, 0,
    0, 0, 0, 0, 0, 0, 0, 0,
    0, -2, 0, -14, 0, 0, 0, 0,
    0, 0, 0, 0, 0, 0, 0, 0,
    0, 0, 0, 0, 0, 0, 0, 0,
    0, 0, -3, 0, 0, 0, 0, 0,
    0, 0, 0, 0, 0, 0, 0, 0,
    0, 0, 0, 0, 0, 0, -18, 0,
    0, 0, 0, 0, 0, 0, 0, 0,
    0, 0, 0, 0, 0, 0, 0, -26,
    0, 0, 0, 0, 0, 0, 0, 0,
    0, 0, 0, 0, -26, 0, 0, 0,
    0, 0, 0, -33, 0, -26, 0, 0,
    0, -72, 0, -9, 0, 0, -10, -33,
    -6, 11, -8, -6, -19, -52, 0, 0,
    0, 0, -91, 0, 0, -29, -36, 0,
    0, 0, 0, 0, 0, 0, 0, -82,
    0, 0, 0, 0, 0, 0, 0, 0,
    0, 0, 0, 0, 0, 0, 0, 0,
    0, 0, 0, 0, 0, 0, 0, 0,
    0, 0, 0, 0, -36, 0, 0, 0,
    0, 0, 0, 0, 0, 0, 0, 0,
    -26, 0, 0, 0, 0, 0, 0, 0,
    0, 0, 0, 0, 0, 0, 0, 0,
    0, 0, 0, 0, 0, 0, 0, 0,
    0, 0, 0, 0, 0, 0, 0, -39,
    0, 0, 0, 0, 0, 0, 0, 0,
    0, 0, 0, -33, 0, 0, 0, 0,
    0, 0, 0, 0, 0, 0, 0, 0,
    0, 0, 0, 0, 0, 0, 0, 0,
    0, 0, -42, 0, 0, 0, 0, 0,
    0, 0, -42, 0, 0, 0, 0, 0,
    0, 0, 0, 0, 0, 0, -55, 0,
    0, 0, 0, 0, 0, 0, 0, 0,
    0, 0, 0, 0, 0, -25, -23, 0,
    0, 0, 0, 0, 0, 0, 0, 0,
    0, 0, 0, 0, 0, -22, -23, 0,
    0, 0, 0, 0, -3, 0, 0, 0,
    0, -19, 0, -23, 0, 0, 0, 0,
    0, -46, 0, -6, 0, 0, -51, -19,
    0, 8, 0, -26, 0, 0, 0, 0,
    0, 0, 0, 0, -15, -29, -36, -23,
    -28, 0, 0, -19, -9, -19, -19, -41,
    0, -29, -19, 0, -24, -33, 0, 0,
    0, -42, 0, 0, 0, 0, 0, 0,
    0, -39, 0, 0, 0, -26, -62, 0,
    -26, -33, -26, 0, -26, -26, 0, 0,
    0, 0, -23, -46, 0, 19, 0, 0,
    0, 0, 0, 0, -26, 0, 0, -23,
    0, 0, 0, 0, 0, 0, 0, 0,
    0, 0, 0, 0, 0, 0, 0, 0,
    0, 0, 0, 0, 0, 0, 0, 0,
    0, 0, 0, 0, 0, 0, -19, 0,
    0, 0, 0, 0, 0, 0, 0, 0,
    0, 0, -19, 0, 0, 0, 0, 0,
    0, 0, -10, 0, 0, 0, -7, 0,
    0, 0, 0, 0, -19, 0, 0, 0,
    0, 0, 0, 0, 0, 0, 0, 0,
    0, -33, 0, 0, 0, 0, 0, 0,
    -6, 0, 0, 0, 0, -36, -13, 0,
    0, 0, -19, 0, 0, 0, 0, 0,
    -19, 0, 0, 0, 0, 0, 0, 0,
    0, 0, -28, 0, 0, 0, 0, 0,
    0, 0, 0, -3, 0, 0, 0, 0,
    -16, 0, 0, 0, 0, 0, 0, 0,
    0, 0, 0, 0, 0, 0, 0, 0,
    0, 0, 0, 0, 0, 0, -22, 0,
    -19, 0, 0, 0, 0, 0, 0, 0,
    0, 0, 0, -23, 0, 0, 0, 0,
    -19, 0, -22, 0, 0, -19, 0, 0,
    0, 0, 0, -29, 8, 0, 0, 0,
    0, 0, 0, 0, 0, 0, 0, 0,
    0, 0, 0, 0, 0, 0, -15, -4,
    0, 0, -15, 0, 0, 0, 0, 0,
    0, 0, -23, 0, 0, 0, 0, 0,
    0, 0, 0, -6, 0, 0, -23, 0,
    0, 0, 0, 0, 0, 0, 0, 0,
    0, 0, 0, 0, 0, 0, 0, 0,
    -23, -29, -26, 0, 0, -29, -19, 0,
    0, 0, 0, 0, 0, -36, 0, 0,
    0, 0, 0, 0, 0, 0, 0, 0,
    0, -49, 0, 0, 0, 0, 0, 0,
    0, 0, 0, 0, 0, 0, 0, 0,
    0, 0, 0, 0, 0, 0, 0, 0,
    0, 0, 0, 0, 0, 0, 0, 0,
    -60, 0, 0, 0, 0, 0, 0, 0,
    0, 0, 0, 0, -36, -19, 0, 0,
    0, 0, 0, 0, 0, 0, 0, 0,
    0, 0, 0, 0, 0, 0, 0, 0,
    0, 0, 0, 0, 0, 0, 0, 0,
    0, 0, 0, -23, 0, 0, 0, 0,
    0, 0, 0, 0, 0, 0, 0, 0,
    0, 0, 0, 0, 0, 0, 0, 0,
    0, 0, -36, 0, 0, 0, -57, -55,
    0, 0, 0, 0, -36, 0, 0, 0,
    0, 0, 0, 0, 0, 0, 0, 0,
    0, 0, -22, 0, 0, 0, 0, 0,
    0, -36, 0, 0, -49, 0, 0, 0,
    0, 0, 0, -72, 0, -39, 0, 0,
    -32, -69, -82, -26, 0, 0, 0, -55,
    0, -36, -23, 0, -33, -55, -33, 0,
    -33, 0, -23, 0, -26, -36, -49, -32,
    0, -26, -6, 0, -39, 0, 0, 0,
    0, 0, 0, 0, 0, 0, 0, 0,
    0, 0, 0, 0, 0, 0, 0, -39,
    0, 0, 0, 0, 0, 0, 0, 0,
    0, 0, 0, -21, -52, 0, 0, 0,
    0, 0, 0, 0, 0, 0, 0, 0,
    -72, -55, 0, 0, 0, 0, 0, 0,
    0, 0, 0, -23, 0, 0, 0, 0,
    0, 0, 0, 0, 0, 0, 0, 0,
    0, 0, 0, 0, 0, 0, 0, 0,
    0, 0, 0, -19, 0, 0, 0, 0,
    0, 0, 0, 0, 0, 0, 0, 0,
    0, -12, -5, -54, 0, 0, 0, 0,
    0, 0, 0, 0, -16, -51, 0, -14,
    0, -5, -12, -15, -6, 0, 0, 0,
    -51, -25, 0, 0, 0, 0, 0, 0,
    0, 0, 0, -29, 0, 0, 0, -47,
    0, -78, -105, 0
};


/*Collect the kern class' data in one place*/
static const lv_font_fmt_txt_kern_classes_t kern_classes =
{
    .class_pair_values   = kern_class_values,
    .left_class_mapping  = kern_left_class_mapping,
    .right_class_mapping = kern_right_class_mapping,
    .left_class_cnt      = 36,
    .right_class_cnt     = 43,
};

/*--------------------
 *  ALL CUSTOM DATA
 *--------------------*/

#if LVGL_VERSION_MAJOR == 8
/*Store all the custom data of the font*/
static  lv_font_fmt_txt_glyph_cache_t cache;
#endif

#if LVGL_VERSION_MAJOR >= 8
static const lv_font_fmt_txt_dsc_t font_dsc = {
#else
static lv_font_fmt_txt_dsc_t font_dsc = {
#endif
    .glyph_bitmap = glyph_bitmap,
    .glyph_dsc = glyph_dsc,
    .cmaps = cmaps,
    .kern_dsc = &kern_classes,
    .kern_scale = 16,
    .cmap_num = 6,
    .bpp = 4,
    .kern_classes = 1,
    .bitmap_format = 0,
#if LVGL_VERSION_MAJOR == 8
    .cache = &cache
#endif
};



/*-----------------
 *  PUBLIC FONT
 *----------------*/

/*Initialize a public general font descriptor*/
#if LVGL_VERSION_MAJOR >= 8
const lv_font_t font_title_36 = {
#else
lv_font_t font_title_36 = {
#endif
    .get_glyph_dsc = lv_font_get_glyph_dsc_fmt_txt,    /*Function pointer to get glyph's data*/
    .get_glyph_bitmap = lv_font_get_bitmap_fmt_txt,    /*Function pointer to get glyph's bitmap*/
    .line_height = 46,          /*The maximum line height required by the font*/
    .base_line = 9,             /*Baseline measured from the bottom of the line*/
#if !(LVGL_VERSION_MAJOR == 6 && LVGL_VERSION_MINOR == 0)
    .subpx = LV_FONT_SUBPX_NONE,
#endif
#if LV_VERSION_CHECK(7, 4, 0) || LVGL_VERSION_MAJOR >= 8
    .underline_position = -6,
    .underline_thickness = 3,
#endif
    .dsc = &font_dsc,          /*The custom font data. Will be accessed by `get_glyph_bitmap/dsc` */
#if LV_VERSION_CHECK(8, 2, 0) || LVGL_VERSION_MAJOR >= 9
    .fallback = NULL,
#endif
    .user_data = NULL,
};



#endif /*#if FONT_TITLE_36*/

